customer_id,gender,senior_citizen,partner,dependents,tenure_months,contract_type,payment_method,internet_service,tech_support,online_security,streaming_tv,paperless_billing,monthly_charges,total_charges,age,region,signup_date,churn
CUST-11236,Female,1,yes,no,52,Month-to-month,Credit card,DSL,yes,Y,NO,NO,60.74,3159.21,82,East,8/8/2019,No
CUST-13832,Male,0,No,NO,33,month-to-month,Mailed check,No,No,No,No,YES,29.07,970.79,66,central,6/20/2022,Yes
CUST-15709,Female,0,N,Y,19, Month-to-month ,Mailed check,No,No,No,No,Y,25.37,471.4,57,Central,3/20/2019,Yes
CUST-15389,Female,0,NO,Yes,64,Month-to-month,Electronic check,Fiber optic,N,Yes,No,NO,76.77,4930.38,53,North,3/15/2020,Yes
CUST-11878,Female,0,no,Yes,23,Month-to-month,Mailed check,DSL,N,No,Yes,NO,52.58,1208.44,61,South,5/4/2023,Yes
CUST-10805,Male,0,YES,N,9,Two year,Bank transfer,No,No,No,No,Yes,22.89,188.86,48,West,10/31/2019,No
CUST-15139,Male,0,yes,YES,56,Month-to-month,Mailed check,DSL,yes,Yes,N,yes,48.04,2705.2,19,North,1/26/2018,Yes
CUST-15856,Male,0,YES,NO,71,two year,Electronic check,DSL,No,YES,Yes,N,62.47,4437.57,69,Central,5/7/2020,No
CUST-14983,Male,0,Y,YES,6,month-to-month,Credit card,Fiber optic,yes,no,No,yes,90.15,550.33,26,SOUTH,3/11/2023,No
CUST-13277,Female,0,no,no,13,one year,Mailed check,No,No,No,No,Y,42.69,545.72,50,South,8/7/2020,No
CUST-11212,Male,0,N,Yes,51,One year,Electronic check,No,No,No,No,No,18.86,971.75,69,North,5/10/2019,No
CUST-10721,Male,0,Yes,No,47,Month-to-month,Bank transfer,DSL,NO,YES,Yes,N,65.73,3077.77,38,SOUTH,11/12/2018,Yes
CUST-14000,Male,0,yes,YES,25,Two year,Electronic check,Fiber optic,no,NO,no,Yes,98.87,2486.74,60,North,12/5/2017,No
CUST-11219,Female,1,yes,N,61,One year,Mailed check,Fiber optic,yes,Yes,yes,yes,92.22,5643.03,72,North,4/15/2018,Yes
CUST-15002,Male,1,NO,no,44,Month-to-month,Mailed check,Fiber optic,YES,Y,no,Y,69.44,3043.97,74,South,9/14/2022,No
CUST-11869,Female,0,N,NO,60,MONTH-TO-MONTH,Bank transfer,Fiber optic,NO,N,Y,YES,95.73,5727.2,64,Central,11/9/2017,No
CUST-14914,Male,0,No,NO,28, Month-to-month ,Mailed check,Fiber optic,N,Y,NO,NO,83.02,2340.33,62,South,8/23/2020,No
CUST-10728,Male,1,YES,Y,36,month-to-month,Bank transfer,No,No,No,No,yes,15.11,525.87,80,West,4/22/2018,No
CUST-11535,Female,0,N,Y,65,One year,Electronic check,Fiber optic,No,yes,Yes,Yes,91.11,5925.45,56,south,5/10/2022,Yes
CUST-11709,Female,0,No,Yes,48,One year,Mailed check,DSL,YES,Y,Y,Yes,57.65,2785.78,56,south,1/21/2020,No
CUST-11737,Female,0,N,yes,42,month-to-month,Bank transfer,Fiber optic,NO,no,No,yes,88.4,3729.72,41,East,6/7/2023,No
CUST-12515,Male,0,NO,Y,37,TWO YEAR,Credit card,DSL,no,Yes,No,NO,62.31,2293.53,33,CENTRAL,3/9/2017,No
CUST-12780,Male,0,Yes,Y,69,one year,Credit card,DSL,Yes,Yes,N,no,36.63,2544.15,54,North,7/3/2018,No
CUST-15973,Male,1,yes,NO,21,Month-to-month,Credit card,DSL,no,N,YES,YES,49.38,1050.32,83,West,5/18/2017,No
CUST-15897,Female,0,YES,No,56,Month-to-month,Bank transfer,No,No,No,No,Yes,25.11,1421.34,21,South,12/10/2018,No
CUST-13491,Female,0,N,N,55,Month-to-month,Mailed check,Fiber optic,NO,Yes,No,no,88.34,4873.93,25,South,10/18/2022,No
CUST-11418,Male,1,no,NO,1,One year,Mailed check,Fiber optic,yes,Y,No,no,91.61,77.19,84,WEST,3/23/2019,Yes
CUST-14178,Male,0,Yes,no,64,TWO YEAR,Credit card,No,No,No,No,no,37.88,2414.71,65,West,5/17/2023,No
CUST-12055,Male,0,no,Y,42,ONE YEAR,Credit card,DSL,No,Y,No,No,65.3,2754.13,32, West ,1/24/2018,No
CUST-12135,Male,0,no,Yes,34,Month-to-month,Electronic check,Fiber optic,yes,N,YES,N,79.61,2704.37,25,North,7/4/2017,Yes
CUST-11576,Female,0,Yes,NO,32,MONTH-TO-MONTH,Credit card,No,No,No,No,Yes,37.88,1209.46,23,Central,10/17/2018,No
CUST-15556,Female,1,No,yes,29,Month-to-month,Electronic check,No,No,No,No,N,34.14,1001.52,85,West,9/17/2022,No
CUST-14595,Male,1,YES,N,53,Month-to-month,Mailed check,DSL,No,NO,no,YES,41.47,2198.06,80,West,7/7/2020,No
CUST-14297,Male,0,YES,yes,1, One year ,Mailed check,Fiber optic,Y,Yes,YES,N,101.71,114.91,49,North,5/10/2022,Yes
CUST-14888,Male,0,yes,Yes,54,Two year,Electronic check,Fiber optic,yes,NO,No,No,65.5,3528.4,45,South,2/23/2020,No
CUST-15948,Male,0,NO,NO,34,TWO YEAR,Bank transfer,Fiber optic,no,NO,Y,Y,102.87,3493.37,31, South ,5/4/2023,No
CUST-13450,Male,1,Y,yes,49,Month-to-month,Bank transfer,Fiber optic,N,Y,NO,YES,76.8,3763.93,75,Central,5/3/2020,Yes
CUST-12099,Male,0,Yes,No,3,Two year,Bank transfer,Fiber optic,YES,Yes,YES,N,93.72,277.18,40,Central,12/3/2022,No
CUST-12465,Female,0,yes,Y,-3,Two year,Electronic check,Fiber optic,N,Yes,N,NO,95.91,1646.63,62,West,2/28/2022,Yes
CUST-15145,Male,0,No,yes,51,Month-to-month,Mailed check,No,No,No,No,N,17.39,894.98,36,North,12/17/2020,Yes
CUST-10186,Male,1,yes,no,72,One year,Mailed check,Fiber optic,No,NO,N,no,92.74,6679.28,80,East,2/23/2022,No
CUST-12679,Male,0,Y,No,69,Month-to-month,Mailed check,No,No,No,No,Y,27.33,1865.79,55,East,12/12/2018,No
CUST-13938,Female,0,No,no,45,MONTH-TO-MONTH,Bank transfer,DSL,Yes,N,N,NO,47.85,2159.9,38,central,9/4/2019,No
CUST-14326,Female,0,No,N,54,month-to-month,Electronic check,Fiber optic,Yes,NO,N,N,97.64,5269.28,24,SOUTH,8/25/2022,Yes
CUST-13227,Female,0,YES,NO,27,MONTH-TO-MONTH,Mailed check,DSL,NO,no,YES,N,61.72,1682.73,25,South,4/25/2018,No
CUST-15276,Male,1,No,N,9,Month-to-month,Credit card,No,No,No,No,yes,11.9,107.31,82,South,1/10/2020,Yes
CUST-13247,Female,1,no,No,63,month-to-month,Mailed check,Fiber optic,NO,yes,Y,YES,101.15,6377.91,78,SOUTH,10/29/2019,No
CUST-12024,Male,0,yes,yes,71,Two year,Electronic check,Fiber optic,Y,no,Yes,N,93.56,6632.38,58,West,2/27/2023,No
CUST-15997,Female,0,NO,Yes,44,MONTH-TO-MONTH,Credit card,Fiber optic,Y,Yes,NO,Y,76.88,3395.89,52,Central,7/8/2020,No
CUST-14809,Male,0,yes,Yes,56,MONTH-TO-MONTH,Bank transfer,Fiber optic,Yes,Yes,Y,N,107.95,6043.61,60,East,6/27/2021,No
CUST-11797,Female,0,NO,No,38,Two year,Credit card,DSL,YES,Yes,no,YES,36.11,1365.5,66,EAST,11/13/2018,No
CUST-15407,Male,0,No,yes,43,Month-to-month,Bank transfer,DSL,NO,NO,N,NO,62.17,2692.8,27,East,8/23/2017,Yes
CUST-12053,Female,0,YES,Yes,64,Month-to-month,Electronic check,DSL,Yes,No,Yes,no,70.25,4487.05,53,NORTH,4/26/2017,No
CUST-15576,Male,0,no,N,34,Month-to-month,Bank transfer,No,No,No,No,N,16.27,548.95,23, North ,4/22/2022,No
CUST-14905,Male,0,NO,no,14,ONE YEAR,Credit card,No,No,No,No,No,13.79,181.23,51, West ,6/1/2022,No
CUST-10555,Female,0,YES,Y,57,Month-to-month,Electronic check,No,No,No,No,Y,25.49,1462.5,42,South,8/28/2019,No
CUST-15539,Female,1,Yes,N,56,Month-to-month,Credit card,DSL,no,YES,Yes,NO,68.03,3815.98,76,Central,1/7/2022,No
CUST-15633,Female,0,Yes,N,56,One year,Mailed check,Fiber optic,NO,yes,yes,Y,91.2,5125.71,25,CENTRAL,7/25/2021,No
CUST-10908,Female,1,No,Y,25,Month-to-month,Electronic check,Fiber optic,yes,Yes,yes,Y,105.6,2659.07,80,south,9/16/2023,No
CUST-12736,Male,1,N,no,4,Month-to-month,Electronic check,DSL,No,YES,no,no,44.89,170.89,77,South,12/19/2019,No
CUST-14890,Male,0,N,yes,56,TWO YEAR,Mailed check,Fiber optic,Yes,no,Yes,N,102.49,5744.5,44,West,6/21/2022,No
CUST-14945,Male,0,YES,YES,12,month-to-month,Electronic check,DSL,Yes,YES,no,Yes,52.57,618.44,36,SOUTH,12/23/2020,No
CUST-12890,Female,0,yes,yes,46,MONTH-TO-MONTH,Electronic check,Fiber optic,Y,YES,NO,No,84.22,3854.6,55,CENTRAL,5/24/2017,No
CUST-15246,Male,0,NO,no,24,month-to-month,Electronic check,No,No,No,No,No,38.64,933.14,43, North ,1/7/2019,No
CUST-15708,Female,0,N,N,13,One year,Electronic check,DSL,Yes,Yes,Y,NO,75.53,1001.15,43,East,2/5/2020,No
CUST-14265,Female,0,NO,No,29,One year,Bank transfer,Fiber optic,N,Yes,No,yes,72.13,2104.16,36,east,12/7/2022,Yes
CUST-12764,Male,0,Yes,no,70,Month-to-month,Electronic check,Fiber optic,YES,No,NO,NO,67.3,4692.88,54,central,5/4/2017,No
CUST-13778,Female,0,No,NO,49,one year,Credit card,DSL,NO,YES,no,No,53.34,2606.88,61,WEST,9/6/2023,No
CUST-12920,Female,1,no,Y,26,One year,Credit card,Fiber optic,Yes,no,YES,yes,94.08,2434.44,72,west,12/18/2018,No
CUST-11574,Male,0,NO,NO,18,One year,Credit card,No,No,No,No,Yes,34.5,634.92,22,Central,3/27/2020,No
CUST-14504,Male,0,No,no,36,two year,Bank transfer,No,No,No,No,N,18.11,663.92,69, North ,1/16/2018,No
CUST-12825,Female,0,no,no,7,One year,Mailed check,Fiber optic,no,YES,NO,Yes,76.17,551.83,63,west,12/13/2017,Yes
CUST-12514,Male,1,N,N,29,Two year,Credit card,DSL,Yes,NO,No,Yes,39.5,1162.93,79, South ,5/24/2017,No
CUST-13928,Female,0,Y,yes,36,month-to-month,Electronic check,Fiber optic,No,no,Y,Yes,104.41,3759.22,61,South,7/2/2020,Yes
CUST-12997,Female,0,YES,Y,62, Month-to-month ,Electronic check,DSL,No,N,N,No,38.02,2351.55,36,EAST,9/8/2023,No
CUST-14989,Male,0,Y,no,71, Month-to-month ,Bank transfer,Fiber optic,YES,NO,No,no,93.26,6604.6,53,EAST,5/8/2019,Yes
CUST-15293,Female,0,no,N,27,TWO YEAR,Electronic check,No,No,No,No,no,18.94,523.78,62,South,7/26/2021,No
CUST-13959,Female,0,No,no,24,Two year,Bank transfer,Fiber optic,no,no,YES,YES,83.24,2011.43,23, South ,6/26/2023,Yes
CUST-11090,Female,0,YES,No,10,MONTH-TO-MONTH,Bank transfer,Fiber optic,YES,no,no,No,82.63,842.94,59,North,12/31/2018,No
CUST-13275,Male,0,Yes,no,63,month-to-month,Electronic check,Fiber optic,YES,yes,no,Yes,66.17,4149.99,29,South,3/13/2017,No
CUST-13230,Male,1,N,N,54,One year,Credit card,Fiber optic,No,Y,NO,yes,69.62,3776.16,85,south,6/15/2020,No
CUST-13180,Female,0,Y,YES,17,MONTH-TO-MONTH,Bank transfer,Fiber optic,Yes,yes,No,Yes,65.97,1124.21,59,North,3/9/2021,Yes
CUST-14867,Female,0,NO,YES,21,month-to-month,Mailed check,DSL,N,No,N,yes,52.06,1099.92,62,EAST,10/12/2021,Yes
CUST-12612,Male,0,No,YES,7,One year,Electronic check,DSL,Yes,Yes,YES,No,71.17,493.78,36,NORTH,4/24/2020,No
CUST-11894,Male,0,Y,Yes,61,Month-to-month,Bank transfer,DSL,Y,Yes,yes,YES,46.39,2848.2,47,South,1/19/2023,No
CUST-14806,Female,0,YES,No,42,One year,Electronic check,DSL,no,no,Y,Y,77.04,3238.08,29,East,6/12/2022,No
CUST-11189,Male,0,no,N,62,One year,Credit card,No,No,No,No,no,31.55,1950,48,East,9/15/2020,No
CUST-13540,Female,0,no,YES,56,TWO YEAR,Mailed check,DSL,YES,No,Yes,N,52.96,2957.91,54,Central,3/19/2023,Yes
CUST-15267,Male,1,Y,YES,33,Month-to-month,Electronic check,Fiber optic,Yes,No,Y,NO,86.87,2865.91,75,Central,6/14/2018,No
CUST-15938,Male,0,Yes,no,8,One year,Credit card,Fiber optic,Yes,YES,Yes,Yes,80.3,630.55,41,East,5/17/2019,No
CUST-11803,Male,0,Yes,yes,28,two year,Electronic check,DSL,Y,YES,N,no,41.54,1165.05,59,east,10/6/2021,No
CUST-13409,Female,0,yes,Y,28,MONTH-TO-MONTH,Electronic check,DSL,Yes,Yes,NO,no,51.89,1448.48,29,Central,10/18/2020,No
CUST-14730,Female,0,N,N,3,One year,Mailed check,DSL,Y,yes,YES,YES,75.92,227.18,57,North,7/17/2018,Yes
CUST-11706,Female,0,YES,NO,38,One year,Mailed check,DSL,N,no,yes,Y,63.08,2377.07,51,West,11/9/2022,No
CUST-11857,Male,0,N,YES,57,MONTH-TO-MONTH,Bank transfer,No,No,No,No,Y,17.51,980.3,21,south,5/20/2018,Yes
CUST-12446,Male,1,Yes,no,60,MONTH-TO-MONTH,Credit card,No,No,No,No,Y,39.71,2373.35,80,East,9/24/2023,No
CUST-14340,Female,0,YES,Y,56,Month-to-month,Bank transfer,DSL,Y,no,Y,yes,45,2529.49,55,South,5/10/2023,Yes
CUST-10508,Male,0,YES,yes,56,one year,Electronic check,Fiber optic,no,NO,Yes,NO,105.08,5874.51,29,North,12/29/2019,No
CUST-10261,Male,0,Y,NO,38,Month-to-month,Mailed check,DSL,no,NO,N,NO,65.33,2495.47,49,East,8/21/2018,No
CUST-10093,Female,0,N,NO,56,Month-to-month,Mailed check,DSL,no,yes,NO,Y,68.87,3868,38,EAST,9/14/2019,No
CUST-13715,Female,1,Y,Yes,58,Two year,Bank transfer,Fiber optic,no,YES,yes,Y,81.63,4735.89,71,central,11/6/2018,Yes
CUST-10079,Male,0,Yes,No,8,Two year,Credit card,DSL,yes,N,Y,Y,58.15,472.51,60,north,11/15/2017,No
CUST-12105,Female,0,Yes,Yes,44, Month-to-month ,Electronic check,DSL,YES,Y,Y,N,77.41,3413.04,63,North,12/7/2021,No
CUST-12769,Male,0,YES,yes,22,Month-to-month,Electronic check,Fiber optic,Yes,Yes,yes,NO,82.69,1810.85,18,West,7/1/2018,No
CUST-13642,Male,0,no,NO,6,two year,Electronic check,Fiber optic,Y,N,NO,Y,68.34,402.74,55,south,8/26/2018,No
CUST-11076,Male,0,No,no,34,two year,Electronic check,Fiber optic,Y,N,No,NO,65.33,2203.85,62,south,12/12/2019,No
CUST-14727,Female,1,NO,NO,58,Month-to-month,Bank transfer,Fiber optic,Y,YES,No,Yes,73.07,4246.91,81,North,1/13/2021,Yes
CUST-13333,Female,0,N,Yes,71,month-to-month,Mailed check,DSL,NO,Yes,No,YES,48.9,3473.86,24,Central,3/7/2021,No
CUST-10510,Male,1,Y,No,28,One year,Electronic check,Fiber optic,Y,N,Y,yes,98.9,2773.7,81,West,10/26/2018,No
CUST-15044,Female,0,No,YES,69,one year,Electronic check,Fiber optic,Yes,Yes,Y,No,98.48,6804.04,22,West,1/3/2020,No
CUST-13733,Female,0,Yes,no,15,Month-to-month,Mailed check,Fiber optic,Yes,Yes,No,no,72.26,1102.74,62,South,7/20/2018,Yes
CUST-15054,Female,1,no,NO,66,Two year,Credit card,Fiber optic,Y,Y,no,no,88.45,5833.22,83,Central,3/5/2023,No
CUST-14279,Female,0,yes,NO,3,Month-to-month,Electronic check,Fiber optic,Yes,Yes,Y,NO,91.94,265.37,37,East,10/4/2018,No
CUST-14791,Male,1,N,NO,6,Month-to-month,Electronic check,DSL,no,no,NO,YES,35.39,194.17,71,South,8/13/2019,Yes
CUST-11614,Male,0,Y,no,50,two year,Credit card,DSL,YES,YES,no,no,65.07,3234.55,38,East,12/1/2018,No
CUST-12303,Male,0,Y,No,32,MONTH-TO-MONTH,Mailed check,No,No,No,No,YES,24.98,785.97,27,West,11/30/2017,Yes
CUST-13632,Female,1,Y,Yes,66,Two year,Mailed check,Fiber optic,No,Y,Y,no,109.65,7228.65,77,East,5/6/2020,No
CUST-12657,Male,0,NO,N,53,Month-to-month,Bank transfer,Fiber optic,N,NO,Yes,Yes,87.48,4622.09,28,West,12/14/2020,No
CUST-10144,Female,0,No,yes,0,Month-to-month,Bank transfer,Fiber optic,Yes,yes,Y,yes,81.56,,43,EAST,7/2/2021,No
CUST-10997,Male,0,YES,no,19,Month-to-month,Bank transfer,Fiber optic,No,YES,yes,Yes,97.03,1857.29,150,North,5/21/2018,No
CUST-10808,Female,0,N,Y,2,Month-to-month,Bank transfer,Fiber optic,NO,N,N,YES,67.26,118.59,47,North,8/21/2021,Yes
CUST-11299,Male,0,N,yes,45,Two year,Bank transfer,Fiber optic,NO,No,yes,YES,108.18,4865.02,66, North ,5/3/2018,Yes
CUST-15093,Female,0,Y,No,42,Month-to-month,Bank transfer,Fiber optic,N,no,No,No,83.18,3499.17,36,WEST,5/25/2017,Yes
CUST-12324,Male,0,Y,Yes,37,Month-to-month,Mailed check,No,No,No,No,Y,43.25,1608.59,61,North,11/6/2020,No
CUST-14528,Male,0,no,N,69,one year,Mailed check,DSL,Yes,Y,no,yes,52.79,3641.26,48,Central,12/11/2022,No
CUST-10543,Male,0,YES,Y,4,Month-to-month,Credit card,DSL,Yes,No,N,yes,51.21,212.73,42,CENTRAL,11/29/2017,Yes
CUST-11006,Female,0,Y,N,36,month-to-month,Bank transfer,Fiber optic,N,Yes,Yes,no,75.16,2716.24,69,Central,4/26/2017,Yes
CUST-15035,Female,0,no,No,18,two year,Mailed check,DSL,Y,N,YES,Yes,56.21,1005.95,68,SOUTH,6/5/2019,No
CUST-13946,Male,0,Y,NO,46,one year,Credit card,DSL,yes,No,YES,YES,50.7,2327.48,41,West,3/25/2020,No
CUST-10494,Female,0,Yes,yes,35,Month-to-month,Mailed check,No,No,No,No,no,40.63,1419.66,69,North,7/1/2021,Yes
CUST-12958,Female,0,no,Y,51,Month-to-month,Mailed check,Fiber optic,No,No,no,YES,68.09,3487.7,21,EAST,3/19/2019,No
CUST-13618,Male,0,yes,no,57,month-to-month,Credit card,Fiber optic,NO,Yes,Y,YES,76.31,4364.05,30,North,2/14/2021,No
CUST-15680,Female,0,YES,yes,10,Two year,Credit card,DSL,Y,NO,No,yes,58.77,601.82,56,West,7/25/2019,No
CUST-14165,Male,0,No,N,61,Month-to-month,Credit card,No,No,No,No,no,18.47,1142.75,67,NORTH,7/21/2020,No
CUST-10994,Female,0,NO,No,70,ONE YEAR,Electronic check,No,No,No,No,No,25.14,1759.5,58,west,5/28/2020,No
CUST-12534,Female,0,No,No,55,month-to-month,Mailed check,Fiber optic,Yes,N,No,no,69.32,3829.76,30,South,2/18/2021,Yes
CUST-10591,Female,0,N,YES,57,Two year,Electronic check,Fiber optic,Yes,YES,no,YES,83.94,4790.87,62,South,11/6/2023,No
CUST-11787,Female,1,Y,no,24, Two year ,Mailed check,Fiber optic,Yes,no,Yes,Y,83.37,1994.52,74,North,9/17/2020,No
CUST-13364,Male,0,no,YES,11,month-to-month,Mailed check,Fiber optic,No,no,no,YES,80.12,868.23,34,North,5/1/2022,No
CUST-12652,Female,0,Y,Yes,62,month-to-month,Bank transfer,Fiber optic,N,No,Y,N,109.86,6804.27,20,south,12/28/2021,Yes
CUST-10663,Male,1,YES,No,69,Month-to-month,Electronic check,No,No,No,No,yes,13.39,907.09,78,South,4/13/2019,No
CUST-11335,Female,0,yes,Y,39,Month-to-month,Mailed check,Fiber optic,yes,NO,Y,yes,99.81,3900.03,29,South,12/31/2022,Yes
CUST-11396,Male,1,NO,NO,10,Month-to-month,Bank transfer,Fiber optic,YES,Y,NO,N,73.8,730.86,77,east,5/15/2017,Yes
CUST-13070,Male,1,NO,YES,31,ONE YEAR,Credit card,No,No,No,No,YES,27.26,851.96,80,Central,6/12/2020,Yes
CUST-15996,Female,0,N,yes,12,Two year,Mailed check,DSL,Yes,Yes,N,no,42.37,511.54,52,South,7/2/2017,No
CUST-13017,Male,0,Y,yes,3,Month-to-month,Bank transfer,DSL,YES,YES,Y,no,73.71,221.13,64,west,6/4/2022,No
CUST-14227,Female,1,N,yes,32, Month-to-month ,Credit card,Fiber optic,Yes,No,Yes,NO,90.38,2895.41,76,CENTRAL,5/13/2017,Yes
CUST-14502,Female,1,no,Yes,16,Month-to-month,Bank transfer,Fiber optic,Y,no,N,No,95.22,1529.81,83,West,10/16/2022,Yes
CUST-11701,Female,0,no,Y,17,Month-to-month,Bank transfer,Fiber optic,NO,Yes,Y,Y,108.58,1835.34,47,north,12/29/2017,No
CUST-11286,Male,0,No,NO,32,TWO YEAR,Mailed check,DSL,YES,Yes,no,no,44.67,1424.76,21,North,2/7/2020,No
CUST-12238,Female,0,Yes,Yes,70,One year,Mailed check,No,No,No,No,Yes,19.02,1334.54,49,west,11/4/2022,No
CUST-11043,Male,0,N,Yes,6,month-to-month,Bank transfer,Fiber optic,yes,NO,Yes,NO,99.3,595.15,29, Central ,12/20/2019,Yes
CUST-15732,Male,0,No,Y,59,ONE YEAR,Mailed check,No,No,No,No,No,34.04,2026.61,43,East,1/8/2019,Yes
CUST-14925,Female,1,YES,No,21,One year,Electronic check,DSL,Y,No,NO,Yes,57.75,1206.69,74,South,8/15/2019,No
CUST-15985,Male,0,yes,Yes,1,Month-to-month,Mailed check,Fiber optic,YES,Y,Y,YES,85.03,74.38,22,North,1/29/2022,No
CUST-14238,Male,0,Yes,N,51,One year,Mailed check,DSL,yes,Yes,Y,yes,56.01,2855.03,25,North,11/25/2018,No
CUST-14701,Female,0,yes,no,49,Month-to-month,Credit card,No,No,No,No,No,33.96,1647.5,59,central,12/3/2018,No
CUST-15434,Female,1,NO,yes,32,Month-to-month,Electronic check,DSL,Y,N,N,NO,61.61,1965.15,80,West,11/25/2021,No
CUST-12927,Male,1,Yes,Y,72,Two year,Bank transfer,Fiber optic,YES,yes,Y,no,76.22,5493.45,-5,WEST,3/4/2018,Yes
CUST-15567,Female,0,N,no,71,One year,Electronic check,Fiber optic,YES,Yes,no,Y,87.49,6211.37,57,central,3/1/2018,No
CUST-11833,Female,0,Y,Yes,43,Two year,Bank transfer,No,No,No,No,N,23.83,1016.88,48,north,3/8/2023,Yes
CUST-15037,Female,1,N,Y,63,Two year,Mailed check,No,No,No,No,YES,43.54,2736.49,74,West,8/23/2021,No
CUST-12888,Female,0,N,no,53,TWO YEAR,Electronic check,Fiber optic,yes,N,No,NO,88.41,4703.38,39,East,8/4/2023,No
CUST-12143,Female,0,No,NO,8,ONE YEAR,Electronic check,Fiber optic,N,YES,YES,Y,93.88,761.19,40,North,5/24/2017,No
CUST-11032,Male,0,Y,yes,45,Two year,Credit card,Fiber optic,NO,no,N,YES,95.26,4297.07,43,East,12/28/2017,No
CUST-12252,Female,0,YES,NO,50,MONTH-TO-MONTH,Mailed check,No,No,No,No,YES,11.39,574.89,61,NORTH,7/28/2020,Yes
CUST-10890,Female,0,yes,No,69,Month-to-month,Electronic check,No,No,No,No,N,28,1926.11,22, Central ,4/29/2020,Yes
CUST-14835,Female,0,Y,No,5,Month-to-month,Mailed check,Fiber optic,YES,yes,Y,YES,109.33,554.77,59,West,5/23/2019,Yes
CUST-15822,Female,0,no,No,66,MONTH-TO-MONTH,Mailed check,DSL,NO,Yes,NO,yes,43.36,2879.67,19,West,2/1/2022,Yes
CUST-10749,Female,0,Yes,YES,13,Month-to-month,Electronic check,DSL,no,yes,no,yes,47.23,601.46,65, West ,3/11/2017,Yes
CUST-11774,Male,0,NO,no,71,TWO YEAR,Bank transfer,Fiber optic,NO,NO,yes,N,81.78,5821.72,30,West,1/27/2021,No
CUST-14833,Female,0,No,YES,27,month-to-month,Mailed check,Fiber optic,No,Y,Yes,Yes,99.42,2693.85,64,North,5/29/2022,Yes
CUST-14974,Female,1,NO,Y,8,Month-to-month,Credit card,No,No,No,No,N,19,152.98,72,CENTRAL,2/15/2023,Yes
CUST-10768,Female,1,Yes,no,13,Month-to-month,Electronic check,Fiber optic,Y,no,YES,YES,101.06,1315.32,70,east,9/16/2018,Yes
CUST-14575,Male,0,yes,NO,52,Month-to-month,Mailed check,Fiber optic,yes,Y,N,NO,94.3,4893.69,50,NORTH,4/9/2021,No
CUST-15373,Female,1,Y,Y,62,TWO YEAR,Mailed check,DSL,No,NO,N,N,47.58,2951.44,74,NORTH,8/31/2019,No
CUST-10690,Female,0,YES,YES,50,Month-to-month,Mailed check,Fiber optic,Yes,NO,NO,Y,87.01,4342.88,19,North,3/11/2017,Yes
CUST-15052,Male,0,yes,N,5,MONTH-TO-MONTH,Electronic check,Fiber optic,YES,Yes,yes,no,97.02,495.75,26,South,11/8/2019,No
CUST-12829,Female,0,Y,Y,61,month-to-month,Mailed check,Fiber optic,YES,Yes,yes,Y,103.05,6294.89,49,Central,12/18/2017,Yes
CUST-11669,Female,1,yes,Y,69,One year,Credit card,Fiber optic,yes,no,N,No,89.62,6202.75,76,West,3/13/2020,No
CUST-13752,Female,0,YES,no,63,TWO YEAR,Bank transfer,Fiber optic,yes,Y,no,Yes,77.26,4878.88,35,East,9/6/2023,No
CUST-12015,Male,1,Yes,Y,72,Month-to-month,Credit card,DSL,No,No,no,N,65.83,4740.99,76,WEST,8/27/2019,No
CUST-11176,Female,0,NO,yes,62,ONE YEAR,Mailed check,DSL,Y,yes,N,Yes,44.11,2735.36,18,east,3/3/2018,No
CUST-10290,Male,0,yes,Y,14,Month-to-month,Bank transfer,Fiber optic,Y,yes,No,Yes,73.62,1032.87,68,North,7/6/2022,Yes
CUST-11765,Male,0,NO,NO,39,Two year,Bank transfer,Fiber optic,NO,Yes,YES,yes,95.87,3748.99,55,North,6/12/2023,Yes
CUST-10770,Male,1,No,Yes,17,MONTH-TO-MONTH,Credit card,DSL,YES,N,Y,Y,47.76,819.53,82,CENTRAL,7/19/2017,Yes
CUST-10224,Female,0,N,N,61,month-to-month,Electronic check,Fiber optic,Y,YES,YES,Yes,87.79,5369.32,39,East,1/7/2023,No
CUST-13024,Male,0,YES,no,4,Month-to-month,Electronic check,DSL,yes,no,N,Y,59.18,224.04,54,East,3/29/2018,No
CUST-11202,Female,0,NO,Y,27,One year,Mailed check,Fiber optic,No,NO,Yes,N,90.29,2454.57,23,East,9/19/2017,No
CUST-10741,Female,1,No,NO,24,ONE YEAR,Credit card,Fiber optic,no,yes,YES,YES,81.47,1972.13,85,East,5/5/2020,Yes
CUST-13857,Male,0,YES,YES,68,Two year,Mailed check,Fiber optic,no,Y,N,Y,82.61,5601.45,69,North,11/29/2019,Yes
CUST-11750,Female,0,Y,no,58,TWO YEAR,Electronic check,Fiber optic,yes,NO,NO,No,92.86,5395.72,21,East,10/17/2019,No
CUST-15435,Female,0,yes,Y,18,Month-to-month,Mailed check,No,No,No,No,no,11.9,230.16,50,WEST,2/21/2020,No
CUST-14543,Male,0,Y,yes,20,Month-to-month,Electronic check,Fiber optic,NO,No,NO,NO,82.95,1673.67,39,Central,4/15/2021,Yes
CUST-13955,Male,0,Yes,NO,10,MONTH-TO-MONTH,Electronic check,DSL,YES,no,No,YES,39.15,379,34,Central,12/6/2021,No
CUST-13321,Male,0,No,No,19,Month-to-month,Mailed check,No,No,No,No,YES,42.52,820.69,46,West,10/25/2022,Yes
CUST-11536,Male,0,Y,Yes,27,month-to-month,Bank transfer,No,No,No,No,No,24.86,678.78,62,south,8/14/2022,Yes
CUST-12880,Male,1,no,YES,31,Month-to-month,Credit card,Fiber optic,yes,No,Yes,N,84.96,2628.31,72,West,3/1/2018,Yes
CUST-13913,Male,1,Yes,No,7, Month-to-month ,Electronic check,Fiber optic,NO,Yes,no,No,82.23,566.45,83,Central,11/22/2020,No
CUST-13285,Female,1,No,N,28,MONTH-TO-MONTH,Credit card,Fiber optic,Yes,Yes,YES,YES,78.52,2178.93,73,West,4/16/2019,No
CUST-12850,Female,0,N,YES,68,One year,Bank transfer,No,No,No,No,N,24.32,1633.84,54,Central,4/29/2021,No
CUST-11421,Male,0,yes,N,40, Two year ,Bank transfer,DSL,no,Yes,Yes,Y,63.55,2526.43,59,South,1/6/2022,No
CUST-12261,Female,0,no,Y,64,Two year,Electronic check,DSL,NO,Y,Y,N,76.24,4862.14,29,South,8/20/2023,Yes
CUST-13354,Male,0,Yes,yes,58,Month-to-month,Credit card,No,No,No,No,N,16.05,933.01,63,Central,3/2/2022,Yes
CUST-15473,Female,0,no,Yes,70,Month-to-month,Mailed check,DSL,no,N,yes,No,78.8,5509.43,55,south,6/22/2018,No
CUST-11482,Male,0,yes,N,12,Month-to-month,Mailed check,No,No,No,No,No,11.74,125.97,33,South,6/27/2021,No
CUST-11919,Female,0,N,N,51,Two year,Credit card,No,No,No,No,YES,10.81,560.07,42,Central,2/15/2019,No
CUST-13977,Male,0,No,Y,27,ONE YEAR,Credit card,DSL,NO,Yes,NO,YES,40.81,1100.47,61,South,6/27/2017,No
CUST-10621,Male,0,yes,N,68,Two year,Electronic check,Fiber optic,Y,YES,N,N,73.19,4973.96,32,central,11/14/2017,Yes
CUST-10375,Female,0,Y,No,25,TWO YEAR,Electronic check,Fiber optic,N,Y,YES,NO,84.37,2115.6,37,WEST,4/9/2019,Yes
CUST-13412,Female,0,YES,Yes,47,Month-to-month,Bank transfer,Fiber optic,NO,N,yes,NO,85.71,4017.31,63,North,1/9/2022,No
CUST-11215,Female,0,Y,YES,48,TWO YEAR,Bank transfer,Fiber optic,Y,Y,No,Y,78.54,3780.67,52,East,6/12/2019,No
CUST-14941,Female,0,No,NO,48,One year,Credit card,No,No,No,No,Yes,31.3,1522.16,54,north,1/16/2021,Yes
CUST-10694,Male,0,NO,no,69,MONTH-TO-MONTH,Mailed check,No,No,No,No,NO,15.13,1038.42,22,Central,7/19/2023,No
CUST-10556,Female,0,Y,no,47,Month-to-month,Electronic check,Fiber optic,N,Y,YES,YES,83.71,3926,32,North,8/31/2019,Yes
CUST-14522,Female,1,No,N,35,One year,Mailed check,No,No,No,No,Y,43.36,1526.47,78,East,1/7/2023,No
CUST-14476,Female,0,N,NO,46,One year,Electronic check,Fiber optic,Y,no,Yes,No,75.85,3472.8,22,North,7/8/2022,No
CUST-10390,Female,1,N,Yes,31,Two year,Mailed check,DSL,NO,Yes,Y,Yes,52.7,1646.66,78,East,5/14/2018,No
CUST-10193,Female,0,Y,Y,65, Two year ,Electronic check,No,No,No,No,Yes,16.52,1073.83,47,South,8/19/2017,Yes
CUST-11733,Female,1,NO,Y,40, Month-to-month ,Electronic check,No,No,No,No,Yes,32.41,1277.51,80,WEST,9/30/2021,Yes
CUST-14604,Male,0,no,No,70,Month-to-month,Credit card,No,No,No,No,NO,39.63,2755.55,30,Central,12/2/2022,No
CUST-15136,Male,1,YES,Yes,26,Month-to-month,Mailed check,Fiber optic,Yes,NO,NO,Y,65.79,1722.45,74,south,4/11/2021,No
CUST-15301,Female,0,No,N,25,One year,Bank transfer,Fiber optic,YES,No,no,YES,96.82,2412.52,18,EAST,2/14/2023,Yes
CUST-11182,Female,0,no,yes,64,Month-to-month,Electronic check,DSL,No,N,YES,YES,69.4,4434.36,29,West,4/17/2021,Yes
CUST-15088,Female,0,Yes,Yes,40,Month-to-month,Electronic check,Fiber optic,no,Y,no,yes,88,3510.14,62,Central,10/25/2021,Yes
CUST-10496,Male,1,No,N,68,Month-to-month,Mailed check,Fiber optic,no,Yes,Y,Y,77.26,5273.51,70,East,8/22/2017,No
CUST-12082,Female,0,Y,No,0,One year,Electronic check,No,No,No,No,No,41.4,,33,east,9/10/2017,Yes
CUST-10409,Female,0,Y,no,29,MONTH-TO-MONTH,Electronic check,DSL,No,No,no,No,36.98,1069.96,36,South,6/6/2023,No
CUST-11161,Female,0,yes,yes,9,Two year,Mailed check,DSL,NO,N,Y,no,68.71,608.86,38,East,5/21/2017,No
CUST-13075,Male,0,N,No,70,Month-to-month,Bank transfer,No,No,No,No,yes,21.56,1527.79,55,North,9/8/2017,Yes
CUST-14606,Female,0,Y,No,56,Month-to-month,Electronic check,Fiber optic,No,yes,Yes,No,80.1,4491.27,69,South,4/4/2023,No
CUST-15082,Male,1,Yes,NO,46,Month-to-month,Credit card,Fiber optic,Y,No,Yes,NO,96.1,4409.58,78,West,7/16/2017,No
CUST-15595,Male,0,NO,Yes,41,Two year,Credit card,DSL,Y,no,Y,YES,52.41,2157.53,21,West,12/25/2018,No
CUST-13961,Female,0,no,Yes,1,Month-to-month,Mailed check,Fiber optic,yes,Yes,yes,yes,91.62,101.75,25,WEST,10/2/2022,No
CUST-15493,Female,1,No,NO,72,MONTH-TO-MONTH,Credit card,Fiber optic,NO,Yes,no,YES,86.02,6197.16,80,WEST,4/17/2021,No
CUST-12048,Female,0,Yes,Y,10,Month-to-month,Mailed check,DSL,yes,no,N,Y,64.73,664.27,56,North,12/1/2023,Yes
CUST-11452,Female,0,N,Yes,37,month-to-month,Electronic check,Fiber optic,N,yes,N,YES,75.92,2827.07,43,East,4/26/2021,Yes
CUST-14639,Male,0,Y,No,21,One year,Mailed check,No,No,No,No,Yes,28.94,595.94,27,south,6/24/2018,No
CUST-15191,Male,0,N,yes,17, One year ,Mailed check,DSL,No,N,no,No,63.15,1070.37,42,South,12/7/2017,No
CUST-13506,Female,0,YES,yes,54,Month-to-month,Bank transfer,DSL,YES,NO,Yes,No,78.96,4280.76,50,South,9/4/2020,Yes
CUST-11368,Male,0,Yes,Yes,38,Month-to-month,Bank transfer,DSL,NO,No,yes,YES,72.28,2729.07,39,North,8/12/2023,No
CUST-15600,Female,0,YES,N,71,One year,Bank transfer,DSL,Y,NO,N,yes,49.42,3497.96,69,East,5/22/2022,No
CUST-13738,Male,0,Yes,Yes,57,one year,Mailed check,Fiber optic,no,yes,N,NO,68.15,3870.18,18,South,1/26/2021,No
CUST-14530,Female,0,N,no,64,ONE YEAR,Credit card,DSL,no,yes,N,yes,35.51,2281.47,45,Central,7/20/2020,No
CUST-11001,Female,0,No,YES,31,Two year,Bank transfer,DSL,N,Yes,Y,NO,59.58,1837.94,57,east,6/17/2017,No
CUST-12809,Male,0,Yes,yes,45,Two year,Bank transfer,DSL,N,N,Yes,Y,71.02,3212.5,38,south,6/16/2021,Yes
CUST-15565,Male,0,NO,no,20,Month-to-month,Bank transfer,No,No,No,No,Yes,10.63,195.82,41, North ,10/31/2019,Yes
CUST-11480,Male,0,YES,Yes,40,Month-to-month,Bank transfer,Fiber optic,no,No,no,Yes,92.74,3691.75,61,Central,1/20/2023,Yes
CUST-11916,Female,1,YES,Y,36,Two year,Mailed check,DSL,No,Y,NO,Yes,40.96,1484.5,74,North,10/21/2022,No
CUST-12393,Female,0,yes,NO,37,Two year,Bank transfer,No,No,No,No,YES,44.93,1679.29,34,SOUTH,11/24/2022,No
CUST-14005,Male,0,Yes,NO,71,Month-to-month,Credit card,Fiber optic,Y,No,no,No,97.25,6898,32,CENTRAL,1/14/2022,No
CUST-11127,Male,0,N,no,59,month-to-month,Bank transfer,Fiber optic,no,Y,NO,no,82.97,4904.59,53,Central,3/6/2018,No
CUST-13982,Female,0,Yes,NO,49,MONTH-TO-MONTH,Bank transfer,Fiber optic,YES,yes,YES,Y,101.57,4984.75,41, South ,8/3/2017,No
CUST-15375,Male,0,Yes,YES,51,Two year,Electronic check,Fiber optic,No,No,no,N,88.82,4529.15,20,Central,8/6/2021,No
CUST-15937,Male,1,YES,NO,57,Two year,Electronic check,DSL,Y,no,NO,N,56.45,3234.63,74,South,5/2/2022,No
CUST-14994,Female,0,Yes,NO,45,One year,Bank transfer,DSL,NO,N,no,NO,43.28,1931.44,45,Central,2/13/2021,No
CUST-10593,Male,0,yes,YES,58,Month-to-month,Credit card,DSL,Yes,no,YES,N,50.39,2905.15,28,North,8/10/2018,Yes
CUST-10804,Male,0,Y,no,25,month-to-month,Bank transfer,No,No,No,No,yes,34.6,872.79,57,East,11/19/2017,No
CUST-12123,Female,1,YES,no,22,One year,Mailed check,DSL,yes,yes,Y,no,64.47,1435.7,72,central,1/25/2021,No
CUST-13026,Male,0,NO,no,6,Month-to-month,Mailed check,Fiber optic,YES,yes,yes,NO,79.41,461.29,48,Central,5/11/2021,No
CUST-14059,Male,0,No,Yes,31,Month-to-month,Electronic check,No,No,No,No,Yes,27.64,855.1,20,Central,5/27/2018,Yes
CUST-10922,Male,1,No,NO,59,One year,Electronic check,DSL,No,Yes,Y,NO,56.1,3326.25,72,Central,7/13/2021,No
CUST-14015,Female,0,Yes,No,47,Month-to-month,Bank transfer,DSL,NO,no,NO,YES,55.34,2593.82,44,North,7/5/2021,No
CUST-15553,Female,0,Y,no,65,month-to-month,Credit card,No,No,No,No,Yes,25.15,1638.92,52,EAST,6/4/2019,Yes
CUST-15949,Male,0,no,no,37,month-to-month,Electronic check,Fiber optic,Y,yes,NO,YES,74.55,2751.92,42,North,10/1/2021,No
CUST-12347,Female,0,Yes,Yes,42,Month-to-month,Mailed check,No,No,No,No,YES,13.93,601.49,35,east,7/2/2023,No
CUST-14995,Female,0,NO,no,48,Month-to-month,Credit card,Fiber optic,NO,N,Y,no,78.9,3800.2,30,South,9/13/2017,No
CUST-11340,Male,1,Yes,YES,64,MONTH-TO-MONTH,Bank transfer,Fiber optic,yes,NO,Y,Yes,84.68,5416,84,central,1/30/2021,No
CUST-12867,Male,0,YES,Y,71,One year,Electronic check,Fiber optic,NO,Yes,yes,Y,102.98,7295.44,59,South,5/2/2017,Yes
CUST-13909,Male,0,yes,yes,23,Month-to-month,Electronic check,No,No,No,No,no,15.85,351.38,61,East,7/17/2021,No
CUST-14810,Female,1,yes,YES,10,month-to-month,Electronic check,Fiber optic,NO,yes,no,NO,85.23,835.81,78,East,2/23/2021,Yes
CUST-10173,Female,0,NO,Y,15,Month-to-month,Mailed check,Fiber optic,no,NO,Y,N,106.14,1587.34,36,South,9/20/2018,Yes
CUST-12509,Female,0,no,Yes,65,One year,Mailed check,DSL,no,yes,no,Y,47.97,3103.54,62,central,3/22/2018,Yes
CUST-13667,Male,1,Yes,No,42,two year,Electronic check,DSL,YES,NO,NO,no,69.93,2927.65,78,Central,6/10/2018,No
CUST-10131,Male,0,no,Y,65,Month-to-month,Electronic check,Fiber optic,yes,No,YES,NO,89.83,5834.01,40,Central,10/9/2018,Yes
CUST-10368,Male,1,YES,N,52,Two year,Mailed check,Fiber optic,NO,Y,NO,No,86.72,4515.19,77,East,8/18/2017,No
CUST-10675,Male,1,YES,yes,61,MONTH-TO-MONTH,Credit card,Fiber optic,yes,Yes,N,no,74.37,4552.75,77,South,4/11/2017,No
CUST-10195,Male,0,no,yes,54,Two year,Bank transfer,Fiber optic,yes,no,NO,no,80.05,4339.06,67, South ,4/17/2022,No
CUST-12411,Female,0,N,Y,61,Month-to-month,Bank transfer,No,No,No,No,yes,35.46,2176.65,27,West,3/25/2020,Yes
CUST-12699,Male,0,yes,Yes,70,One year,Bank transfer,Fiber optic,Y,No,No,Y,70.1,4922.25,51, Central ,5/21/2023,No
CUST-11218,Male,0,no,Yes,0,ONE YEAR,Mailed check,No,No,No,No,NO,41.12,,32,north,9/12/2022,Yes
CUST-11500,Female,0,no,Y,64,Month-to-month,Bank transfer,No,No,No,No,No,28.42,1805,25,North,9/26/2023,Yes
CUST-14891,Male,0,N,Y,19,Two year,Mailed check,Fiber optic,YES,yes,YES,No,104.02,1973.09,63, East ,10/13/2018,Yes
CUST-15662,Female,0,Y,Y,54,ONE YEAR,Bank transfer,Fiber optic,NO,Yes,YES,no,97.35,5256.62,40,North,11/25/2017,No
CUST-13589,Female,0,yes,Y,48,month-to-month,Bank transfer,DSL,YES,No,NO,YES,55.8,2667.61,57,Central,8/2/2019,No
CUST-13765,Male,1,Yes,yes,71,two year,Bank transfer,DSL,Y,Yes,yes,N,45.67,3227.87,82,South,4/13/2018,No
CUST-14277,Female,1,no,Y,61,Month-to-month,Mailed check,Fiber optic,Yes,YES,N,Yes,87.05,5315.28,74,EAST,10/17/2020,Yes
CUST-14548,Male,1,yes,Y,40,Two year,Electronic check,DSL,No,YES,No,YES,61.08,2452.51,76,South,9/29/2018,Yes
CUST-11263,Female,0,N,No,6,Two year,Bank transfer,DSL,N,N,NO,NO,42.52,251.69,32,north,1/23/2022,No
CUST-14422,Female,0,No,Yes,20,Two year,Mailed check,No,No,No,No,Y,39.26,782.5,38,East,1/8/2019,No
CUST-11103,Female,1,yes,No,56,month-to-month,Electronic check,No,No,No,No,Yes,30.08,1694.84,71,north,7/6/2023,Yes
CUST-11979,Female,0,YES,Yes,26,Month-to-month,Credit card,No,No,No,No,no,13.03,353.84,39,south,12/8/2018,Yes
CUST-13596,Female,1,Yes,No,24,Month-to-month,Bank transfer,DSL,YES,Y,N,NO,42.41,1035.39,75,South,9/24/2017,Yes
CUST-15327,Female,0,Y,Yes,36,Month-to-month,Credit card,DSL,N,NO,Yes,N,56.4,2012.28,56,South,7/14/2020,Yes
CUST-15688,Female,0,no,YES,19,Month-to-month,Credit card,DSL,No,No,YES,no,76.85,1451.6,63,EAST,10/2/2017,Yes
CUST-13381,Male,0,YES,N,18,Two year,Credit card,Fiber optic,YES,Y,yes,N,76,1387.4,64, East ,3/3/2018,No
CUST-14954,Female,0,N,yes,63,MONTH-TO-MONTH,Electronic check,Fiber optic,Yes,Yes,yes,YES,100.22,6317.05,69,East,6/21/2020,No
CUST-10623,Male,0,YES,yes,11,Two year,Bank transfer,DSL,Y,NO,yes,no,47.55,525.87,38,Central,7/21/2017,No
CUST-13999,Female,0,N,No,50,Two year,Credit card,DSL,No,Y,No,Yes,57.45,2861.34,41,North,4/11/2022,No
CUST-10453,Female,1,Y,YES,47, Month-to-month ,Electronic check,Fiber optic,No,YES,Yes,YES,100.26,4721.93,72,central,1/22/2019,No
CUST-14343,Male,1,yes,Y,26,Two year,Credit card,Fiber optic,Y,yes,Y,no,80.53,2082.42,76,EAST,3/16/2018,No
CUST-12412,Female,1,No,NO,42,Month-to-month,Bank transfer,DSL,yes,yes,No,no,64.78,2712.13,71,South,7/18/2022,No
CUST-10564,Male,1,Yes,NO,3,Month-to-month,Bank transfer,No,No,No,No,YES,19.97,41.95,73,CENTRAL,1/2/2019,Yes
CUST-14076,Female,0,no,no,17, One year ,Bank transfer,Fiber optic,no,no,NO,Yes,89.42,1534.75,37,North,5/2/2019,No
CUST-13627,Female,0,Y,YES,37,One year,Electronic check,DSL,Yes,Yes,Yes,Yes,73.83,2740.33,19,central,3/8/2023,No
CUST-14336,Female,0,N,Y,17,two year,Mailed check,No,No,No,No,no,37.62,636.97,52,South,10/30/2019,Yes
CUST-13189,Male,0,YES,no,4,month-to-month,Electronic check,Fiber optic,N,yes,N,NO,98.44,412.6,57,Central,9/10/2020,No
CUST-11975,Male,0,YES,N,36,One year,Mailed check,Fiber optic,no,no,YES,no,76.26,2759.64,39,North,2/16/2021,No
CUST-10052,Male,0,Yes,N,36,Month-to-month,Mailed check,DSL,no,NO,N,Yes,45.84,1645.31,68,CENTRAL,3/27/2020,No
CUST-11508,Female,0,yes,no,56,MONTH-TO-MONTH,Credit card,No,No,No,No,NO,41.46,2334.43,60,East,3/31/2019,No
CUST-10535,Female,0,NO,No,38,MONTH-TO-MONTH,Credit card,No,No,No,No,no,14.21,545.45,61,SOUTH,7/31/2023,No
CUST-11998,Male,0,yes,YES,8,Month-to-month,Electronic check,No,No,No,No,N,36.71,292.46,68,central,3/10/2021,No
CUST-14251,Male,0,N,No,64,Month-to-month,Electronic check,No,No,No,No,N,37.17,2366.01,20,Central,4/19/2019,No
CUST-13638,Female,0,Y,Y,51,Month-to-month,Bank transfer,DSL,Y,yes,YES,no,49.96,2529.42,63,West,4/5/2021,No
CUST-11717,Female,1,no,No,12,One year,Bank transfer,DSL,NO,Yes,No,no,40.83,495.37,82, West ,12/27/2020,No
CUST-13054,Male,0,NO,YES,48,Month-to-month,Electronic check,DSL,NO,Yes,Y,YES,71.44,3431.49,29,SOUTH,5/1/2021,No
CUST-11185,Male,1,N,NO,9,Two year,Electronic check,Fiber optic,No,No,Y,Y,99.94,882.73,73,Central,5/21/2017,Yes
CUST-11813,Female,0,Y,NO,21,Month-to-month,Mailed check,Fiber optic,N,Yes,Y,N,79.09,1662.43,22,West,5/10/2019,Yes
CUST-15252,Female,1,Yes,N,63,Month-to-month,Mailed check,DSL,no,N,YES,no,69.06,4370.14,85,West,12/28/2019,Yes
CUST-12011,Male,0,NO,No,39,Month-to-month,Bank transfer,Fiber optic,yes,NO,YES,YES,78.53,3059.81,43,West,7/20/2019,Yes
CUST-11288,Female,0,yes,N,50,Month-to-month,Electronic check,DSL,Yes,Y,NO,N,57.64,2865.96,41,east,8/11/2018,No
CUST-14155,Male,0,N,YES,58,Two year,Electronic check,DSL,no,Y,YES,no,63.2,3685.21,63,east,12/3/2021,No
CUST-14095,Male,0,No,N,26,Month-to-month,Mailed check,No,No,No,No,Y,36.9,949.36,54,West,11/26/2019,No
CUST-12431,Female,0,YES,yes,28,One year,Credit card,Fiber optic,Yes,N,Yes,YES,101.13,2825.03,31,North,3/28/2020,No
CUST-12960,Male,0,Yes,Y,50,ONE YEAR,Mailed check,Fiber optic,YES,No,yes,Y,103.47,5190.86,61,North,4/30/2017,No
CUST-12540,Male,0,NO,yes,50,One year,Mailed check,Fiber optic,no,yes,NO,N,65.96,3298.49,64,SOUTH,3/11/2018,No
CUST-14634,Female,1,Yes,yes,61, Month-to-month ,Bank transfer,No,No,No,No,YES,35.34,2155.44,72,CENTRAL,7/28/2021,No
CUST-14041,Male,1,yes,N,53,Month-to-month,Credit card,Fiber optic,no,Y,Yes,YES,76.44,4064.67,71,North,4/23/2022,No
CUST-10437,Female,0,NO,N,26,Month-to-month,Mailed check,No,No,No,No,yes,15.02,389.54,18,South,4/17/2020,No
CUST-15460,Female,0,Yes,Y,27,Month-to-month,Mailed check,Fiber optic,No,Yes,N,N,66.13,1776.8,47,WEST,9/5/2020,Yes
CUST-12410,Male,0,No,N,66,one year,Credit card,Fiber optic,no,N,no,no,83.21,5507.05,24,North,10/18/2021,Yes
CUST-13086,Female,0,NO,Yes,61,Month-to-month,Bank transfer,Fiber optic,Yes,YES,N,Y,66.09,4014.67,67,CENTRAL,7/31/2017,No
CUST-13825,Male,0,No,Yes,21,Month-to-month,Credit card,DSL,Yes,NO,N,Y,60.75,1259.12,34,East,2/5/2021,No
CUST-11646,Male,1,Yes,No,70,Month-to-month,Credit card,DSL,YES,YES,yes,NO,58.7,4089.22,70,East,5/24/2021,No
CUST-11636,Male,1,N,Y,72,one year,Mailed check,Fiber optic,Yes,Y,no,no,86.57,6215.86,74, North ,5/23/2017,No
CUST-12656,Female,0,No,Yes,29,month-to-month,Electronic check,DSL,N,NO,Yes,Yes,47.59,1383.38,42,West,5/20/2018,Yes
CUST-15452,Female,0,Y,NO,66,Two year,Electronic check,Fiber optic,YES,NO,Yes,yes,100.56,6635.29,46,West,7/15/2017,No
CUST-13547,Female,0,Y,no,69,two year,Mailed check,DSL,YES,no,Y,No,74.57,5155.19,52,West,2/27/2021,No
CUST-13458,Male,0,no,no,15,Two year,Bank transfer,DSL,No,NO,N,NO,40.04,588.94,36,East,4/22/2021,No
CUST-13797,Male,0,no,N,6,Two year,Credit card,Fiber optic,N,yes,no,yes,91.55,541.13,22,west,12/28/2021,No
CUST-13014,Male,1,yes,N,42,Two year,Electronic check,No,No,No,No,YES,24.94,1061.54,84,NORTH,4/6/2021,No
CUST-11760,Female,0,no,no,66,Month-to-month,Bank transfer,Fiber optic,YES,NO,yes,YES,103.73,6832.13,45,Central,12/30/2020,Yes
CUST-13496,Male,0,YES,yes,41,Month-to-month,Bank transfer,DSL,NO,N,N,N,57.95,2376.99,48,West,6/28/2017,Yes
CUST-10284,Female,0,no,YES,17,One year,Mailed check,DSL,no,NO,yes,N,47.87,796.28,26,Central,7/31/2018,Yes
CUST-14380,Female,1,Y,no,49,Month-to-month,Mailed check,No,No,No,No,Y,19.41,942.88,77,North,9/8/2023,No
CUST-15789,Male,0,YES,Y,44,one year,Electronic check,No,No,No,No,YES,28.95,1286.4,41,South,11/18/2019,No
CUST-10334,Female,0,NO,N,9,Month-to-month,Bank transfer,DSL,N,YES,No,NO,51.01,445.64,26,south,12/19/2018,Yes
CUST-12502,Male,1,yes,Yes,1,MONTH-TO-MONTH,Bank transfer,No,No,No,No,NO,44.69,43.47,73,North,1/25/2022,Yes
CUST-11446,Female,0,N,Yes,18,Month-to-month,Credit card,Fiber optic,No,no,No,Y,91.53,1652.49,52,East,3/19/2018,No
CUST-11112,Female,0,no,Yes,29,One year,Bank transfer,DSL,no,N,No,yes,51.14,1473.46,57, South ,7/21/2017,No
CUST-14001,Male,0,yes,N,34,Two year,Electronic check,Fiber optic,NO,YES,yes,Y,101.26,3462.52,33,east,11/17/2017,No
CUST-15109,Male,0,No,NO,44,Month-to-month,Credit card,DSL,yes,No,NO,yes,47.21,2065.18,63,Central,1/6/2022,Yes
CUST-14633,Male,0,no,no,51,two year,Electronic check,DSL,Yes,no,no,yes,63.39,3234.63,38,South,10/28/2018,No
CUST-10371,Male,0,N,no,33,Month-to-month,Electronic check,DSL,NO,NO,YES,N,61.64,2041.67,28,West,1/8/2019,No
CUST-13428,Male,0,no,No,10,Month-to-month,Mailed check,Fiber optic,Yes,Yes,no,Yes,65.44,664.62,41, East ,2/20/2018,Yes
CUST-10139,Male,0,N,Yes,65,Month-to-month,Electronic check,No,No,No,No,N,44.6,2890.84,47,North,5/11/2023,Yes
CUST-12394,Female,0,yes,no,1,Month-to-month,Electronic check,No,No,No,No,no,13.78,-1.27,59,West,3/8/2021,No
CUST-11739,Male,0,Y,YES,53,ONE YEAR,Mailed check,DSL,YES,YES,No,no,54.48,2902.76,57,West,8/6/2017,No
CUST-11987,Female,1,no,Y,64,TWO YEAR,Electronic check,Fiber optic,No,YES,N,YES,95.93,6150.69,71,West,6/12/2018,Yes
CUST-15478,Male,0,Y,No,60,One year,Mailed check,Fiber optic,YES,Y,NO,Yes,67.86,4071,51,West,2/21/2019,No
CUST-11124,Male,0,Yes,NO,68,One year,Mailed check,DSL,NO,No,N,Y,37.36,2556.03,37,South,6/13/2022,No
CUST-12064,Female,0,Yes,yes,50, Month-to-month ,Electronic check,No,No,No,No,N,39.55,1982.51,61,south,7/16/2018,No
CUST-14659,Male,0,No,no,2,one year,Mailed check,Fiber optic,YES,No,YES,no,87.25,188.86,49,West,4/15/2022,No
CUST-12719,Male,0,N,no,58,Month-to-month,Electronic check,Fiber optic,No,Y,no,Y,89.69,5195.07,44,EAST,9/4/2023,Yes
CUST-13995,Male,0,NO,yes,10,One year,Credit card,Fiber optic,N,Yes,yes,NO,94.18,931.33,30,NORTH,6/3/2019,Yes
CUST-12546,Male,0,N,Yes,69,Month-to-month,Electronic check,No,No,No,No,no,32.82,2249.2,41,North,6/15/2017,No
CUST-13839,Female,0,Y,Y,20, Two year ,Electronic check,No,No,No,No,no,42.08,852.14,53,NORTH,7/7/2018,No
CUST-12488,Female,0,N,Yes,53,Month-to-month,Electronic check,No,No,No,No,NO,35.93,1913.66,50,South,1/29/2018,No
CUST-12620,Male,0,Y,NO,70,Two year,Credit card,DSL,NO,no,N,YES,48.1,3365.21,59,North,3/1/2022,No
CUST-15076,Male,1,yes,N,27,Two year,Credit card,No,No,No,No,No,32.4,858.21,84,West,6/22/2022,No
CUST-15593,Male,1,YES,NO,27,One year,Electronic check,Fiber optic,Yes,No,no,Yes,83.54,2244.91,73,north,12/22/2021,Yes
CUST-11673,Male,0,no,NO,0,Month-to-month,Electronic check,DSL,Yes,N,No,N,46.16,,25,North,10/1/2023,No
CUST-10191,Male,0,N,yes,41,Month-to-month,Electronic check,Fiber optic,YES,N,N,yes,71.99,2946.54,66,Central,12/16/2022,Yes
CUST-13963,Female,0,yes,no,23,month-to-month,Bank transfer,DSL,Y,N,No,no,55.1,1261.22,50,East,9/13/2021,No
CUST-10413,Female,0,no,NO,55,Two year,Electronic check,No,No,No,No,NO,40.05,2220.27,47,central,3/2/2019,No
CUST-10836,Male,0,Y,no,14,Month-to-month,Bank transfer,DSL,N,yes,Y,Yes,52.98,731.64,35,North,2/26/2019,Yes
CUST-11079,Male,0,yes,N,30,Month-to-month,Electronic check,DSL,Yes,No,Y,YES,55.54,1664.26,49,east,2/14/2021,No
CUST-12179,Female,1,yes,N,14,Month-to-month,Credit card,No,No,No,No,Y,40.79,579.55,80,South,5/6/2022,No
CUST-10670,Female,0,Yes,No,26,MONTH-TO-MONTH,Mailed check,Fiber optic,NO,YES,N,No,81.14,2103.65,58,central,1/10/2022,Yes
CUST-13858,Male,0,YES,Y,42,Month-to-month,Bank transfer,Fiber optic,Yes,no,yes,no,85.14,3561.61,54,Central,3/22/2018,Yes
CUST-12801,Male,0,No,no,28,Two year,Credit card,Fiber optic,yes,N,No,NO,75.77,2140.41,36,south,8/12/2020,No
CUST-12989,Male,1,Yes,no,65,Month-to-month,Electronic check,DSL,Yes,NO,no,No,35.37,2285.11,77,North,9/23/2023,No
CUST-12968,Female,0,Yes,N,18,One year,Electronic check,No,No,No,No,Yes,14.39,244.17,21,Central,6/16/2020,No
CUST-11114,Male,0,No,YES,12,one year,Electronic check,Fiber optic,Y,N,Y,Y,88.83,1046.86,27,Central,10/14/2021,No
CUST-12097,Female,0,yes,Yes,6,Two year,Mailed check,DSL,yes,N,Y,yes,68.17,396.72,69,Central,12/7/2019,No
CUST-10229,Female,0,yes,Yes,46,Two year,Mailed check,Fiber optic,no,yes,yes,N,92.41,4237.25,20,west,4/25/2023,Yes
CUST-13273,Female,0,no,yes,19,Month-to-month,Bank transfer,Fiber optic,YES,NO,yes,NO,84.94,1624.35,40,Central,1/22/2018,Yes
CUST-11252,Male,0,YES,Y,63,Two year,Bank transfer,Fiber optic,NO,Yes,Y,YES,100.78,6361.63,33,North,7/5/2018,No
CUST-13855,Female,0,Yes,NO,2,Month-to-month,Mailed check,Fiber optic,N,Y,no,NO,77.34,160.24,20,South,10/26/2023,Yes
CUST-11660,Male,0,yes,Yes,8,Month-to-month,Electronic check,Fiber optic,YES,YES,N,N,91.24,715.64,25,West,3/10/2023,No
CUST-14304,Female,0,No,YES,31,one year,Bank transfer,Fiber optic,NO,Yes,yes,yes,88.21,2716.62,64,north,8/26/2019,No
CUST-14607,Female,0,yes,Yes,1,month-to-month,Credit card,No,No,No,No,N,30.93,36.52,52,south,12/28/2020,No
CUST-12245,Female,0,no,NO,42,Month-to-month,Credit card,Fiber optic,Y,No,no,Y,71.87,3027.73,36,East,12/3/2017,No
CUST-15574,Female,0,Y,Y,65,month-to-month,Bank transfer,Fiber optic,NO,Y,yes,No,93.82,6115.51,38,North,3/23/2018,Yes
CUST-14759,Female,0,Y,N,8,two year,Bank transfer,DSL,N,yes,YES,Yes,79.55,616.96,50,Central,9/4/2023,No
CUST-15188,Female,1,no,yes,15,One year,Electronic check,No,No,No,No,N,40.6,611.32,72,west,7/10/2018,No
CUST-12240,Female,0,Yes,NO,11,Month-to-month,Mailed check,DSL,N,NO,No,NO,61.8,697.52,27,Central,10/6/2023,No
CUST-14133,Male,0,No,Yes,47,MONTH-TO-MONTH,Mailed check,DSL,NO,Yes,Y,YES,61.07,2873.7,26,central,7/31/2018,Yes
CUST-10484,Female,1,Yes,NO,66,Month-to-month,Bank transfer,Fiber optic,yes,Y,No,NO,69.42,4575.62,84,central,1/11/2019,No
CUST-12665,Female,0,No,no,44,Month-to-month,Mailed check,Fiber optic,yes,Yes,Y,yes,87.82,3844.26,57,central,1/7/2023,No
CUST-14870,Male,0,NO,N,63,Month-to-month,Bank transfer,DSL,YES,Yes,N,No,43.08,2708.93,53,South,1/20/2021,Yes
CUST-10018,Male,0,Y,NO,56,one year,Credit card,No,No,No,No,no,36.03,2016.67,34,Central,2/23/2021,No
CUST-15800,Male,1,YES,No,47, Two year ,Credit card,DSL,yes,No,YES,No,56.47,2658.97,76,Central,11/25/2023,No
CUST-11343,Female,0,Y,Y,72,One year,Electronic check,DSL,no,N,No,NO,64.96,4686.77,26,west,10/27/2023,No
CUST-11835,Male,1,Y,N,7,one year,Mailed check,DSL,YES,NO,NO,Yes,60.83,413.69,78,west,3/7/2022,Yes
CUST-11154,Female,0,no,Y,45,Month-to-month,Electronic check,No,No,No,No,Yes,17.34,788.24,49,West,10/24/2017,No
CUST-13609,Male,1,Y,YES,25,One year,Electronic check,No,No,No,No,YES,15.84,413.57,80,West,8/12/2022,Yes
CUST-11095,Female,0,no,No,43, Month-to-month ,Credit card,Fiber optic,No,no,N,NO,92,3955.44,57,South,7/18/2023,Yes
CUST-13134,Female,1,Yes,YES,47,Month-to-month,Credit card,DSL,YES,NO,yes,No,48.6,2284.88,80,West,3/11/2017,No
CUST-10206,Female,0,N,No,66,Month-to-month,Bank transfer,Fiber optic,YES,NO,yes,Yes,86.87,5728.43,52,CENTRAL,1/22/2022,Yes
CUST-10885,Female,0,N,Y,62,Month-to-month,Electronic check,Fiber optic,yes,No,No,Y,65.04,4041.17,34,North,11/20/2020,No
CUST-13791,Male,0,NO,Yes,4,Month-to-month,Mailed check,DSL,N,YES,Y,NO,50.32,192.24,69,North,9/30/2017,Yes
CUST-11848,Male,0,NO,Yes,63,Month-to-month,Mailed check,Fiber optic,yes,No,no,No,71.28,4498.17,20,west,3/15/2023,Yes
CUST-12688,Female,1,Y,Yes,58,Month-to-month,Bank transfer,DSL,No,no,NO,NO,64.73,3744.22,81,SOUTH,5/28/2022,Yes
CUST-15809,Male,0,no,NO,51,Two year,Bank transfer,Fiber optic,N,N,N,Y,95.22,4847.64,59,North,1/26/2020,No
CUST-10060,Male,0,YES,Y,56,two year,Credit card,DSL,Y,YES,N,yes,54.09,3021.89,23,Central,3/29/2020,No
CUST-10837,Male,0,N,No,70,TWO YEAR,Mailed check,Fiber optic,Y,NO,No,N,82.78,5794.88,39,Central,6/22/2021,No
CUST-14441,Female,0,No,Yes,35,TWO YEAR,Bank transfer,Fiber optic,No,no,Y,N,102.74,3592.11,30,south,3/26/2022,Yes
CUST-10828,Female,1,No,N,50,MONTH-TO-MONTH,Credit card,DSL,Yes,YES,No,NO,50.06,2490.4,85,South,9/21/2020,Yes
CUST-13173,Male,1,Y,NO,40,TWO YEAR,Credit card,No,No,No,No,NO,27.97,1121.52,85,North,9/1/2020,No
CUST-13619,Female,1,Y,yes,61,MONTH-TO-MONTH,Electronic check,DSL,Yes,yes,no,Yes,35.37,2166.41,76,NORTH,12/23/2021,Yes
CUST-15842,Male,0,Y,yes,2,Month-to-month,Mailed check,Fiber optic,YES,Y,Yes,YES,90.22,170.85,43,North,10/5/2022,Yes
CUST-11649,Female,0,Yes,Y,10, Two year ,Mailed check,Fiber optic,no,Y,No,yes,90.29,911.33,65,West,8/29/2018,No
CUST-13016,Male,0,N,no,35,Two year,Bank transfer,Fiber optic,no,Y,N,no,98.66,3472.78,30,central,12/2/2021,No
CUST-13178,Male,0,NO,yes,64,Month-to-month,Electronic check,No,No,No,No,NO,31.65,2035.42,56,SOUTH,12/1/2017,Yes
CUST-12645,Female,0,NO,Y,69,Month-to-month,Credit card,DSL,Yes,NO,no,Yes,50.37,3485.18,29,Central,7/17/2021,Yes
CUST-15597,Female,0,YES,NO,26,Two year,Mailed check,No,No,No,No,yes,16.46,432.98,66,South,7/17/2023,Yes
CUST-10904,Female,0,NO,yes,23,Month-to-month,Credit card,Fiber optic,No,Yes,YES,yes,101,2316.38,22,East,8/1/2021,No
CUST-13811,Male,0,YES,Y,47,month-to-month,Mailed check,No,No,No,No,yes,33.27,1548.54,54,Central,2/3/2020,No
CUST-15984,Female,1,N,Y,72,Month-to-month,Bank transfer,Fiber optic,Yes,N,NO,Yes,67.11,4831.78,80,west,12/7/2018,Yes
CUST-14696,Male,0,Y,No,64,One year,Bank transfer,Fiber optic,Yes,Yes,N,N,86.86,5541.73,33,North,1/25/2023,No
CUST-13502,Male,0,YES,Yes,6,Month-to-month,Electronic check,DSL,Y,no,YES,N,54.11,335.19,27,Central,5/26/2019,Yes
CUST-12479,Male,1,No,Y,14,Month-to-month,Electronic check,Fiber optic,Yes,Yes,NO,YES,68.75,975.55,80,South,4/2/2023,Yes
CUST-15916,Male,0,Yes,No,49,Month-to-month,Credit card,Fiber optic,no,No,NO,Yes,72.87,3579.97,29,West,3/20/2020,Yes
CUST-12006,Female,0,no,no,39,month-to-month,Credit card,Fiber optic,Yes,YES,Yes,No,81.47,3178.02,24,East,7/3/2021,Yes
CUST-11831,Female,0,No,No,68,One year,Electronic check,DSL,no,yes,YES,NO,74.02,5020.79,150,South,3/2/2017,No
CUST-12939,Female,0,No,YES,20,Two year,Mailed check,No,No,No,No,No,22.58,458.08,26,East,2/1/2018,Yes
CUST-12800,Female,0,Yes,No,14,One year,Credit card,Fiber optic,N,N,no,YES,99.23,1405.27,23,south,8/27/2021,Yes
CUST-14677,Female,0,No,yes,63,Month-to-month,Credit card,Fiber optic,YES,no,No,YES,71.24,4469.46,67,North,4/10/2017,Yes
CUST-11596,Female,0,YES,NO,31,MONTH-TO-MONTH,Electronic check,Fiber optic,N,Yes,Y,yes,76.12,2352.08,18,west,12/24/2018,No
CUST-12455,Male,0,YES,N,8,Month-to-month,Electronic check,DSL,N,Yes,Yes,no,63.33,510.4,43,Central,4/29/2022,No
CUST-14387,Male,0,Y,NO,14,Month-to-month,Bank transfer,No,No,No,No,no,10.51,160.52,68,South,8/31/2019,Yes
CUST-15180,Male,0,yes,Y,50,Month-to-month,Credit card,No,No,No,No,no,30.23,1524.63,61,South,9/4/2020,No
CUST-14637,Female,0,Y,yes,46,one year,Mailed check,DSL,NO,N,no,Y,45.82,2094.32,18,East,5/9/2018,No
CUST-15605,Female,0,Yes,Y,37,Month-to-month,Bank transfer,DSL,YES,Y,no,YES,58.05,2130.94,49,East,7/13/2022,No
CUST-14486,Female,0,No,no,1,Month-to-month,Electronic check,Fiber optic,no,no,Yes,YES,85.28,89.62,28,North,4/8/2018,Yes
CUST-12287,Female,0,no,No,66,One year,Mailed check,DSL,No,Y,Y,N,77.54,5100.55,65,Central,6/18/2023,No
CUST-10314,Male,0,N,No,47,MONTH-TO-MONTH,Electronic check,Fiber optic,N,YES,Yes,Yes,97.36,4582.94,47,South,8/24/2019,Yes
CUST-12164,Female,0,No,No,35,One year,Mailed check,DSL,Yes,No,no,No,58.23,2051.6,62,West,9/13/2023,No
CUST-12833,Male,0,N,NO,48,Month-to-month,Bank transfer,DSL,Yes,NO,no,N,47.66,2276.4,56,East,1/11/2021,No
CUST-10379,Male,0,N,N,20,Month-to-month,Electronic check,No,No,No,No,No,14.1,275.71,40,north,6/29/2018,No
CUST-10661,Female,0,N,Y,8,month-to-month,Electronic check,DSL,Yes,no,yes,no,70.02,544.48,31,east,8/4/2018,No
CUST-12052,Female,0,N,no,36,Month-to-month,Mailed check,DSL,No,No,Y,Y,60.82,2173.27,18,West,5/21/2021,Yes
CUST-15448,Female,1,no,NO,7,One year,Credit card,Fiber optic,no,YES,N,YES,82.54,569.9,84,Central,12/8/2019,No
CUST-11038,Female,0,NO,Y,2, Month-to-month ,Mailed check,No,No,No,No,Y,26.96,44.61,65,SOUTH,5/27/2019,Yes
CUST-15288,Male,0,Yes,no,59,Two year,Credit card,DSL,Y,Y,YES,No,67.22,3953.12,37,North,8/24/2017,No
CUST-15540,Female,1,yes,yes,9,MONTH-TO-MONTH,Electronic check,DSL,NO,no,N,N,50.19,451.73,80,South,3/3/2020,Yes
CUST-12332,Male,0,yes,YES,25,Month-to-month,Mailed check,DSL,YES,Y,yes,No,60.14,1502.02,35,Central,5/24/2017,No
CUST-12365,Female,0,no,YES,15,Month-to-month,Credit card,DSL,N,N,Y,YES,73.58,1085.74,59,Central,9/27/2023,Yes
CUST-11307,Female,0,YES,YES,43,ONE YEAR,Bank transfer,DSL,No,Y,yes,no,79.12,3414.12,66,South,7/27/2023,No
CUST-14335,Male,0,yes,yes,8,MONTH-TO-MONTH,Credit card,Fiber optic,N,yes,Y,no,108.22,871.03,61,South,7/14/2017,No
CUST-14042,Female,0,N,N,67,Month-to-month,Bank transfer,No,No,No,No,No,24.47,1652.06,37,North,1/11/2022,Yes
CUST-15506,Male,0,no,YES,47,Two year,Mailed check,Fiber optic,YES,N,Yes,YES,78.83,3716.21,27,South,3/8/2019,No
CUST-11349,Female,1,YES,N,24,Month-to-month,Electronic check,No,No,No,No,No,17.74,442.52,73,South,4/5/2022,Yes
CUST-10616,Female,0,No,N,64,month-to-month,Electronic check,Fiber optic,NO,No,Yes,Yes,96.42,6162.05,36,West,2/6/2023,Yes
CUST-11226,Male,0,NO,Yes,56,Month-to-month,Credit card,DSL,YES,no,N,Y,60.31,3377.21,18,West,10/9/2018,No
CUST-14464,Male,0,NO,Yes,56,Month-to-month,Bank transfer,Fiber optic,YES,No,NO,Y,89.53,5020.35,42,SOUTH,11/8/2018,No
CUST-13278,Female,0,Y,NO,41,Two year,Credit card,No,No,No,No,N,17.16,698.38,58,South,8/6/2021,Yes
CUST-13732,Female,0,No,yes,62, Two year ,Electronic check,Fiber optic,Yes,YES,yes,yes,109.01,6770.49,36,Central,9/3/2019,No
CUST-12815,Female,0,No,YES,39,Month-to-month,Bank transfer,DSL,YES,Y,NO,No,59.64,2311.83,18,West,6/3/2021,No
CUST-14544,Female,0,NO,no,48,One year,Mailed check,No,No,No,No,yes,38.95,1866.67,41,central,3/24/2023,No
CUST-12594,Female,0,N,Yes,41,Month-to-month,Bank transfer,No,No,No,No,YES,44.47,1826.85,64,South,12/25/2017,No
CUST-11227,Female,0,Y,yes,20,two year,Mailed check,DSL,no,yes,N,no,51.83,1048.21,66,South,12/25/2018,No
CUST-10801,Female,1,N,Y,7, One year ,Credit card,DSL,Y,Yes,N,no,39.54,264.89,82,central,2/6/2021,No
CUST-11370,Male,0,N,yes,70,Month-to-month,Electronic check,DSL,no,YES,yes,yes,53.95,3773.59,30,Central,8/15/2019,Yes
CUST-11449,Male,0,NO,NO,19,Month-to-month,Mailed check,Fiber optic,Y,no,NO,Y,89.14,1706.16,44,East,4/24/2020,Yes
CUST-12343,Female,0,YES,Yes,35,Two year,Bank transfer,No,No,No,No,YES,17.77,613.18,63,west,11/4/2019,No
CUST-15975,Male,0,Yes,YES,9, One year ,Bank transfer,Fiber optic,N,NO,YES,NO,81.37,730.59,29,NORTH,6/26/2021,Yes
CUST-12130,Male,0,No,No,71,Month-to-month,Bank transfer,DSL,No,NO,No,no,56.6,4006.36,67,north,5/5/2021,No
CUST-12225,Female,0,yes,YES,49,Month-to-month,Electronic check,Fiber optic,Y,Y,Yes,no,107.54,5278.84,21,North,11/30/2022,Yes
CUST-14795,Female,1,Yes,NO,55,MONTH-TO-MONTH,Mailed check,No,No,No,No,Yes,40.61,2233.67,83,south,11/29/2017,Yes
CUST-10389,Male,0,Y,Yes,60,one year,Credit card,Fiber optic,Yes,yes,Y,No,90.45,5421.79,21,east,8/19/2019,No
CUST-10403,Female,0,NO,N,8,month-to-month,Mailed check,DSL,N,N,yes,no,48.69,404.75,64,NORTH,8/12/2019,Yes
CUST-13136,Male,0,NO,No,12,Two year,Bank transfer,Fiber optic,N,NO,No,Yes,78.67,947.94,47,SOUTH,11/6/2022,Yes
CUST-15657,Male,0,N,Y,11,month-to-month,Bank transfer,Fiber optic,No,no,Yes,Yes,100.3,1088.83,35,West,8/21/2021,No
CUST-13029,Male,0,yes,yes,48,two year,Mailed check,Fiber optic,Y,N,NO,Y,68.84,3318.95,31,Central,10/7/2023,Yes
CUST-15016,Male,0,no,YES,3,One year,Mailed check,Fiber optic,Y,No,yes,NO,94.19,295.94,43,WEST,2/5/2019,Yes
CUST-15339,Female,0,no,yes,67,Two year,Bank transfer,Fiber optic,Yes,yes,no,NO,84.44,5647.08,66,East,11/2/2022,No
CUST-14591,Female,0,Y,no,63,Two year,Bank transfer,Fiber optic,YES,Yes,Y,No,97,6117.81,18,Central,10/5/2017,No
CUST-12866,Male,0,N,yes,51, One year ,Bank transfer,DSL,N,YES,yes,yes,57.65,2939.24,68,North,4/11/2017,No
CUST-11463,Male,0,YES,NO,53,TWO YEAR,Bank transfer,Fiber optic,No,N,Yes,YES,109.3,5797.84,21,west,7/9/2020,No
CUST-14352,Female,1,YES,Y,61,Month-to-month,Mailed check,DSL,YES,no,Yes,no,72.77,4438.44,81,South,3/3/2022,No
CUST-13639,Female,0,No,N,12,Month-to-month,Mailed check,Fiber optic,no,YES,No,NO,90.78,1099.01,44,Central,10/15/2019,Yes
CUST-14576,Male,0,Y,yes,29,Month-to-month,Mailed check,No,No,No,No,NO,14.57,438.91,62,South,9/30/2021,Yes
CUST-14700,Female,1,N,no,29,One year,Credit card,Fiber optic,Y,no,YES,YES,88.5,2564.72,79,WEST,5/29/2019,No
CUST-12333,Male,0,yes,YES,47,TWO YEAR,Electronic check,No,No,No,No,no,10.14,472.61,26,West,8/7/2017,Yes
CUST-15678,Male,0,No,Yes,17,month-to-month,Mailed check,Fiber optic,YES,no,no,yes,88.68,1497.42,61,west,2/1/2022,Yes
CUST-10141,Male,0,Y,N,23,One year,Bank transfer,Fiber optic,no,Y,Y,Yes,84.16,1928.25,63,central,1/13/2018,No
CUST-15162,Female,0,yes,Y,41,Month-to-month,Credit card,DSL,NO,N,YES,no,64.21,2614.73,48,South,3/7/2022,Yes
CUST-12547,Female,1,YES,Y,51,One year,Credit card,No,No,No,No,No,28.74,1464.27,71,SOUTH,11/14/2022,No
CUST-12003,Female,0,yes,No,55,Month-to-month,Credit card,Fiber optic,No,YES,N,NO,93.21,5110.81,30,North,1/3/2022,No
CUST-12159,Female,0,Yes,yes,9,Month-to-month,Electronic check,Fiber optic,Y,Y,Y,YES,107.99,954.58,24,West,11/7/2023,Yes
CUST-13792,Male,0,NO,N,71,One year,Bank transfer,DSL,YES,N,no,no,40.26,2850.38,22,West,11/18/2022,No
CUST-12648,Female,0,Y,NO,66,Month-to-month,Electronic check,No,No,No,No,No,34.33,2265.66,48,North,12/1/2020,No
CUST-10370,Female,0,NO,N,7,two year,Bank transfer,No,No,No,No,no,11.89,97.95,66,NORTH,3/6/2019,No
CUST-10771,Female,1,Y,YES,57,one year,Electronic check,Fiber optic,N,Y,NO,Yes,68.54,3898.39,82,South,6/11/2023,No
CUST-14904,Female,0,YES,Y,13,Month-to-month,Credit card,DSL,no,yes,NO,NO,50.6,653.81,35,South,4/29/2020,No
CUST-15210,Male,0,No,NO,7,ONE YEAR,Mailed check,No,No,No,No,N,24.66,188.66,22,West,4/5/2023,No
CUST-15790,Female,0,Yes,YES,26,month-to-month,Electronic check,Fiber optic,No,NO,no,Y,69.08,1806.2,60,North,5/25/2023,No
CUST-10266,Male,0,Y,Y,47,Month-to-month,Electronic check,Fiber optic,Y,N,YES,N,79.96,3742.79,20,East,6/27/2022,No
CUST-11287,Male,0,No,YES,13,Month-to-month,Bank transfer,DSL,Yes,No,no,Yes,52.07,672.88,42,west,2/24/2018,No
CUST-15183,Male,0,YES,YES,50,MONTH-TO-MONTH,Electronic check,Fiber optic,NO,yes,N,YES,84.26,4223,45,east,10/26/2018,No
CUST-15039,Female,0,Yes,Yes,16,Month-to-month,Electronic check,Fiber optic,YES,NO,no,No,68,1071.26,56,South,11/4/2019,Yes
CUST-13626,Male,0,Yes,Y,24,One year,Credit card,DSL,NO,yes,Yes,NO,64.57,1561.22,22,East,10/18/2023,No
CUST-13725,Male,0,no,YES,18,Month-to-month,Mailed check,No,No,No,No,Yes,18.72,321.7,27,East,1/19/2021,No
CUST-11779,Male,0,Y,Y,32,One year,Credit card,DSL,No,yes,yes,NO,77.45,2484.59,45,Central,7/3/2022,No
CUST-14218,Female,0,YES,YES,37,Month-to-month,Mailed check,DSL,NO,Yes,yes,No,67.76,2500.97,34,South,6/12/2023,Yes
CUST-10929,Male,0,N,YES,62,ONE YEAR,Electronic check,Fiber optic,yes,Yes,No,No,86.77,5396.14,63,East,3/23/2020,Yes
CUST-12426,Male,0,no,YES,64,Two year,Bank transfer,DSL,N,No,NO,NO,35.81,2310.47,37,EAST,12/20/2018,No
CUST-15943,Male,0,NO,Yes,54,Two year,Electronic check,DSL,yes,Yes,No,No,37.51,2010.97,58,South,12/24/2018,No
CUST-11224,Female,0,NO,yes,35,One year,Credit card,DSL,Y,Yes,no,NO,42.92,1494.26,56,East,5/10/2018,No
CUST-10931,Female,0,no,N,1,Month-to-month,Bank transfer,Fiber optic,N,NO,No,NO,71.53,87.32,18,North,3/22/2019,Yes
CUST-15360,Female,0,no,N,45,Month-to-month,Credit card,Fiber optic,NO,No,Y,no,100.97,4558.86,20,South,4/22/2021,Yes
CUST-14923,Female,1,N,Yes,42,Month-to-month,Electronic check,DSL,Y,Y,NO,NO,47.92,1996.02,76,East,8/22/2022,No
CUST-14221,Male,0,no,yes,49,One year,Electronic check,Fiber optic,Yes,No,No,NO,67.14,3284.84,53,West,1/27/2022,No
CUST-14592,Female,0,no,No,25,Month-to-month,Mailed check,No,No,No,No,Y,39.14,958.64,45,West,9/9/2020,No
CUST-14054,Female,0,YES,No,60,MONTH-TO-MONTH,Credit card,Fiber optic,Y,N,Y,No,83.49,4990.65,58,Central,2/24/2022,Yes
CUST-12249,Male,1,No,Yes,63,Month-to-month,Mailed check,DSL,No,Yes,yes,Y,72.91,4591.93,71,South,1/17/2020,No
CUST-10940,Male,1,YES,Yes,52,ONE YEAR,Electronic check,DSL,Yes,Y,Y,no,56.74,2935.9,76,SOUTH,6/20/2018,No
CUST-10102,Male,0,N,NO,16,One year,Mailed check,DSL,no,N,YES,N,60.82,978.47,67,East,11/16/2022,No
CUST-14599,Male,0,N,no,13,month-to-month,Credit card,Fiber optic,YES,YES,N,Y,70.64,904.02,48,South,9/26/2020,Yes
CUST-14549,Male,0,yes,NO,35,Two year,Bank transfer,No,No,No,No,YES,35.11,1237.21,41,West,10/2/2020,No
CUST-13571,Female,0,Yes,N,9,one year,Bank transfer,DSL,no,Yes,YES,NO,46.34,429.79,33,West,5/23/2018,No
CUST-14266,Female,0,Yes,no,2,One year,Mailed check,Fiber optic,Y,NO,yes,N,86,188.76,50,West,9/22/2020,No
CUST-15711,Female,0,Y,NO,69,Two year,Bank transfer,Fiber optic,YES,YES,no,no,91.6,6303.12,56,CENTRAL,4/2/2020,Yes
CUST-11141,Female,0,Y,No,25,month-to-month,Credit card,Fiber optic,NO,no,yes,no,101.63,2560.62,26,East,9/4/2017,Yes
CUST-12439,Female,1,NO,NO,34,Month-to-month,Electronic check,Fiber optic,no,No,NO,Yes,91.82,3129.89,84,West,2/11/2018,Yes
CUST-15936,Male,0,N,yes,12,Two year,Mailed check,DSL,no,No,No,YES,67.06,805.85,61, West ,1/29/2018,Yes
CUST-11781,Male,0,Y,YES,32,Month-to-month,Bank transfer,DSL,no,NO,NO,YES,56.99,1810.46,61, North ,5/15/2023,Yes
CUST-14205,Male,0,No,Y,42,Two year,Electronic check,No,No,No,No,yes,19,793.72,47,South,4/1/2019,No
CUST-15619,Male,0,N,N,72,One year,Credit card,DSL,N,Y,N,Y,63.12,4560.55,31,East,5/22/2021,No
CUST-11168,Female,0,Yes,No,26,two year,Mailed check,DSL,NO,yes,Y,N,59.96,1555.6,29,North,5/21/2018,No
CUST-14329,Female,0,N,no,48,One year,Credit card,Fiber optic,No,YES,yes,Yes,84.14,4024.85,40,north,8/1/2020,No
CUST-14286,Female,0,No,Yes,45,Month-to-month,Mailed check,Fiber optic,Yes,Yes,YES,NO,106.5,4784.99,34,central,3/13/2019,No
CUST-10876,Female,0,Y,Y,60,One year,Bank transfer,Fiber optic,Y,Yes,N,No,94.5,5659.8,43,East,10/12/2021,No
CUST-15616,Female,0,yes,Yes,28,Two year,Credit card,Fiber optic,Yes,NO,Yes,NO,102.16,2845.34,37,North,5/16/2017,No
CUST-12322,Male,0,Yes,NO,16,Two year,Electronic check,No,No,No,No,No,22.29,366.86,40,West,11/9/2017,Yes
CUST-11129,Female,0,NO,NO,72,Month-to-month,Credit card,DSL,NO,yes,NO,No,51.17,3688.48,68,East,7/2/2017,Yes
CUST-10971,Female,0,YES,NO,63,Two year,Electronic check,No,No,No,No,NO,23.69,1499,56,west,10/19/2019,No
CUST-10772,Male,0,N,N,52,month-to-month,Mailed check,DSL,N,NO,Y,Yes,66.82,3482.5,38,East,8/16/2021,No
CUST-12103,Female,0,No,no,27,one year,Bank transfer,DSL,yes,No,N,Yes,63.84,1735.44,46,West,6/24/2021,No
CUST-13181,Male,0,no,yes,13,Month-to-month,Bank transfer,DSL,yes,No,no,No,62.42,804.87,26,CENTRAL,9/20/2017,Yes
CUST-15961,Male,0,no,Y,4,month-to-month,Mailed check,No,No,No,No,NO,39.12,165.05,35,North,10/11/2018,Yes
CUST-13117,Female,0,Yes,yes,51,TWO YEAR,Bank transfer,DSL,YES,yes,Y,YES,67.25,3415.94,31,Central,9/16/2021,No
CUST-14030,Female,0,NO,N,26,Month-to-month,Mailed check,Fiber optic,no,yes,N,yes,97.56,2529.52,60,Central,10/18/2017,Yes
CUST-11772,Female,0,Y,N,50,One year,Electronic check,Fiber optic,YES,Yes,YES,no,97.48,4875.49,68,West,2/1/2020,Yes
CUST-10318,Male,0,Y,No,68,Two year,Mailed check,DSL,YES,N,no,YES,69.23,4714.29,22,West,2/29/2020,No
CUST-11905,Male,1,N,N,47, Month-to-month ,Mailed check,Fiber optic,no,No,yes,N,97.36,4558.85,72,NORTH,10/28/2019,Yes
CUST-12844,Female,0,Y,NO,55,Month-to-month,Credit card,Fiber optic,No,NO,Y,NO,105.76,5800.65,51,Central,3/8/2019,No
CUST-15673,Male,0,no,no,59,month-to-month,Mailed check,Fiber optic,Yes,YES,No,NO,68.87,4065.53,29,North,6/26/2022,Yes
CUST-14101,Female,0,NO,yes,39,month-to-month,Electronic check,DSL,NO,no,N,Yes,63.88,2506.94,40,West,7/11/2019,No
CUST-15767,Female,0,N,N,24,Two year,Mailed check,No,No,No,No,YES,31.89,776.32,57,West,10/23/2018,No
CUST-15668,Male,1,NO,No,60,Two year,Credit card,Fiber optic,Yes,YES,Y,No,84.79,5103.94,78,Central,9/17/2018,No
CUST-12984,Male,0,NO,N,19,Month-to-month,Credit card,No,No,No,No,NO,27.72,542.68,32,south,5/3/2019,No
CUST-11380,Male,0,Y,no,33, Month-to-month ,Mailed check,No,No,No,No,Yes,14.91,488.21,37,West,3/30/2021,No
CUST-11830,Male,0,NO,NO,33,MONTH-TO-MONTH,Credit card,Fiber optic,yes,no,no,YES,66.04,2178.17,69,East,2/22/2018,No
CUST-13229,Male,0,No,No,9,Two year,Mailed check,DSL,No,N,Y,yes,70.23,628.06,30,south,7/13/2022,No
CUST-13032,Female,0,N,Y,41,month-to-month,Bank transfer,DSL,YES,No,yes,No,75.67,3089.58,60,CENTRAL,6/19/2020,No
CUST-11357,Female,1,no,N,68,Two year,Bank transfer,Fiber optic,Yes,Y,NO,Y,99.32,6748.85,79,North,8/14/2017,No
CUST-11611,Male,1,no,NO,57, Two year ,Mailed check,Fiber optic,yes,No,YES,YES,80.81,4623.31,84,North,10/29/2017,No
CUST-14207,Female,0,YES,yes,38,Month-to-month,Mailed check,Fiber optic,YES,No,No,No,76.5,2898.72,39,SOUTH,5/23/2023,Yes
CUST-15291,Female,0,N,Yes,13,Month-to-month,Credit card,No,No,No,No,Y,14.31,199.97,19,south,11/24/2019,Yes
CUST-15742,Male,0,no,YES,20,one year,Electronic check,Fiber optic,Y,Y,Y,YES,83.85,1657.9,25,East,8/29/2023,No
CUST-10926,Female,0,Yes,YES,14,Two year,Electronic check,No,No,No,No,Y,40.14,552.39,68,NORTH,3/7/2018,No
CUST-10005,Male,0,no,yes,69,two year,Electronic check,Fiber optic,Yes,NO,yes,No,78,5381.44,22,West,12/12/2017,Yes
CUST-12743,Male,0,YES,Y,27,Month-to-month,Credit card,DSL,NO,YES,YES,no,79.46,2146.5,52,South,6/19/2022,No
CUST-14421,Male,0,Y,no,40,Month-to-month,Credit card,Fiber optic,yes,N,Yes,N,94.79,3772.43,30,South,12/30/2020,Yes
CUST-13818,Male,0,Yes,No,63,One year,Credit card,Fiber optic,N,Y,NO,No,88.58,5580.33,52,EAST,4/28/2020,No
CUST-11433,Male,0,No,Yes,13,month-to-month,Bank transfer,DSL,No,N,no,NO,37.54,468.98,42,West,5/29/2018,Yes
CUST-11181,Female,0,Y,Y,42,One year,Bank transfer,No,No,No,No,yes,30.79,1287.4,36,South,7/31/2019,No
CUST-11959,Male,0,YES,Yes,71,One year,Credit card,Fiber optic,NO,No,No,Yes,98.43,6979.37,44,east,11/18/2022,No
CUST-15622,Male,0,N,NO,24,MONTH-TO-MONTH,Mailed check,Fiber optic,Y,yes,N,YES,92.19,2223.8,29,North,6/9/2021,Yes
CUST-10991,Female,0,N,Yes,32,Month-to-month,Credit card,Fiber optic,N,no,yes,YES,93.94,3005.54,56,North,5/13/2021,Yes
CUST-13590,Male,0,Y,Yes,6,Two year,Credit card,DSL,N,Y,yes,Y,65.75,385.58,49, West ,3/2/2023,No
CUST-14026,Male,0,Y,Y,10,Month-to-month,Mailed check,DSL,N,Yes,Y,No,58.51,572.12,68,south,12/26/2018,No
CUST-14803,Female,0,Y,Y,32,Two year,Electronic check,DSL,Yes,YES,no,YES,38.51,1241.51,59,east,12/1/2018,No
CUST-11971,Female,0,N,NO,47,month-to-month,Bank transfer,No,No,No,No,NO,15.08,691.13,42,Central,3/24/2023,No
CUST-12377,Male,0,YES,Y,22,one year,Electronic check,No,No,No,No,Y,32.48,706.5,68,west,9/21/2022,No
CUST-11235,Female,0,No,N,63,Month-to-month,Mailed check,Fiber optic,No,N,N,N,91.4,5739.6,66,South,1/17/2018,Yes
CUST-14055,Male,0,No,Y,64,Two year,Mailed check,Fiber optic,NO,Y,Yes,NO,75.43,4827.04,21,East,6/13/2020,No
CUST-11136,Female,1,Y,Yes,43,One year,Mailed check,DSL,yes,Yes,Y,No,58.38,2519.46,76,Central,4/3/2021,No
CUST-10167,Female,0,NO,yes,58,two year,Electronic check,DSL,Yes,NO,Yes,NO,75.66,4400.81,54,Central,2/11/2021,No
CUST-15365,Female,1,Y,no,1,MONTH-TO-MONTH,Electronic check,DSL,NO,yes,yes,yes,62.32,43.36,71,East,7/3/2023,Yes
CUST-10198,Female,0,Yes,N,58,Two year,Electronic check,No,No,No,No,Y,44.43,2558.51,42,south,2/17/2018,No
CUST-15322,Female,0,yes,N,14,ONE YEAR,Mailed check,DSL,Y,NO,No,YES,38.14,541.98,37,EAST,3/14/2020,No
CUST-12517,Female,0,yes,Yes,1,two year,Bank transfer,No,No,No,No,No,17.04,36.46,57,North,10/7/2018,No
CUST-13303,Male,0,yes,No,36,Two year,Credit card,No,No,No,No,YES,40.09,1456.22,59,south,2/28/2021,No
CUST-15962,Male,0,YES,yes,1,One year,Credit card,Fiber optic,Yes,N,NO,no,72.7,81.22,40,West,9/7/2019,Yes
CUST-13196,Female,0,No,no,59,month-to-month,Electronic check,Fiber optic,N,Y,YES,No,86.85,5140.39,30,East,12/2/2020,No
CUST-10824,Female,0,NO,Yes,34,MONTH-TO-MONTH,Mailed check,DSL,NO,Yes,N,Y,57.32,1939.32,56,south,7/1/2022,No
CUST-12288,Male,1,Y,N,54,month-to-month,Credit card,No,No,No,No,N,28.55,1536.43,81,Central,2/28/2021,No
CUST-11336,Male,0,Yes,Yes,27,two year,Mailed check,Fiber optic,YES,NO,NO,Y,67.49,1835.43,60,West,12/8/2020,No
CUST-15193,Female,1,Y,N,60,One year,Mailed check,Fiber optic,N,N,No,NO,93.03,5596.79,75,North,10/4/2022,Yes
CUST-13432,Male,0,Yes,N,5,Two year,Credit card,DSL,no,no,no,yes,47.75,243.22,62,north,5/28/2019,No
CUST-15209,Female,0,YES,Yes,36,two year,Electronic check,DSL,Yes,yes,Y,N,67.63,2442.15,55,west,4/15/2018,No
CUST-10651,Male,0,YES,yes,51,month-to-month,Mailed check,DSL,no,YES,Y,N,46.04,2332.86,18,South,3/5/2020,No
CUST-10933,Female,0,Y,no,50,MONTH-TO-MONTH,Bank transfer,Fiber optic,no,Yes,no,yes,96.53,4813.46,37,North,3/5/2018,Yes
CUST-15341,Female,1,No,yes,52,TWO YEAR,Bank transfer,No,No,No,No,YES,16.83,862.28,74,East,2/18/2021,No
CUST-11562,Male,0,no,YES,2,Month-to-month,Credit card,DSL,Y,no,NO,No,54.33,92.27,42,CENTRAL,6/12/2017,No
CUST-10462,Female,0,NO,NO,72,month-to-month,Electronic check,Fiber optic,YES,YES,NO,yes,84.87,6102.83,63,SOUTH,12/27/2018,Yes
CUST-12574,Female,0,NO,Y,9,Month-to-month,Bank transfer,Fiber optic,Yes,Yes,N,yes,76.11,693.01,58,North,7/9/2018,Yes
CUST-12049,Female,0,NO,Yes,10,Two year,Mailed check,Fiber optic,Yes,N,Y,YES,94.67,936.2,55,west,5/23/2018,No
CUST-14566,Female,0,No,Y,50,Month-to-month,Mailed check,DSL,YES,YES,No,yes,47.33,2368.61,28,South,7/1/2022,No
CUST-11639,Female,0,N,Yes,25, Month-to-month ,Credit card,No,No,No,No,no,40.24,1017.25,32,CENTRAL,2/8/2023,Yes
CUST-11722,Female,0,No,No,3,Month-to-month,Credit card,Fiber optic,yes,No,Yes,NO,77.26,230.5,38,Central,2/28/2022,Yes
CUST-12684,Female,0,NO,N,20,One year,Mailed check,No,No,No,No,YES,27.34,554.77,41,South,9/14/2022,No
CUST-13833,Female,0,Y,yes,44,Month-to-month,Credit card,Fiber optic,no,Y,yes,no,100.95,4435.48,54,West,7/20/2019,No
CUST-10391,Female,0,Y,no,21,Month-to-month,Electronic check,DSL,Y,Yes,N,yes,69.1,1466.35,28,CENTRAL,10/24/2023,No
CUST-12250,Male,0,N,No,28,MONTH-TO-MONTH,Mailed check,No,No,No,No,YES,28.2,792.02,68, North ,1/1/2021,No
CUST-13441,Male,1,Yes,Yes,67,Month-to-month,Mailed check,DSL,yes,Yes,N,NO,43.79,2934.89,78,West,6/9/2022,No
CUST-10269,Male,0,Yes,Y,58,One year,Bank transfer,Fiber optic,Yes,N,yes,Yes,103.05,5968.22,69,Central,4/19/2023,No
CUST-14837,Male,0,NO,Y,34,One year,Bank transfer,No,No,No,No,No,32.15,1095.9,65,WEST,8/9/2017,No
CUST-15203,Female,0,no,No,72,MONTH-TO-MONTH,Electronic check,No,No,No,No,NO,44.79,3223.57,43,CENTRAL,12/21/2018,Yes
CUST-11552,Female,0,No,no,20,One year,Electronic check,Fiber optic,Yes,YES,No,YES,97.22,1935.52,55,Central,3/21/2019,No
CUST-11262,Male,0,no,yes,62,One year,Bank transfer,DSL,Yes,Y,YES,NO,62.35,3855.48,34,East,3/22/2020,No
CUST-13495,Male,0,Y,no,12,one year,Mailed check,Fiber optic,no,NO,no,No,97.11,1149.64,52,South,8/12/2017,No
CUST-14448,Male,0,yes,yes,47,Month-to-month,Mailed check,DSL,Y,no,Yes,No,49.36,2306.36,36,West,8/23/2018,No
CUST-12599,Male,0,Yes,YES,5,Month-to-month,Mailed check,DSL,YES,no,N,NO,52.68,263.6,60,east,7/1/2018,Yes
CUST-13661,Female,1,YES,no,5,month-to-month,Mailed check,DSL,Y,yes,NO,yes,44.18,224.98,71,north,9/1/2021,No
CUST-12617,Male,0,YES,YES,66,One year,Credit card,DSL,YES,N,Yes,Y,45.07,2979.28,63,North,2/17/2022,No
CUST-15325,Male,0,Yes,Y,71,Month-to-month,Credit card,Fiber optic,no,YES,no,yes,89.5,6353.46,19,East,5/8/2023,Yes
CUST-13005,Male,1,no,No,59,MONTH-TO-MONTH,Credit card,No,No,No,No,YES,18.9,1123.25,70,NORTH,2/16/2019,No
CUST-11849,Female,0,No,NO,41, Month-to-month ,Credit card,Fiber optic,No,Y,YES,YES,84.92,3494.71,32,Central,9/22/2021,No
CUST-14469,Male,0,yes,yes,64,Month-to-month,Electronic check,No,No,No,No,YES,12.17,760.19,48,north,7/4/2021,Yes
CUST-11478,Female,0,Yes,yes,37,One year,Bank transfer,Fiber optic,no,No,YES,N,107.56,3993.62,54,East,10/2/2019,No
CUST-14881,Male,0,N,Yes,46,Month-to-month,Electronic check,DSL,Yes,No,Y,YES,77.7,3557.15,46,East,9/3/2018,Yes
CUST-15239,Female,0,YES,YES,36,one year,Mailed check,DSL,NO,YES,Y,no,73.66,2659.57,44,South,11/18/2017,No
CUST-11834,Male,0,Yes,No,68,Month-to-month,Credit card,DSL,Yes,no,YES,No,78.95,5366.93,65,Central,3/16/2019,Yes
CUST-13499,Male,0,YES,yes,35,month-to-month,Electronic check,Fiber optic,yes,No,NO,yes,87.6,3053,24,WEST,6/9/2019,Yes
CUST-15306,Male,0,no,Y,68,Month-to-month,Electronic check,DSL,yes,no,yes,No,78.88,5355.9,61,Central,6/29/2018,No
CUST-12836,Male,0,YES,YES,52,One year,Electronic check,DSL,NO,yes,N,YES,46.03,2397.87,25,South,5/26/2021,No
CUST-10958,Female,0,Y,no,16,Two year,Electronic check,Fiber optic,Yes,YES,N,N,66.75,1052.56,49,EAST,5/4/2017,No
CUST-11943,Male,0,N,YES,17,Month-to-month,Electronic check,Fiber optic,N,yes,NO,YES,67.01,1134.95,27,South,3/11/2022,No
CUST-15099,Male,1,N,NO,45,one year,Electronic check,DSL,yes,YES,yes,no,59.69,2700.09,77,East,7/14/2020,Yes
CUST-14924,Female,1,no,N,2,One year,Credit card,Fiber optic,Yes,Yes,Yes,No,85.62,165.66,85,Central,10/10/2023,Yes
CUST-13676,Female,0,yes,yes,68,Month-to-month,Bank transfer,Fiber optic,yes,YES,yes,N,101.67,6929.73,22,East,5/6/2020,Yes
CUST-14674,Male,0,N,NO,72,ONE YEAR,Credit card,DSL,NO,Yes,Y,YES,54.96,3954.23,67,north,6/12/2019,No
CUST-13027,Female,0,N,NO,69,Month-to-month,Credit card,DSL,YES,yes,YES,NO,55.73,3853.22,19,North,10/3/2019,No
CUST-14454,Male,0,N,yes,17,Two year,Bank transfer,No,No,No,No,Yes,20.89,347.94,63,North,10/1/2017,No
CUST-12071,Female,0,yes,yes,17,MONTH-TO-MONTH,Credit card,DSL,no,Yes,YES,YES,79.97,1376.84,67, West ,6/24/2018,No
CUST-10466,Male,0,No,Yes,56,Month-to-month,Mailed check,DSL,N,Yes,No,N,62.21,3471.55,69,West,10/21/2018,Yes
CUST-13436,Female,0,NO,yes,51,month-to-month,Bank transfer,DSL,yes,yes,No,N,40.33,2059.32,37,West,11/5/2020,No
CUST-13768,Male,0,YES,YES,18,one year,Bank transfer,Fiber optic,NO,NO,YES,NO,96.51,1749.53,28,North,9/15/2019,Yes
CUST-14851,Female,0,no,Y,61, Two year ,Bank transfer,Fiber optic,Y,Yes,YES,No,78.73,4818.92,44,North,5/31/2022,Yes
CUST-10544,Male,0,yes,YES,54,Month-to-month,Mailed check,No,No,No,No,Y,27.02,1439.31,67,south,12/9/2021,Yes
CUST-12923,Male,0,N,Y,35,Month-to-month,Bank transfer,DSL,yes,yes,No,No,37.45,1306.52,66,North,6/6/2019,Yes
CUST-12217,Male,0,N,NO,2,Two year,Mailed check,No,No,No,No,No,42.35,67.91,47,Central,12/18/2022,Yes
CUST-11693,Male,0,YES,yes,32,Month-to-month,Mailed check,Fiber optic,NO,No,no,no,68.76,2194.52,21,East,8/16/2018,Yes
CUST-15849,Female,0,N,NO,68,Month-to-month,Mailed check,Fiber optic,no,No,no,Yes,98.57,6688.73,47,NORTH,6/10/2019,Yes
CUST-14309,Female,0,yes,NO,27, Month-to-month ,Mailed check,Fiber optic,no,NO,YES,yes,76.18,2051.24,47,Central,5/29/2017,No
CUST-14132,Male,0,N,no,9,Month-to-month,Mailed check,Fiber optic,N,NO,N,Yes,71.79,641.12,58, Central ,9/26/2020,No
CUST-11445,Female,0,yes,N,58,two year,Credit card,No,No,No,No,No,23.55,1366.15,29,NORTH,4/28/2021,No
CUST-15743,Female,0,yes,YES,36,Month-to-month,Credit card,No,No,No,No,yes,32.86,1164.02,21,Central,11/4/2020,Yes
CUST-15043,Female,1,NO,Yes,7,Month-to-month,Electronic check,Fiber optic,No,Yes,YES,NO,82.44,595.87,75,East,6/28/2018,Yes
CUST-13352,Male,0,yes,Yes,48,Month-to-month,Credit card,Fiber optic,NO,YES,No,N,92.07,4400.82,21,west,8/25/2021,No
CUST-15980,Female,0,N,no,71,Month-to-month,Electronic check,DSL,Y,Yes,YES,NO,62.34,4413.16,38,South,6/12/2020,No
CUST-11924,Female,0,yes,N,21,Month-to-month,Bank transfer,DSL,N,Yes,no,yes,62.45,1292.39,30,East,9/28/2020,No
CUST-14783,Male,0,Y,Yes,28,One year,Electronic check,DSL,no,NO,NO,yes,67.45,1879.18,58,East,9/19/2018,No
CUST-10796,Female,0,NO,Y,48,MONTH-TO-MONTH,Electronic check,DSL,Y,NO,YES,no,45.6,2184.79,62,North,10/26/2020,No
CUST-14430,Female,1,yes,NO,52,Month-to-month,Mailed check,Fiber optic,No,yes,YES,No,89.8,4665.32,70,south,7/24/2019,No
CUST-13545,Male,0,Y,NO,56,One year,Electronic check,No,No,No,No,yes,26.43,1487.85,46, West ,11/15/2020,No
CUST-10294,Female,0,Y,NO,49,MONTH-TO-MONTH,Electronic check,DSL,yes,yes,NO,NO,41.7,2055.95,58,West,7/9/2020,Yes
CUST-12395,Male,1,Yes,NO,22,One year,Mailed check,DSL,Yes,No,no,No,52.76,1164.11,76,north,6/19/2021,No
CUST-10569,Female,0,Y,N,27,MONTH-TO-MONTH,Mailed check,DSL,no,YES,No,Yes,62.87,1677.83,52,South,2/11/2019,Yes
CUST-10447,Male,1,no,No,11,Month-to-month,Mailed check,No,No,No,No,yes,26.12,293.66,76,South,12/28/2021,Yes
CUST-13583,Male,0,NO,YES,49,One year,Mailed check,No,No,No,No,YES,41.99,2054.35,38,Central,6/12/2017,Yes
CUST-10622,Female,0,yes,N,2,Month-to-month,Credit card,Fiber optic,No,Yes,Y,Y,93.14,198.58,68,CENTRAL,9/30/2023,Yes
CUST-14240,Female,0,YES,No,70,one year,Electronic check,DSL,NO,No,NO,Yes,55.71,3910.51,22,South,5/21/2022,No
CUST-12767,Male,1,Yes,No,47,Month-to-month,Credit card,Fiber optic,no,Y,yes,NO,85.54,4031.61,70,West,11/13/2018,Yes
CUST-14388,Female,0,Yes,no,49,Month-to-month,Electronic check,DSL,N,Yes,N,Y,67.34,3310.32,45,central,11/4/2022,No
CUST-11188,Male,0,No,no,60,Month-to-month,Electronic check,Fiber optic,N,No,N,N,91.3,5495.57,32,North,1/29/2022,No
CUST-12419,Male,0,YES,yes,3,One year,Mailed check,Fiber optic,no,YES,yes,no,88.06,269.7,62,East,7/3/2022,No
CUST-14151,Female,0,N,YES,54,Two year,Credit card,No,No,No,No,No,20.82,1132.27,63,west,9/17/2018,No
CUST-15963,Male,1,no,No,51,One year,Mailed check,Fiber optic,no,No,NO,No,99.23,5077.18,81,north,5/14/2017,No
CUST-15942,Male,1,YES,NO,31,month-to-month,Electronic check,No,No,No,No,No,26.8,825.94,84,central,5/8/2020,No
CUST-13566,Male,0,Yes,NO,45,Month-to-month,Electronic check,Fiber optic,No,N,no,Yes,84.6,3807.99,31,North,4/21/2022,Yes
CUST-14492,Female,0,NO,N,17,Month-to-month,Mailed check,DSL,Yes,No,yes,YES,59.92,1005.26,56,SOUTH,2/20/2019,Yes
CUST-13748,Female,1,Yes,no,17,Two year,Mailed check,Fiber optic,NO,No,no,NO,90.61,1544.2,78,West,5/5/2023,No
CUST-14506,Male,0,N,NO,39,Month-to-month,Mailed check,DSL,Yes,yes,Y,yes,50.54,1972.74,67,north,2/6/2020,No
CUST-14780,Male,0,Y,N,64,month-to-month,Bank transfer,Fiber optic,No,Yes,Y,Yes,106.28,6800.26,48,central,5/24/2021,No
CUST-13608,Male,0,no,No,45,One year,Credit card,DSL,no,No,No,no,61.39,2765.81,18,West,12/14/2019,No
CUST-10312,Female,0,no,N,8,Month-to-month,Mailed check,DSL,Y,N,YES,N,54.64,417.42,27,South,12/3/2018,No
CUST-13353,Male,0,YES,Yes,14,MONTH-TO-MONTH,Electronic check,DSL,N,no,N,yes,46.45,642.33,25,EAST,8/31/2020,No
CUST-15845,Male,0,yes,Y,34,Month-to-month,Bank transfer,No,No,No,No,N,25.85,866.23,18,South,9/19/2022,No
CUST-11403,Male,0,YES,Yes,14,Month-to-month,Mailed check,No,No,No,No,No,29.97,419.68,45,North,3/9/2021,No
CUST-11965,Male,1,no,YES,0,Month-to-month,Credit card,No,No,No,No,Y,11.68,,82, East ,2/4/2021,Yes
CUST-11443,Male,0,Y,NO,58,Two year,Bank transfer,Fiber optic,Y,No,Yes,N,91.06,5264.19,37,East,10/31/2019,No
CUST-12961,Female,0,No,N,38,Two year,Credit card,DSL,NO,No,Yes,N,77.64,2932.79,33,East,3/26/2021,No
CUST-12312,Male,0,N,Yes,47,One year,Credit card,Fiber optic,Yes,YES,no,yes,93.19,4367.65,56,North,7/19/2021,Yes
CUST-11785,Male,0,No,N,20, Month-to-month ,Credit card,DSL,No,Y,YES,yes,76.7,1536.77,25,North,6/17/2019,No
CUST-12643,Male,1,N,NO,32,Month-to-month,Credit card,Fiber optic,No,yes,No,no,88.74,2837.79,70,South,5/6/2021,No
CUST-13994,Female,1,Yes,Y,25,Two year,Bank transfer,Fiber optic,Y,NO,YES,yes,82.19,2051.46,84,South,6/20/2023,Yes
CUST-10921,Male,0,NO,YES,19,Two year,Mailed check,DSL,Yes,No,Yes,Y,47.06,887.1,48,WEST,10/23/2022,No
CUST-13704,Male,0,No,no,72,month-to-month,Electronic check,Fiber optic,NO,YES,Yes,Yes,97.1,7002.76,28,South,5/27/2023,Yes
CUST-11768,Female,0,no,Y,36,month-to-month,Mailed check,Fiber optic,no,Yes,No,Yes,94.97,3403.55,33,South,4/25/2022,Yes
CUST-12374,Female,1,N,Yes,23,two year,Mailed check,Fiber optic,YES,NO,No,YES,76.51,1774.03,78,South,2/10/2021,No
CUST-12631,Male,0,Y,No,71,Month-to-month,Electronic check,No,No,No,No,YES,12.79,918.23,38,West,5/11/2018,Yes
CUST-10038,Male,0,No,Y,4,ONE YEAR,Mailed check,DSL,Y,yes,NO,NO,64.07,246.56,48,North,8/11/2020,No
CUST-13406,Male,0,No,NO,48,Two year,Credit card,No,No,No,No,NO,24.38,1155.2,57,North,10/11/2021,No
CUST-10524,Male,0,Y,YES,25,MONTH-TO-MONTH,Credit card,DSL,NO,Y,N,yes,52.06,1308.13,40,West,9/24/2022,Yes
CUST-14038,Female,0,Y,Y,33,Two year,Credit card,No,No,No,No,Yes,36.3,1192.4,50,South,7/27/2018,No
CUST-13934,Female,0,No,NO,53,MONTH-TO-MONTH,Electronic check,Fiber optic,NO,no,Y,NO,91.09,4808.42,24,Central,11/16/2020,Yes
CUST-11409,Female,1,Yes,Y,42,MONTH-TO-MONTH,Bank transfer,No,No,No,No,NO,15.6,664.13,77,North,3/24/2018,Yes
CUST-12122,Male,0,yes,yes,1,Two year,Electronic check,DSL,N,N,no,N,45.99,38.53,18,NORTH,4/8/2022,No
CUST-15314,Female,0,no,Y,39,MONTH-TO-MONTH,Credit card,No,No,No,No,Y,21.83,867.84,53,south,12/14/2021,No
CUST-14650,Female,0,YES,Yes,23,two year,Bank transfer,Fiber optic,Yes,Yes,N,Yes,67.13,1540.16,60,North,11/24/2023,No
CUST-10687,Female,0,NO,No,52, Two year ,Electronic check,No,No,No,No,no,44.21,2287.01,37,NORTH,11/18/2017,No
CUST-13437,Male,0,No,No,20,One year,Mailed check,DSL,no,Y,no,No,39.61,790.03,18,Central,7/28/2019,No
CUST-12034,Female,0,Yes,no,17,month-to-month,Mailed check,Fiber optic,NO,no,Y,N,83.26,1425.3,53,West,1/28/2020,Yes
CUST-14529,Male,0,N,Y,11,ONE YEAR,Bank transfer,No,No,No,No,NO,37.85,424.23,41,North,9/4/2023,No
CUST-10362,Male,0,yes,Yes,1,One year,Credit card,DSL,yes,NO,YES,Yes,55.04,41.28,59,SOUTH,7/24/2023,Yes
CUST-15251,Female,0,N,NO,30,Month-to-month,Electronic check,No,No,No,No,YES,27.04,819.15,50,North,7/8/2021,No
CUST-15763,Male,0,yes,YES,34,one year,Electronic check,Fiber optic,N,YES,NO,NO,78.37,2674,67,central,9/14/2018,Yes
CUST-10255,Female,0,NO,YES,46,Two year,Mailed check,Fiber optic,No,no,Yes,Y,103.16,4750.34,23,North,6/8/2017,Yes
CUST-11253,Female,0,NO,NO,72,One year,Credit card,Fiber optic,Yes,yes,YES,N,79.11,5689.12,55,South,6/10/2021,Yes
CUST-10277,Female,1,N,YES,49,Two year,Bank transfer,No,No,No,No,no,31.76,1547.54,72,Central,7/4/2018,Yes
CUST-12581,Male,0,YES,yes,36,MONTH-TO-MONTH,Bank transfer,No,No,No,No,No,35.78,1301.47,47,North,3/14/2018,No
CUST-11346,Male,0,Yes,no,31,TWO YEAR,Electronic check,No,No,No,No,N,10.86,327.26,18,North,7/12/2020,No
CUST-10707,Female,0,yes,N,17,Month-to-month,Electronic check,DSL,NO,Y,NO,NO,44.33,739.66,61,North,2/23/2018,No
CUST-11240,Female,0,NO,N,55,ONE YEAR,Mailed check,DSL,no,no,N,YES,55.81,3080.85,63,North,6/19/2017,No
CUST-12437,Female,1,Yes,No,37, One year ,Electronic check,No,No,No,No,Y,32.26,1213.07,73,east,8/30/2021,No
CUST-15773,Male,0,NO,no,42,Month-to-month,Mailed check,Fiber optic,no,yes,N,yes,80.88,3378.58,24,east,4/24/2020,No
CUST-12615,Male,0,N,Yes,13,Month-to-month,Electronic check,DSL,No,yes,No,N,39.29,514.38,62,South,11/14/2023,Yes
CUST-12274,Male,1,no,NO,45,Month-to-month,Credit card,DSL,Yes,Yes,Y,yes,64.2,2905.19,71,Central,7/26/2023,Yes
CUST-10969,Female,0,YES,No,23,Month-to-month,Mailed check,Fiber optic,Y,Y,no,no,85.64,1950.44,24,Central,3/28/2022,Yes
CUST-13577,Female,1,N,Yes,30, Month-to-month ,Mailed check,No,No,No,No,no,15.35,466.47,83,EAST,8/31/2023,Yes
CUST-11086,Female,0,Yes,Y,64,Two year,Credit card,Fiber optic,Yes,yes,N,Yes,91.08,5832.83,24,West,6/5/2023,No
CUST-12619,Female,0,no,no,13,One year,Credit card,Fiber optic,No,NO,NO,yes,92.75,1197.31,23,Central,7/5/2017,No
CUST-14728,Male,0,N,NO,30,One year,Credit card,Fiber optic,N,no,no,yes,97.03,2899.91,43,South,10/1/2022,No
CUST-14327,Female,0,yes,N,61, One year ,Mailed check,Fiber optic,N,Y,Yes,YES,106.33,6497.4,51,west,2/2/2023,Yes
CUST-13746,Female,0,yes,No,58,One year,Credit card,DSL,N,Yes,NO,N,54.84,3174.01,69,South,10/5/2021,No
CUST-15609,Male,0,no,YES,34,Month-to-month,Credit card,Fiber optic,Yes,Y,YES,yes,99.61,3385.98,21,West,6/20/2020,Yes
CUST-11973,Male,0,YES,Y,24,Month-to-month,Bank transfer,No,No,No,No,yes,15.45,353.35,48,central,10/17/2020,Yes
CUST-10983,Male,1,Yes,N,29,Two year,Mailed check,DSL,no,Yes,N,Y,50.23,1456.03,70,West,11/23/2019,No
CUST-13125,Male,1,Yes,Yes,35,MONTH-TO-MONTH,Electronic check,No,No,No,No,YES,42.1,1487.42,79,north,12/2/2023,Yes
CUST-14889,Female,0,N,NO,61,month-to-month,Credit card,Fiber optic,NO,yes,Y,YES,103.74,6339.42,39,NORTH,5/21/2023,Yes
CUST-13253,Female,0,No,Y,68,month-to-month,Credit card,DSL,Y,Yes,No,yes,35.83,2423.82,53,South,6/28/2018,No
CUST-13698,Male,0,no,YES,38,month-to-month,Mailed check,Fiber optic,yes,Y,no,Yes,91.63,3497.16,49,North,4/22/2020,Yes
CUST-15223,Female,0,YES,Y,15,month-to-month,Bank transfer,Fiber optic,no,Y,Yes,YES,88.35,1317.76,43,East,5/15/2021,Yes
CUST-13234,Male,0,no,NO,27,Month-to-month,Bank transfer,DSL,YES,NO,NO,no,55.99,1507.61,50,South,9/13/2021,Yes
CUST-10748,Female,0,N,no,22,Two year,Mailed check,No,No,No,No,N,33.56,753.63,31,North,7/7/2021,No
CUST-15840,Female,0,NO,YES,6,Month-to-month,Electronic check,Fiber optic,Y,YES,no,no,97.97,597.94,66,South,11/10/2022,Yes
CUST-15295,Male,1,YES,yes,28,Month-to-month,Electronic check,Fiber optic,Y,N,Y,no,84.48,2354.54,77,South,1/15/2022,Yes
CUST-13947,Female,0,NO,N,70,Month-to-month,Credit card,Fiber optic,YES,no,N,no,96.18,6737.13,39,East,9/2/2020,No
CUST-15955,Male,0,NO,No,24,Month-to-month,Mailed check,Fiber optic,Yes,YES,no,NO,78.88,1894.2,66,West,8/13/2020,Yes
CUST-11150,Female,0,yes,N,13,Month-to-month,Bank transfer,Fiber optic,no,Y,yes,Yes,103.3,1336.67,27,West,11/21/2021,No
CUST-12389,Female,1,No,N,48,Month-to-month,Bank transfer,DSL,N,Yes,Yes,No,72.75,3475.66,76,east,4/3/2022,No
CUST-14131,Female,0,Y,yes,0,Month-to-month,Mailed check,Fiber optic,NO,Yes,YES,Y,83.81,,41,EAST,11/29/2023,No
CUST-12174,Female,0,yes,Yes,28,Two year,Mailed check,Fiber optic,No,N,Yes,Yes,107.63,3004.77,18,WEST,11/17/2018,No
CUST-13719,Male,0,yes,no,59,One year,Bank transfer,Fiber optic,NO,YES,No,YES,75.68,4447.27,58,EAST,12/26/2021,No
CUST-10855,Male,0,NO,No,1,month-to-month,Credit card,Fiber optic,No,YES,Y,yes,108.81,94.67,39,South,5/16/2017,Yes
CUST-10745,Female,0,NO,N,39,One year,Electronic check,Fiber optic,no,yes,yes,N,103.3,4015.86,30,north,11/13/2021,No
CUST-11653,Male,1,Y,No,3,One year,Mailed check,No,No,No,No,YES,25.19,59.93,71,West,8/18/2019,Yes
CUST-15033,Male,0,No,Y,72,TWO YEAR,Mailed check,DSL,No,YES,YES,Y,53.58,3852.05,34, Central ,3/10/2021,No
CUST-13301,Male,0,yes,no,8,Month-to-month,Credit card,Fiber optic,N,no,No,NO,89.83,707.03,35,Central,8/16/2017,Yes
CUST-14434,Female,0,YES,no,42,Month-to-month,Credit card,Fiber optic,no,No,YES,Y,81.09,3416.28,48,East,8/29/2021,Yes
CUST-12571,Female,0,NO,Y,31,Two year,Mailed check,DSL,No,NO,YES,No,75.01,2335.96,43,Central,10/26/2019,No
CUST-10910,Male,0,Yes,Yes,9,Month-to-month,Mailed check,DSL,yes,no,yes,Y,78.44,690.63,31,East,2/22/2022,No
CUST-11545,Male,0,Yes,Y,9,Two year,Electronic check,Fiber optic,yes,Yes,no,No,75.04,692.14,51,North,6/20/2022,Yes
CUST-12884,Male,0,N,Y,63,Month-to-month,Bank transfer,No,No,No,No,no,10.01,611.95,21,NORTH,12/10/2017,Yes
CUST-11046,Female,0,No,no,63,Two year,Bank transfer,Fiber optic,Yes,yes,N,Yes,81.1,5113.93,19,North,6/24/2023,No
CUST-13089,Male,0,YES,NO,64,month-to-month,Bank transfer,DSL,Yes,No,N,YES,58.72,3776.95,51, West ,8/24/2023,Yes
CUST-10148,Female,0,No,Y,13,One year,Mailed check,Fiber optic,no,NO,No,N,79.58,1046.06,61,east,5/31/2020,Yes
CUST-15255,Male,1,Yes,no,64, Month-to-month ,Mailed check,No,No,No,No,No,11.37,718.68,74,Central,7/24/2021,Yes
CUST-15298,Female,0,NO,NO,72,Two year,Bank transfer,Fiber optic,Y,No,NO,YES,73.24,5260.78,37,East,10/1/2021,Yes
CUST-11715,Male,0,YES,No,49,Two year,Mailed check,No,No,No,No,NO,13.78,672.18,-5,NORTH,6/5/2020,No
CUST-12276,Female,0,Y,Y,53,Month-to-month,Credit card,Fiber optic,Yes,N,Yes,N,78.8,4165.81,34,West,7/21/2019,No
CUST-10733,Female,0,YES,Yes,38,month-to-month,Bank transfer,DSL,YES,no,YES,YES,51.34,1960.98,64,South,2/17/2022,Yes
CUST-15049,Male,0,no,No,31,MONTH-TO-MONTH,Mailed check,Fiber optic,Y,Y,yes,NO,99.66,3088.38,60,South,12/21/2019,No
CUST-10113,Male,0,yes,N,47,MONTH-TO-MONTH,Electronic check,Fiber optic,N,Yes,yes,YES,104.78,4941.7,43,North,4/5/2020,Yes
CUST-11630,Female,0,no,yes,60,Month-to-month,Mailed check,Fiber optic,Y,yes,no,no,70.15,4198.39,62,East,4/19/2022,Yes
CUST-10394,Female,0,Yes,NO,15,MONTH-TO-MONTH,Credit card,Fiber optic,NO,Yes,yes,yes,93.31,1391.24,53,EAST,2/4/2022,Yes
CUST-14262,Female,0,No,No,17,Month-to-month,Bank transfer,No,No,No,No,Y,43.33,750.79,60,Central,12/2/2023,Yes
CUST-13153,Female,0,N,NO,32,Month-to-month,Bank transfer,Fiber optic,no,YES,YES,YES,102.86,3307.13,46,South,7/18/2023,Yes
CUST-15635,Female,0,Yes,NO,54,ONE YEAR,Credit card,Fiber optic,Yes,no,YES,yes,94.27,5089.5,34,North,1/30/2019,No
CUST-13561,Female,0,no,No,53,Two year,Bank transfer,Fiber optic,Y,Yes,No,yes,82.13,4372.5,41,WEST,12/1/2017,Yes
CUST-11575,Male,0,N,yes,32,month-to-month,Electronic check,DSL,No,Y,No,Yes,36.54,1170.67,34,South,6/15/2021,No
CUST-13949,Female,0,yes,yes,65,month-to-month,Electronic check,Fiber optic,no,YES,no,No,92.58,6003.47,34,Central,11/30/2022,Yes
CUST-13515,Female,1,No,Y,44,Month-to-month,Credit card,No,No,No,No,N,10.13,458.11,79,North,8/7/2023,No
CUST-11962,Male,0,No,No,25,Month-to-month,Electronic check,No,No,No,No,No,15.73,393.52,48,Central,10/25/2021,Yes
CUST-11068,Male,0,Yes,No,11,One year,Bank transfer,Fiber optic,no,no,N,N,70.58,791.8,49,East,8/23/2021,No
CUST-14854,Female,0,N,No,63,Month-to-month,Mailed check,Fiber optic,no,NO,N,yes,83.27,5243.23,61,central,10/25/2022,No
CUST-12295,Male,0,Y,no,63,Two year,Credit card,Fiber optic,Yes,Y,NO,Yes,90.81,5730,45,East,5/16/2020,No
CUST-14446,Male,0,no,no,11,Month-to-month,Credit card,Fiber optic,yes,yes,no,No,93.69,1021.15,38,EAST,8/25/2019,No
CUST-10295,Female,1,yes,N,14,Two year,Credit card,DSL,yes,yes,no,yes,65.84,930.92,78,Central,10/8/2021,Yes
CUST-10959,Male,0,yes,Yes,64,month-to-month,Credit card,Fiber optic,no,N,N,no,72.72,4645.64,50,central,8/7/2021,No
CUST-14399,Female,0,NO,Yes,51,Month-to-month,Electronic check,DSL,Yes,YES,no,N,60.24,3054.14,61,South,10/24/2022,No
CUST-11815,Female,0,NO,YES,43,One year,Credit card,Fiber optic,Y,No,Y,NO,97.08,4169.37,31,SOUTH,8/15/2023,Yes
CUST-11525,Male,0,yes,NO,57,Month-to-month,Bank transfer,DSL,Yes,Yes,yes,Y,75.23,4293.07,57,east,5/22/2018,No
CUST-10785,Male,0,no,NO,29,Month-to-month,Bank transfer,Fiber optic,Yes,No,Y,Y,81.56,2373.82,18,West,1/13/2022,Yes
CUST-13490,Male,0,Yes,YES,54,ONE YEAR,Mailed check,No,No,No,No,NO,18.09,989.88,52,West,6/11/2020,No
CUST-13546,Male,0,No,N,41,Two year,Electronic check,DSL,N,NO,Y,Y,62.4,2538.67,55,Central,9/24/2018,Yes
CUST-11988,Female,0,Yes,NO,9,month-to-month,Bank transfer,Fiber optic,Y,YES,no,Y,65.06,581.11,37,East,4/11/2021,No
CUST-11070,Male,0,N,YES,34,month-to-month,Bank transfer,Fiber optic,No,YES,yes,NO,97.76,3304.56,24,Central,12/7/2019,No
CUST-11862,Female,0,Y,yes,3,one year,Mailed check,DSL,yes,no,no,NO,44.29,145.67,26,North,5/25/2018,No
CUST-15404,Male,0,Yes,yes,71,TWO YEAR,Credit card,No,No,No,No,N,23.13,1627.61,65,South,8/9/2020,No
CUST-10685,Female,0,YES,Yes,7,One year,Electronic check,DSL,No,N,No,No,46.02,319.24,65,WEST,6/7/2023,No
CUST-15090,Male,0,NO,yes,46,MONTH-TO-MONTH,Electronic check,No,No,No,No,N,22.34,1009.97,35,Central,10/28/2017,Yes
CUST-10350,Female,0,YES,No,55,Month-to-month,Credit card,Fiber optic,Yes,no,YES,NO,83.34,4574.74,55,CENTRAL,8/12/2019,Yes
CUST-12118,Male,1,NO,no,64,month-to-month,Electronic check,DSL,yes,Y,No,No,55.46,3547.89,81,east,11/21/2018,Yes
CUST-10916,Female,0,No,no,49,One year,Mailed check,DSL,NO,yes,NO,N,48.89,2388.54,35,South,4/21/2022,No
CUST-15681,Male,0,NO,YES,19,one year,Mailed check,Fiber optic,no,yes,No,YES,72.34,1373.5,57, West ,2/18/2023,No
CUST-10146,Male,0,YES,N,17,Month-to-month,Bank transfer,No,No,No,No,NO,34.92,611.06,58,East,6/25/2021,No
CUST-11910,Male,0,Y,no,23,Two year,Bank transfer,DSL,No,NO,Yes,YES,67.27,1551.65,25,West,9/10/2022,No
CUST-11475,Male,1,YES,NO,65,One year,Mailed check,DSL,N,NO,N,yes,56.67,3696.19,76,WEST,6/2/2023,No
CUST-11417,Female,0,no,No,70,ONE YEAR,Electronic check,DSL,NO,N,yes,yes,78.57,5493.91,26,South,11/5/2017,No
CUST-11135,Female,0,No,Y,4,Month-to-month,Mailed check,Fiber optic,N,no,N,No,71.43,293.15,27,East,3/23/2023,Yes
CUST-14134,Male,1,no,Yes,2,One year,Mailed check,Fiber optic,Yes,no,NO,no,82.66,175.79,79,East,12/12/2020,No
CUST-12854,Female,0,no,yes,13,month-to-month,Mailed check,Fiber optic,no,Yes,Yes,yes,94.22,1220.22,58,West,2/27/2018,Yes
CUST-11492,Male,1,YES,NO,52,MONTH-TO-MONTH,Credit card,DSL,yes,Yes,N,yes,48.02,2508.7,81,Central,8/16/2018,No
CUST-11933,Male,1,N,yes,72,Month-to-month,Credit card,Fiber optic,yes,YES,Yes,no,109.55,7872.42,76,East,3/6/2018,No
CUST-14569,Female,1,no,NO,25,Month-to-month,Electronic check,No,No,No,No,N,23.05,582.74,80,West,11/18/2019,No
CUST-12141,Female,0,no,NO,3,One year,Electronic check,No,No,No,No,yes,12.04,26.74,29,South,5/26/2023,Yes
CUST-14893,Female,0,YES,Y,18,MONTH-TO-MONTH,Credit card,Fiber optic,No,YES,no,No,82.33,1467.61,28,East,1/21/2021,No
CUST-13318,Female,0,Yes,N,26,One year,Bank transfer,DSL,no,Yes,no,YES,55.7,1440.83,32,East,9/15/2019,No
CUST-13892,Female,0,No,Y,12,TWO YEAR,Credit card,DSL,Y,No,NO,N,38.22,475.38,39,South,3/24/2019,No
CUST-10303,Female,0,no,yes,28,Two year,Mailed check,DSL,no,yes,No,yes,48.26,1362.78,25,South,2/15/2020,No
CUST-11175,Male,0,no,no,54,month-to-month,Mailed check,Fiber optic,Y,no,yes,No,84.03,4527.04,34,West,12/30/2018,Yes
CUST-10351,Male,0,No,YES,38,one year,Mailed check,Fiber optic,yes,YES,NO,N,87.05,3292.6,45,Central,2/28/2023,No
CUST-15958,Male,0,No,No,13,Month-to-month,Bank transfer,Fiber optic,N,N,no,No,74.13,946.98,30,North,12/27/2019,Yes
CUST-12766,Male,0,Yes,YES,63,MONTH-TO-MONTH,Mailed check,Fiber optic,Y,N,Yes,N,105.55,6663.44,46,Central,11/24/2020,No
CUST-14736,Male,0,Y,Y,2,Month-to-month,Electronic check,DSL,N,N,N,yes,62.9,138.61,45,East,1/20/2019,Yes
CUST-15367,Male,1,NO,N,35,MONTH-TO-MONTH,Mailed check,No,No,No,No,YES,31.17,1102.92,75,East,5/27/2017,No
CUST-13440,Male,0,yes,Yes,39,Month-to-month,Mailed check,DSL,no,N,No,YES,40.59,1591.91,60,Central,10/8/2022,Yes
CUST-12739,Female,0,Y,NO,51,one year,Electronic check,Fiber optic,Y,Y,NO,NO,91.58,4665.61,42,South,11/11/2023,No
CUST-13671,Female,0,YES,Yes,0,Month-to-month,Electronic check,Fiber optic,N,NO,Yes,YES,95.22,,64, North ,12/13/2020,No
CUST-12144,Female,0,N,N,21,Month-to-month,Bank transfer,Fiber optic,NO,yes,yes,No,98.17,2077.02,29,East,8/5/2018,Yes
CUST-15594,Female,0,yes,N,40,One year,Mailed check,Fiber optic,Yes,YES,no,no,68.96,2770.83,45,North,9/28/2020,No
CUST-14982,Female,0,YES,YES,53, Month-to-month ,Mailed check,Fiber optic,YES,Yes,yes,NO,78.06,4137,45, East ,10/23/2020,No
CUST-15117,Female,1,Yes,no,45,Month-to-month,Electronic check,Fiber optic,YES,NO,no,no,71.5,3220.85,81,North,12/9/2019,Yes
CUST-10572,Male,0,No,Y,16,MONTH-TO-MONTH,Electronic check,DSL,YES,N,Yes,NO,77.81,1233.35,48,EAST,7/17/2023,No
CUST-11222,Male,0,Y,Y,5,Month-to-month,Credit card,DSL,N,yes,Y,Yes,68.94,357.56,63,North,7/19/2019,No
CUST-14539,Female,0,Y,NO,13,One year,Mailed check,DSL,N,no,No,N,46.56,610.54,38,West,11/3/2023,No
CUST-12315,Female,0,no,no,47,One year,Electronic check,DSL,no,NO,N,Yes,36.23,1690.11,32,CENTRAL,7/11/2023,Yes
CUST-12425,Female,0,YES,NO,72,one year,Mailed check,Fiber optic,YES,YES,Yes,yes,77.53,5566.08,46,central,7/10/2017,No
CUST-14461,Male,1,NO,NO,25,One year,Mailed check,Fiber optic,no,no,YES,no,107.67,2675.97,75,east,10/16/2022,No
CUST-15917,Female,0,Y,N,9,Two year,Credit card,No,No,No,No,No,21.42,178.32,62,North,2/26/2020,No
CUST-14668,Male,1,YES,NO,44,Two year,Electronic check,Fiber optic,N,no,NO,Y,78.28,3449.58,74,west,6/1/2017,No
CUST-10199,Female,0,Y,Yes,66,Two year,Credit card,No,No,No,No,Yes,16.29,1078.56,62,WEST,10/16/2017,No
CUST-13175,Female,0,NO,Y,52,Two year,Mailed check,Fiber optic,yes,Y,Y,no,78.1,4042.68,45,South,3/14/2019,Yes
CUST-14341,Female,0,NO,YES,24,month-to-month,Bank transfer,DSL,YES,NO,no,yes,44.83,1081.61,33,North,9/8/2020,No
CUST-11640,Female,0,Y,N,42,Two year,Credit card,Fiber optic,no,Yes,No,Y,74.77,3126.99,23,West,5/11/2021,Yes
CUST-10179,Male,0,Y,Y,39,one year,Credit card,No,No,No,No,Yes,21.56,854.58,27,Central,4/17/2023,No
CUST-12000,Female,1,No,N,18,Month-to-month,Electronic check,DSL,Yes,no,no,NO,66.45,1199.27,73,Central,1/27/2023,No
CUST-13882,Female,0,YES,YES,28,TWO YEAR,Credit card,Fiber optic,YES,Yes,N,YES,70.14,1954.88,42,West,9/8/2020,No
CUST-15833,Male,0,yes,Yes,49,Month-to-month,Mailed check,DSL,Y,YES,no,NO,40.82,1997.14,52,east,4/20/2022,No
CUST-15882,Female,0,Yes,Y,46,Two year,Bank transfer,DSL,yes,YES,Yes,yes,70.6,3253.46,43, Central ,5/5/2022,No
CUST-14876,Female,0,yes,no,15,Month-to-month,Electronic check,DSL,No,YES,NO,Y,60.59,925.03,25,west,12/14/2018,Yes
CUST-14248,Male,1,N,N,45,One year,Mailed check,No,No,No,No,Yes,35.45,1611.38,84,South,4/25/2017,No
CUST-13036,Male,0,Yes,Yes,38,One year,Electronic check,No,No,No,No,no,19.65,730.72,47,NORTH,10/9/2018,No
CUST-15983,Female,1,yes,Yes,59,Month-to-month,Bank transfer,DSL,Yes,N,yes,N,72.98,4320.36,77,Central,9/28/2018,Yes
CUST-13423,Female,0,N,YES,15,MONTH-TO-MONTH,Mailed check,Fiber optic,N,N,yes,N,109.64,1640.02,39,West,7/14/2017,Yes
CUST-11647,Female,0,NO,No,12,Month-to-month,Electronic check,DSL,Yes,YES,Yes,Yes,74.51,878.6,49,North,1/3/2020,No
CUST-12724,Male,0,No,Y,36,Month-to-month,Credit card,No,No,No,No,yes,44.13,1593.31,26,Central,6/13/2018,Yes
CUST-15406,Female,1,N,Yes,48,One year,Electronic check,Fiber optic,NO,YES,YES,N,81.52,3930.39,79,NORTH,7/28/2021,No
CUST-11315,Male,0,NO,no,65,Month-to-month,Bank transfer,DSL,NO,Y,No,N,63.29,4108.28,68,East,8/12/2020,Yes
CUST-13308,Female,0,No,YES,60,Two year,Bank transfer,DSL,Y,YES,NO,NO,51.02,3072.66,56,West,2/20/2023,No
CUST-10387,Female,0,YES,NO,71, Two year ,Mailed check,Fiber optic,no,No,No,yes,81.39,5774.09,49,Central,9/30/2022,No
CUST-11585,Male,0,YES,Yes,56,One year,Credit card,Fiber optic,NO,YES,Yes,NO,78.07,4352.9,65,North,11/18/2022,Yes
CUST-15643,Female,0,Y,no,49,One year,Credit card,DSL,No,N,Yes,yes,69.17,3407.48,43,East,5/27/2021,Yes
CUST-15740,Male,0,N,NO,71,Month-to-month,Credit card,DSL,NO,YES,no,No,42.31,3004.7,26,NORTH,4/10/2020,No
CUST-15166,Male,0,YES,Yes,63,Two year,Mailed check,DSL,N,Yes,YES,YES,63,3986.53,37,South,4/25/2018,Yes
CUST-15066,Female,0,Y,NO,20,Month-to-month,Mailed check,DSL,No,No,Y,no,70.65,1414.32,34,South,4/21/2017,No
CUST-10516,Female,0,no,Yes,62, Two year ,Bank transfer,No,No,No,No,NO,12.41,754.82,37,South,7/4/2019,Yes
CUST-15433,Female,1,no,YES,25, One year ,Electronic check,Fiber optic,NO,Y,Y,yes,96.21,2398.29,77,Central,5/19/2018,No
CUST-13015,Female,0,N,NO,62,Month-to-month,Bank transfer,Fiber optic,Y,No,yes,No,95.94,5941.52,64,South,10/10/2019,No
CUST-12860,Male,1,yes,YES,52,two year,Credit card,DSL,NO,Y,Y,yes,77.98,4056.69,76,West,5/4/2020,Yes
CUST-15094,Female,1,Y,NO,22,Month-to-month,Bank transfer,No,No,No,No,NO,44.53,969.8,84,central,1/20/2021,No
CUST-12610,Male,0,Yes,NO,2,Two year,Electronic check,Fiber optic,No,No,Y,Y,94.1,172.25,62,south,3/3/2018,Yes
CUST-11921,Female,0,Yes,no,0,TWO YEAR,Credit card,DSL,No,no,Yes,no,64.57,,24,North,12/5/2017,No
CUST-15660,Male,1,No,Yes,54,ONE YEAR,Electronic check,Fiber optic,NO,NO,yes,no,92.3,4969.52,80,North,8/10/2019,Yes
CUST-15463,Female,0,no,Yes,61, Month-to-month ,Bank transfer,No,No,No,No,No,25.37,1565.12,60,North,5/20/2019,No
CUST-11591,Female,0,yes,Y,6,One year,Credit card,Fiber optic,N,Yes,N,N,81.11,504.04,61,West,12/20/2021,No
CUST-12145,Female,0,no,N,40,Month-to-month,Bank transfer,DSL,Y,Y,Y,No,78.59,3136.37,23,west,5/10/2019,Yes
CUST-15046,Male,0,No,YES,55,One year,Credit card,Fiber optic,YES,NO,NO,N,70.32,3882.3,24,east,9/8/2021,Yes
CUST-12972,Female,1,Yes,YES,17,month-to-month,Electronic check,Fiber optic,No,Yes,N,yes,96.25,1651.86,70,South,2/10/2019,Yes
CUST-11546,Female,0,Y,N,31,Month-to-month,Bank transfer,DSL,YES,No,yes,Y,66.85,2057.14,19,North,11/14/2018,No
CUST-14943,Male,0,yes,yes,53,MONTH-TO-MONTH,Electronic check,DSL,Yes,Yes,yes,NO,59.92,3194.12,56,NORTH,11/8/2022,No
CUST-11617,Female,0,Yes,No,23,Month-to-month,Bank transfer,Fiber optic,YES,Y,N,Y,95.88,2214.24,55, North ,7/29/2018,Yes
CUST-13039,Female,0,Y,yes,14,Two year,Bank transfer,DSL,yes,yes,No,NO,59.97,847.31,35,Central,10/31/2022,No
CUST-11505,Male,1,Yes,YES,41,Month-to-month,Credit card,Fiber optic,Y,yes,no,yes,80.45,3302.19,84,Central,6/30/2019,No
CUST-12195,Male,0,no,Yes,26,Two year,Mailed check,No,No,No,No,no,17.38,434.2,36,Central,11/13/2021,No
CUST-12418,Female,0,N,No,62,Month-to-month,Electronic check,Fiber optic,No,YES,no,N,89.18,5549.14,23,East,8/22/2020,No
CUST-12355,Male,1,YES,Y,21,month-to-month,Mailed check,No,No,No,No,No,36.9,790.27,81,Central,8/21/2019,Yes
CUST-12007,Male,0,No,YES,39,Month-to-month,Credit card,Fiber optic,no,N,Yes,No,95.68,3728.31,64,north,5/20/2021,Yes
CUST-10343,Female,1,no,Yes,51,Month-to-month,Mailed check,No,No,No,No,N,34.59,1774.08,77,West,12/30/2017,Yes
CUST-13682,Male,0,No,No,23,month-to-month,Mailed check,DSL,Yes,NO,No,yes,51.66,1196.87,36,East,1/19/2021,No
CUST-15520,Female,1,No,Yes,39,MONTH-TO-MONTH,Mailed check,No,No,No,No,No,17.49,687.17,81,North,10/18/2021,Yes
CUST-12151,Male,0,NO,Yes,41,Month-to-month,Mailed check,Fiber optic,Yes,NO,N,Y,96.07,3943.83,52,South,1/4/2023,No
CUST-13473,Male,0,Yes,N,1,Month-to-month,Mailed check,DSL,No,YES,Yes,YES,64.78,61.31,58,Central,4/12/2017,No
CUST-15552,Male,0,no,NO,33,Two year,Mailed check,DSL,Y,Y,Y,Y,54.71,1807.83,46,central,4/22/2019,No
CUST-12356,Female,0,N,Yes,26,Month-to-month,Credit card,Fiber optic,no,YES,no,No,79.21,2060.14,31,Central,4/13/2017,No
CUST-12234,Female,0,NO,yes,6,One year,Mailed check,Fiber optic,N,no,N,YES,96.58,563.91,56,North,1/18/2023,No
CUST-10028,Male,0,Y,N,37,Month-to-month,Bank transfer,Fiber optic,N,yes,no,yes,87.67,3260.13,27,Central,2/13/2023,No
CUST-14254,Male,1,No,NO,53,month-to-month,Mailed check,Fiber optic,N,yes,No,N,97.03,5123.73,75,CENTRAL,1/30/2018,No
CUST-14116,Male,0,yes,yes,18,Month-to-month,Bank transfer,Fiber optic,N,No,YES,YES,82.39,1494.49,67,North,5/13/2022,No
CUST-12079,Female,1,N,No,42,Month-to-month,Mailed check,No,No,No,No,NO,33.56,1426.44,80,West,6/25/2018,No
CUST-10529,Female,0,YES,NO,18,MONTH-TO-MONTH,Credit card,Fiber optic,NO,YES,No,NO,84.8,1529.14,50,WEST,4/18/2023,No
CUST-14991,Female,1,no,N,62,Month-to-month,Credit card,No,No,No,No,No,30.63,1890.65,73,East,9/24/2018,Yes
CUST-11676,Female,1,Yes,NO,27,Month-to-month,Credit card,No,No,No,No,NO,26.04,716.96,81,central,12/21/2020,Yes
CUST-12569,Male,0,NO,yes,53,month-to-month,Mailed check,Fiber optic,Y,no,Yes,yes,108.3,5752.46,56,North,1/6/2021,Yes
CUST-10905,Female,1,yes,yes,0,MONTH-TO-MONTH,Mailed check,No,No,No,No,YES,19.66,,72,SOUTH,9/23/2019,Yes
CUST-14247,Female,0,N,Yes,50,one year,Bank transfer,DSL,yes,NO,Y,Yes,78.84,3946.28,41,North,11/24/2017,No
CUST-15712,Male,0,NO,YES,31,Month-to-month,Bank transfer,DSL,N,Yes,Yes,YES,79.57,2456.47,27,South,1/31/2020,No
CUST-15815,Female,0,N,NO,44,Month-to-month,Electronic check,Fiber optic,N,Y,YES,no,99.06,4375.61,67,North,3/9/2021,Yes
CUST-12948,Female,0,NO,YES,41,Month-to-month,Electronic check,No,No,No,No,No,40.19,1635.58,43,North,8/15/2022,No
CUST-14415,Male,0,Yes,NO,68,month-to-month,Bank transfer,No,No,No,No,Y,19.15,1289.35,37,South,3/10/2018,No
CUST-14959,Male,0,yes,No,21,MONTH-TO-MONTH,Bank transfer,No,No,No,No,NO,15.79,332.48,55,SOUTH,5/5/2022,No
CUST-11754,Male,0,No,No,13,Month-to-month,Bank transfer,Fiber optic,Y,NO,No,Y,75.76,988.34,19,North,8/20/2023,No
CUST-14022,Female,0,No,NO,3,MONTH-TO-MONTH,Mailed check,Fiber optic,NO,no,No,yes,88.02,262.69,29, East ,6/22/2017,No
CUST-11842,Female,0,No,no,46,Month-to-month,Electronic check,Fiber optic,Yes,Yes,YES,NO,76.71,3532.78,47, East ,7/6/2022,No
CUST-13967,Female,1,NO,N,54,MONTH-TO-MONTH,Electronic check,No,No,No,No,Yes,21.78,1176.23,82,south,8/18/2023,Yes
CUST-14627,Female,1,yes,Yes,2,Month-to-month,Electronic check,No,No,No,No,Yes,21.03,48.24,82,NORTH,8/1/2017,No
CUST-10725,Female,0,Y,YES,57,One year,Bank transfer,No,No,No,No,yes,23.5,1333.4,62,North,7/17/2023,No
CUST-14125,Female,0,yes,No,70,MONTH-TO-MONTH,Bank transfer,Fiber optic,yes,N,YES,NO,96.61,6747.61,54,Central,8/7/2017,No
CUST-15114,Female,0,YES,yes,39,One year,Credit card,Fiber optic,Yes,YES,no,Yes,87.52,3410.72,53,East,1/1/2022,No
CUST-15992,Female,0,yes,Yes,35,Month-to-month,Mailed check,DSL,No,yes,N,Y,54.34,1906.88,58, Central ,2/6/2023,No
CUST-15253,Male,0,No,no,19,Two year,Mailed check,Fiber optic,Y,No,Yes,N,81.99,1559.05,34,central,6/21/2017,No
CUST-11489,Female,0,N,Y,48,Month-to-month,Bank transfer,Fiber optic,No,YES,yes,YES,82.17,3941.81,51,East,1/3/2018,Yes
CUST-15429,Male,0,Y,yes,6,month-to-month,Electronic check,No,No,No,No,NO,20.76,133.61,36,WEST,10/6/2019,No
CUST-12263,Female,0,no,yes,46,One year,Electronic check,DSL,NO,Y,YES,NO,49.83,2304.86,21,East,2/11/2020,Yes
CUST-15888,Male,0,N,no,38,Month-to-month,Credit card,DSL,Y,No,Y,YES,72.13,2722.15,29,East,11/21/2019,No
CUST-15036,Male,0,yes,Y,48,Two year,Mailed check,Fiber optic,Yes,YES,no,Y,91.43,4386.02,30,north,12/16/2019,Yes
CUST-15667,Male,0,NO,NO,47,MONTH-TO-MONTH,Electronic check,DSL,yes,no,Yes,No,73.34,3461.8,51,east,1/9/2021,Yes
CUST-10031,Female,0,YES,N,56,One year,Mailed check,DSL,YES,Y,yes,NO,64.28,3601.77,23,West,5/26/2021,No
CUST-12239,Male,0,N,No,24,One year,Mailed check,Fiber optic,Y,No,Y,YES,82.43,1988.75,29,South,6/11/2017,No
CUST-15620,Female,0,Yes,No,10, Month-to-month ,Electronic check,DSL,No,N,Y,No,48.91,488.52,19,Central,5/19/2023,No
CUST-10859,Male,0,N,No,30, Month-to-month ,Credit card,Fiber optic,Yes,No,YES,YES,78.17,2361.15,36,South,1/6/2019,Yes
CUST-14556,Female,0,no,yes,18,Month-to-month,Electronic check,No,No,No,No,No,18.47,335.77,59,North,7/5/2020,No
CUST-12113,Female,1,no,N,60,One year,Electronic check,DSL,YES,NO,No,NO,40.97,2471.17,84,North,1/21/2018,Yes
CUST-10055,Female,0,NO,No,66,TWO YEAR,Bank transfer,DSL,Y,no,No,no,63.58,4211.67,19,South,4/8/2019,No
CUST-11171,Male,0,no,YES,47,MONTH-TO-MONTH,Credit card,DSL,N,NO,Y,yes,57.53,2718.3,47,SOUTH,3/20/2022,No
CUST-13696,Female,0,yes,N,57,Two year,Mailed check,DSL,N,No,yes,Y,74.16,4240.77,60,NORTH,12/20/2019,No
CUST-11589,Female,0,no,No,16,month-to-month,Bank transfer,DSL,no,no,Y,yes,56.35,906.02,63,North,3/14/2022,Yes
CUST-13591,Male,0,YES,N,32,one year,Electronic check,DSL,no,Yes,No,no,42.74,1370.98,51, Central ,2/20/2019,Yes
CUST-13662,Female,0,YES,no,49,One year,Credit card,Fiber optic,No,NO,N,yes,89.74,4413.54,48,Central,3/3/2020,No
CUST-14850,Female,0,N,N,65,Month-to-month,Electronic check,No,No,No,No,Yes,32.55,2124.09,22,west,6/14/2019,Yes
CUST-12139,Female,0,Yes,Y,71,Month-to-month,Bank transfer,DSL,Y,Y,yes,Y,47.99,3409.72,38,Central,8/18/2021,No
CUST-13304,Male,1,yes,NO,20,one year,Electronic check,No,No,No,No,Y,20.08,420.32,75,WEST,6/28/2023,No
CUST-10850,Female,1,no,YES,48,one year,Mailed check,Fiber optic,no,Y,N,N,89.85,4310.84,75,EAST,9/30/2019,No
CUST-15869,Male,0,Yes,Y,37,Month-to-month,Mailed check,DSL,Y,Yes,YES,Yes,50.52,1868.25,49,east,4/25/2018,Yes
CUST-10843,Male,1,Yes,Y,5,Month-to-month,Electronic check,No,No,No,No,N,32.08,142.1,71,North,8/21/2021,Yes
CUST-10022,Female,0,no,YES,47,Month-to-month,Electronic check,Fiber optic,YES,Yes,N,yes,67.66,3187.64,58,Central,3/13/2021,No
CUST-13628,Male,0,no,yes,46,Month-to-month,Electronic check,DSL,NO,YES,yes,N,56.11,2599.53,47,NORTH,8/3/2022,Yes
CUST-11158,Female,0,No,yes,28,Month-to-month,Bank transfer,No,No,No,No,NO,26.81,744.36,45,West,12/22/2021,No
CUST-12969,Male,0,YES,NO,7,two year,Electronic check,Fiber optic,no,yes,no,N,80.74,547.43,59,NORTH,4/6/2019,No
CUST-15446,Male,0,NO,no,45,Two year,Mailed check,No,No,No,No,NO,25.35,1142.88,36,East,4/10/2023,No
CUST-15168,Male,0,Y,NO,57,MONTH-TO-MONTH,Bank transfer,Fiber optic,No,yes,No,yes,94.98,5431.52,27,East,2/10/2018,Yes
CUST-15568,Female,0,Y,NO,51,one year,Credit card,DSL,yes,Y,yes,Yes,59.21,3008.65,37,South,8/27/2021,No
CUST-14228,Male,1,Yes,YES,1,TWO YEAR,Credit card,Fiber optic,Yes,No,Yes,Y,104.77,89.91,82,central,3/23/2021,No
CUST-12640,Male,0,Y,Yes,53,One year,Electronic check,DSL,Yes,No,N,NO,50.51,2670.58,57,North,3/12/2020,No
CUST-11603,Female,0,NO,YES,52,Month-to-month,Credit card,Fiber optic,No,no,Y,NO,77.78,4064.4,18,east,2/28/2022,No
CUST-10188,Female,0,NO,no,12,MONTH-TO-MONTH,Bank transfer,DSL,yes,YES,Y,no,70.7,857.34,68,Central,7/5/2018,No
CUST-15791,Female,0,NO,NO,12,One year,Mailed check,Fiber optic,Y,NO,No,YES,95.05,1149.44,49,West,3/2/2019,Yes
CUST-12329,Female,0,No,No,51,Month-to-month,Bank transfer,DSL,No,Y,N,Yes,54.58,2776.4,62,West,2/2/2021,Yes
CUST-14776,Male,0,Y,YES,44,Two year,Credit card,DSL,NO,Yes,YES,YES,68.13,3013.6,55,WEST,3/19/2019,No
CUST-13969,Female,0,NO,yes,49,Month-to-month,Electronic check,DSL,no,Yes,Y,N,57.09,2797.34,55,West,7/9/2019,No
CUST-11666,Female,0,No,Y,32,Month-to-month,Electronic check,DSL,no,N,Yes,yes,60.55,1942.95,56,South,11/11/2017,No
CUST-15775,Male,0,N,no,56,One year,Electronic check,DSL,N,no,Yes,Yes,75.29,4214.26,49,West,1/20/2020,No
CUST-14919,Male,0,N,Y,49,Two year,Mailed check,DSL,no,YES,no,Yes,43.3,2139.07,57, West ,10/31/2019,No
CUST-15159,Female,0,Y,no,27,Month-to-month,Electronic check,Fiber optic,NO,YES,N,No,90.06,2448.06,51,West,2/4/2023,No
CUST-13192,Male,0,NO,No,35,One year,Bank transfer,Fiber optic,yes,yes,No,YES,78.01,2748.49,23,south,7/5/2018,No
CUST-10802,Male,0,Y,No,0,month-to-month,Bank transfer,Fiber optic,NO,N,No,YES,88.42,,36,West,9/28/2021,Yes
CUST-10357,Female,0,yes,YES,69,Month-to-month,Electronic check,DSL,Y,yes,Y,YES,67.94,4676.9,61,North,8/10/2019,No
CUST-13516,Female,0,YES,NO,66,MONTH-TO-MONTH,Mailed check,Fiber optic,Y,N,NO,NO,99.6,6591.21,35,West,9/11/2019,Yes
CUST-15081,Male,0,NO,yes,60,ONE YEAR,Credit card,No,No,No,No,YES,38.74,2331.69,56,East,10/27/2022,No
CUST-15733,Female,0,no,No,54,MONTH-TO-MONTH,Electronic check,DSL,N,no,YES,Yes,65.67,3538.73,31,West,1/13/2022,Yes
CUST-12748,Female,1,N,Yes,65,ONE YEAR,Mailed check,Fiber optic,Yes,Y,YES,Y,87.38,5672.1,77,North,6/5/2019,No
CUST-10697,Male,0,NO,Yes,8,Month-to-month,Electronic check,Fiber optic,N,No,Yes,N,92.87,732.68,27,South,8/12/2022,Yes
CUST-10692,Female,0,Y,No,10,Month-to-month,Bank transfer,DSL,no,NO,NO,YES,36.12,352.5,49,South,10/19/2022,No
CUST-13201,Male,1,NO,Y,20,Month-to-month,Credit card,DSL,N,yes,Y,no,52.86,1051.58,76,South,5/14/2019,Yes
CUST-10736,Female,0,No,yes,20,One year,Mailed check,DSL,No,Y,NO,N,60.54,1229.14,48,North,5/14/2018,No
CUST-11047,Female,1,Y,no,67,Month-to-month,Electronic check,Fiber optic,No,NO,no,N,80.58,5405.93,81,South,9/13/2021,Yes
CUST-13611,Female,0,N,Y,28,month-to-month,Bank transfer,DSL,No,NO,Yes,NO,49.09,1387.27,23,North,7/8/2017,No
CUST-11462,Female,0,N,no,64,MONTH-TO-MONTH,Bank transfer,Fiber optic,N,No,YES,NO,95.47,6117.69,38,North,3/16/2017,Yes
CUST-11029,Male,0,YES,N,33,Month-to-month,Credit card,Fiber optic,NO,Yes,Yes,NO,90.25,2996.77,34,East,8/18/2021,No
CUST-12869,Male,0,NO,No,13,Month-to-month,Mailed check,Fiber optic,No,no,no,YES,89,1173.4,27,North,5/12/2022,Yes
CUST-15739,Female,0,yes,yes,15,One year,Credit card,No,No,No,No,Y,34.93,506.97,69,NORTH,12/25/2021,No
CUST-12423,Male,0,N,Y,12,two year,Mailed check,Fiber optic,Yes,yes,YES,YES,103.64,1224.52,58,Central,5/15/2022,No
CUST-13012,Male,1,no,no,42,month-to-month,Mailed check,Fiber optic,yes,yes,YES,NO,80.38,3358.4,78,West,11/15/2022,Yes
CUST-11889,Female,0,no,Y,68,month-to-month,Bank transfer,DSL,Y,yes,Y,no,47.42,3221.69,25,Central,1/7/2020,No
CUST-14239,Female,0,Y,No,48, Month-to-month ,Credit card,No,No,No,No,no,31.17,1514.09,42,EAST,6/19/2022,Yes
CUST-15759,Female,0,no,NO,13,month-to-month,Bank transfer,DSL,no,Yes,N,No,54.86,694.22,51,South,12/22/2022,Yes
CUST-12196,Male,0,Y,no,63,One year,Electronic check,DSL,Y,no,N,NO,55.9,3504.93,56,South,6/19/2022,No
CUST-14971,Female,0,Yes,NO,56,One year,Electronic check,Fiber optic,Yes,Yes,N,Yes,91.06,5107.81,29,EAST,12/3/2018,No
CUST-14951,Female,1,NO,Yes,8,MONTH-TO-MONTH,Bank transfer,DSL,No,Y,N,Yes,35.92,294.28,74,East,8/15/2022,Yes
CUST-15818,Female,0,Y,no,32,One year,Mailed check,Fiber optic,NO,NO,NO,YES,91.66,2916.54,26,West,10/7/2023,No
CUST-14283,Female,0,Yes,N,59,Month-to-month,Credit card,Fiber optic,YES,no,yes,no,94.09,5540.66,50,east,5/9/2021,Yes
CUST-10604,Female,0,No,Y,67,Month-to-month,Electronic check,Fiber optic,no,Yes,no,yes,79.17,5297.31,32,North,6/25/2023,No
CUST-13443,Female,0,No,yes,27,Month-to-month,Electronic check,DSL,yes,no,no,no,49.07,1324.7,54,Central,10/17/2017,No
CUST-15091,Male,0,Yes,Yes,12,One year,Mailed check,No,No,No,No,NO,41.1,477.19,41,East,10/5/2017,No
CUST-10934,Male,0,Y,NO,68,month-to-month,Credit card,DSL,No,Y,N,YES,40.76,2769.77,33,East,7/13/2021,Yes
CUST-11020,Female,0,Yes,YES,21,month-to-month,Bank transfer,No,No,No,No,No,16.58,352.41,36,South,10/6/2022,No
CUST-13037,Female,1,Y,NO,25,Month-to-month,Mailed check,No,No,No,No,YES,41.36,1045.33,78,Central,11/29/2022,No
CUST-11805,Male,0,Yes,NO,10, Two year ,Bank transfer,Fiber optic,No,YES,YES,NO,80.86,805.57,33,SOUTH,5/11/2020,Yes
CUST-12480,Female,0,no,Yes,24, One year ,Credit card,DSL,Yes,yes,Yes,No,54.66,1296.27,25,North,1/19/2021,No
CUST-15218,Male,1,no,yes,11,MONTH-TO-MONTH,Mailed check,Fiber optic,no,NO,N,Yes,78.54,861.07,75,south,6/5/2017,Yes
CUST-14847,Male,0,Yes,no,18,Month-to-month,Electronic check,DSL,YES,YES,no,yes,58,1042.21,31,West,2/1/2021,Yes
CUST-12985,Male,0,Y,No,27,Month-to-month,Bank transfer,DSL,NO,NO,No,NO,39.63,1054.91,66,Central,12/9/2020,Yes
CUST-11031,Female,0,No,Yes,26,Month-to-month,Bank transfer,No,No,No,No,NO,35.54,926.44,63,north,7/14/2017,Yes
CUST-12119,Female,0,yes,Yes,40,Two year,Bank transfer,Fiber optic,yes,No,yes,no,79.6,3194.16,33,West,8/14/2022,No
CUST-14358,Male,1,NO,Y,34,Month-to-month,Bank transfer,DSL,N,N,no,Y,50.71,1717,75,North,8/10/2023,No
CUST-14978,Female,0,Yes,N,43,Month-to-month,Bank transfer,Fiber optic,YES,NO,no,no,99.09,4256.64,30,West,1/18/2021,Yes
CUST-10742,Male,0,Yes,yes,3,one year,Mailed check,DSL,Yes,Y,yes,NO,71.51,222.58,43,South,4/24/2021,No
CUST-12345,Male,0,No,YES,1,Month-to-month,Bank transfer,Fiber optic,Y,NO,no,NO,90.25,81.73,58,NORTH,6/5/2022,Yes
CUST-15735,Male,0,NO,Y,63,Month-to-month,Credit card,Fiber optic,no,No,No,YES,80.7,5076.34,56,West,6/3/2017,Yes
CUST-12251,Male,0,yes,Yes,11,One year,Bank transfer,DSL,YES,YES,No,Yes,48.61,536.07,18,West,5/16/2018,No
CUST-14826,Female,0,yes,NO,41,One year,Mailed check,Fiber optic,yes,N,yes,NO,76.78,3152.86,56,EAST,12/5/2017,Yes
CUST-10505,Male,0,yes,Yes,5,Two year,Mailed check,No,No,No,No,YES,10.17,40.47,39,East,12/7/2021,No
CUST-15471,Female,0,Y,No,60,Two year,Credit card,No,No,No,No,YES,21.72,1320.19,31,East,8/19/2020,No
CUST-11251,Male,0,no,NO,52,One year,Electronic check,DSL,Y,N,NO,YES,56.05,2926.6,31,North,10/16/2019,No
CUST-11745,Male,0,Y,No,42,month-to-month,Mailed check,Fiber optic,yes,yes,Y,N,81.84,3446.33,29,north,7/19/2020,No
CUST-14031,Male,0,yes,N,37,One year,Electronic check,DSL,Y,YES,YES,NO,78.43,2905.78,31,West,6/8/2021,No
CUST-12637,Female,0,No,YES,64,Two year,Electronic check,No,No,No,No,Y,14.82,941.93,53,North,4/6/2021,Yes
CUST-12357,Male,0,yes,Yes,17,One year,Credit card,No,No,No,No,N,19.75,347.36,69,North,11/19/2019,No
CUST-13580,Male,0,yes,no,44,Month-to-month,Bank transfer,Fiber optic,NO,NO,yes,Yes,93.26,4099.38,26,South,2/17/2018,Yes
CUST-10221,Male,1,yes,Yes,1,Two year,Electronic check,Fiber optic,N,YES,Yes,Yes,76.99,80.76,76,NORTH,3/13/2017,No
CUST-10056,Male,0,Yes,NO,18,Month-to-month,Bank transfer,No,No,No,No,yes,36.56,656.84,57,South,11/11/2023,Yes
CUST-14952,Female,0,Yes,N,41,month-to-month,Electronic check,DSL,YES,NO,YES,yes,71.72,2944.25,30,Central,12/3/2021,Yes
CUST-15050,Male,1,YES,YES,25,Month-to-month,Mailed check,Fiber optic,YES,Y,NO,yes,68.59,1702.85,72,West,9/23/2019,No
CUST-15528,Male,1,Yes,YES,2,two year,Credit card,DSL,N,Yes,Y,No,46.01,87.65,75,SOUTH,7/1/2021,No
CUST-10511,Male,0,no,N,32,Two year,Bank transfer,Fiber optic,YES,Y,yes,no,104.4,3334.92,43,West,3/14/2019,No
CUST-13157,Male,0,N,no,64,two year,Bank transfer,Fiber optic,No,N,YES,YES,109.24,6972.64,36,west,2/15/2019,No
CUST-11560,Female,0,No,no,59,month-to-month,Bank transfer,DSL,YES,YES,Y,N,73.07,4308.42,32,central,7/23/2018,No
CUST-13864,Male,1,Yes,Yes,60,Month-to-month,Electronic check,DSL,yes,Y,YES,YES,55.05,3300.33,80,North,4/8/2022,Yes
CUST-12501,Female,0,YES,NO,34,one year,Credit card,Fiber optic,Y,No,yes,No,91.74,3103.57,23,east,8/8/2019,No
CUST-10024,Female,1,N,Y,41,Month-to-month,Mailed check,Fiber optic,YES,NO,no,Y,82.1,3376.43,85,east,6/1/2018,Yes
CUST-10369,Male,0,Y,NO,59,Month-to-month,Credit card,DSL,Yes,N,no,Yes,46.1,2739.76,49,East,7/15/2021,No
CUST-11922,Male,0,N,Yes,13, Month-to-month ,Credit card,Fiber optic,NO,no,YES,No,86.68,1134.28,57,West,5/26/2021,Yes
CUST-15903,Female,0,NO,N,61,ONE YEAR,Credit card,DSL,YES,No,yes,no,69.7,4232.43,30,east,10/28/2020,No
CUST-13861,Female,0,Yes,No,57,Month-to-month,Credit card,Fiber optic,No,yes,Y,NO,96.19,5488.42,20,South,7/31/2022,No
CUST-15305,Female,0,NO,no,55,Month-to-month,Credit card,DSL,yes,N,no,Yes,55.78,3077.84,67,Central,5/10/2022,Yes
CUST-12683,Male,0,NO,No,54,MONTH-TO-MONTH,Electronic check,DSL,NO,NO,yes,no,79.75,4317.76,26,Central,12/26/2020,No
CUST-11874,Male,0,NO,Y,55,Month-to-month,Bank transfer,Fiber optic,yes,no,yes,NO,76.53,4223.3,150,West,3/25/2021,No
CUST-15490,Male,0,N,yes,42,Two year,Bank transfer,No,No,No,No,yes,21.55,893.67,18,West,5/12/2017,Yes
CUST-13414,Male,0,Y,NO,18,One year,Credit card,Fiber optic,Yes,Yes,NO,yes,70.47,1270.63,45,SOUTH,9/8/2022,Yes
CUST-13914,Female,0,no,Y,7,One year,Credit card,DSL,yes,yes,Yes,No,68.2,489.1,47,east,8/24/2019,No
CUST-11812,Female,0,yes,NO,43,Two year,Bank transfer,Fiber optic,no,YES,Y,Yes,93.17,3987.23,59,West,10/7/2018,Yes
CUST-13701,Female,0,YES,Y,46,Month-to-month,Bank transfer,Fiber optic,No,N,No,YES,82.62,3801.67,26,central,11/21/2018,No
CUST-13910,Male,0,No,YES,65,TWO YEAR,Mailed check,No,No,No,No,N,39.19,2557.42,19,South,8/6/2019,No
CUST-15971,Female,0,yes,YES,26, Month-to-month ,Mailed check,No,No,No,No,Y,19.58,489.63,36,South,11/16/2020,Yes
CUST-15430,Female,1,No,No,71,Month-to-month,Mailed check,Fiber optic,YES,N,Y,Yes,103.34,7324.03,75,Central,1/19/2018,No
CUST-12157,Male,0,NO,Yes,28,month-to-month,Electronic check,DSL,Y,no,no,N,58.59,1655.64,59,South,6/15/2022,No
CUST-13434,Male,1,No,no,16,Two year,Electronic check,Fiber optic,YES,YES,Yes,YES,93.96,1518.74,73,North,2/15/2023,Yes
CUST-10930,Male,0,Y,NO,16,One year,Mailed check,DSL,no,yes,N,No,58.58,926.37,53,north,5/11/2017,No
CUST-12094,Female,0,Yes,NO,69,Two year,Mailed check,DSL,yes,yes,N,Y,61.31,4225.52,30,south,7/28/2021,No
CUST-13636,Male,1,No,YES,5,Two year,Electronic check,DSL,No,N,Y,No,46.8,228.56,76,NORTH,10/14/2022,No
CUST-15013,Male,0,Y,Yes,14,Month-to-month,Bank transfer,DSL,No,Yes,YES,Yes,56.2,774.24,58,NORTH,4/28/2017,No
CUST-13045,Male,0,No,Y,0,Month-to-month,Electronic check,No,No,No,No,no,17.55,,57,South,2/18/2022,Yes
CUST-13417,Female,0,No,no,13,One year,Mailed check,Fiber optic,YES,yes,yes,NO,93.09,1206.94,43, Central ,3/27/2018,Yes
CUST-13084,Female,0,NO,no,35,Month-to-month,Bank transfer,Fiber optic,YES,YES,Yes,Yes,77.03,2704.9,40,east,4/1/2017,No
CUST-10239,Female,0,YES,NO,60,Two year,Mailed check,No,No,No,No,N,21.85,1295.49,48,EAST,6/21/2023,No
CUST-13669,Female,0,yes,N,27,One year,Mailed check,Fiber optic,NO,Yes,Yes,NO,87.6,2375.08,64,South,6/12/2019,No
CUST-12597,Male,1,No,N,52,Month-to-month,Electronic check,DSL,yes,N,yes,no,58.47,3051.39,81,East,12/2/2020,Yes
CUST-13085,Male,0,yes,Y,21,month-to-month,Mailed check,Fiber optic,YES,YES,Y,no,87.23,1827.11,57,West,5/24/2018,No
CUST-15504,Male,0,YES,yes,60,month-to-month,Credit card,Fiber optic,NO,yes,No,Y,71.9,4303.94,64,south,10/1/2017,Yes
CUST-15779,Female,0,NO,YES,60,Month-to-month,Mailed check,No,No,No,No,Y,41.21,2491.43,47,North,12/26/2018,No
CUST-15700,Male,0,Y,yes,52,month-to-month,Mailed check,Fiber optic,Y,yes,yes,YES,102.58,5348.45,48,East,9/13/2018,Yes
CUST-12409,Female,0,YES,NO,4,Two year,Bank transfer,DSL,N,NO,Yes,Y,70.08,296.87,42,Central,12/17/2018,No
CUST-10244,Female,0,no,Yes,34,Month-to-month,Bank transfer,DSL,Yes,no,no,NO,63.94,2181.36,37,North,11/16/2020,No
CUST-14929,Female,0,yes,Yes,15,month-to-month,Electronic check,No,No,No,No,No,35.43,538.72,61, West ,9/26/2018,No
CUST-10783,Female,1,No,no,34,Two year,Bank transfer,Fiber optic,Y,Yes,Yes,Yes,80.98,2750.51,82,west,9/19/2020,No
CUST-12991,Female,0,N,NO,30,Month-to-month,Bank transfer,Fiber optic,Y,NO,Yes,No,89.36,2661.37,57,north,6/2/2023,Yes
CUST-15120,Female,1,NO,NO,57,Month-to-month,Mailed check,Fiber optic,N,no,yes,NO,86.26,4930.07,82,East,9/20/2021,No
CUST-13375,Male,0,Y,yes,72,Month-to-month,Mailed check,DSL,YES,No,yes,No,45.77,3291.17,38,north,7/2/2018,No
CUST-13438,Male,0,No,N,33,Month-to-month,Electronic check,Fiber optic,no,No,NO,Y,70.47,2326.05,55,East,4/5/2017,Yes
CUST-15569,Male,0,No,Yes,3,Month-to-month,Electronic check,DSL,NO,No,No,Y,61.23,203.24,62, Central ,11/9/2017,Yes
CUST-11155,Female,0,YES,YES,65,Month-to-month,Mailed check,Fiber optic,YES,Yes,yes,Yes,107.83,7025.54,51,East,11/10/2017,No
CUST-14841,Male,0,No,no,61,One year,Electronic check,Fiber optic,N,no,N,N,89.01,5449.28,43,West,12/8/2017,No
CUST-15184,Female,1,NO,N,34,ONE YEAR,Electronic check,No,No,No,No,No,10.56,355.72,75,North,10/21/2022,No
CUST-13391,Female,0,yes,N,65,month-to-month,Bank transfer,Fiber optic,No,No,Yes,No,108.49,7046.82,25,west,6/23/2017,Yes
CUST-10609,Male,0,NO,NO,6,two year,Mailed check,Fiber optic,Y,yes,NO,Yes,69.05,406.46,53, South ,11/12/2023,No
CUST-12081,Male,0,NO,N,7,Month-to-month,Electronic check,Fiber optic,Yes,YES,No,N,76.38,537.89,25,West,8/1/2018,Yes
CUST-12078,Female,0,No,Y,14,Month-to-month,Electronic check,DSL,Y,yes,No,no,46.06,647.87,50,South,10/15/2020,Yes
CUST-15284,Male,0,YES,no,58,Two year,Bank transfer,Fiber optic,YES,NO,No,No,83.8,4872.38,67,East,11/2/2017,Yes
CUST-11661,Male,0,Y,no,44,Month-to-month,Bank transfer,No,No,No,No,YES,37.77,1658.58,37,North,11/7/2018,No
CUST-11039,Male,0,NO,No,13,One year,Mailed check,Fiber optic,NO,yes,NO,no,99.34,1306.6,40,South,4/27/2020,No
CUST-15212,Male,0,no,No,2,Two year,Electronic check,Fiber optic,N,yes,yes,no,95.99,199.06,23,West,8/18/2022,No
CUST-14445,Male,1,yes,yes,0,MONTH-TO-MONTH,Electronic check,DSL,Y,No,YES,N,65.01,,84,west,1/27/2018,Yes
CUST-12965,Male,0,No,Y,7,One year,Bank transfer,Fiber optic,No,NO,N,N,88.42,606.89,50,CENTRAL,5/28/2017,No
CUST-10553,Female,0,yes,Yes,5,two year,Bank transfer,DSL,no,N,Yes,YES,79.19,404.73,36,Central,2/6/2019,Yes
CUST-15699,Male,0,No,NO,41,Month-to-month,Electronic check,No,No,No,No,no,14.16,588.92,55,central,11/7/2019,Yes
CUST-10271,Female,0,NO,N,54,Month-to-month,Bank transfer,No,No,No,No,no,42.57,2299.87,59,North,1/13/2018,Yes
CUST-11675,Female,0,N,YES,40,Month-to-month,Bank transfer,DSL,No,N,No,Yes,58.1,2311.75,23,south,12/24/2018,Yes
CUST-12380,Male,0,No,Yes,41,One year,Bank transfer,No,No,No,No,N,44.79,1818.19,27,West,10/15/2019,No
CUST-14252,Male,0,No,Yes,8,Month-to-month,Bank transfer,Fiber optic,No,Yes,NO,no,69.54,557.8,61,East,6/14/2022,Yes
CUST-15215,Male,0,NO,No,69,One year,Mailed check,Fiber optic,no,YES,No,Yes,69.15,4773.91,66,South,7/27/2018,No
CUST-15419,Male,0,No,N,45,one year,Bank transfer,DSL,NO,NO,Y,N,69.75,3127.99,21,SOUTH,4/1/2019,No
CUST-15225,Female,0,YES,Yes,45,Two year,Electronic check,Fiber optic,N,YES,no,yes,65.09,2931.85,42,Central,5/13/2018,No
CUST-10036,Female,1,no,Yes,48,One year,Mailed check,Fiber optic,no,YES,Yes,N,106.54,5121.02,75,central,2/3/2023,Yes
CUST-13576,Male,0,Y,YES,51,month-to-month,Bank transfer,DSL,N,N,no,Y,62.21,3176.55,68,North,12/6/2019,Yes
CUST-12536,Female,1,Yes,Yes,17,Month-to-month,Electronic check,Fiber optic,yes,NO,N,Y,66.8,1131.99,81,North,7/9/2019,Yes
CUST-10381,Female,0,N,Y,24,Month-to-month,Mailed check,Fiber optic,NO,No,NO,yes,98.38,2360.63,46,East,3/3/2019,Yes
CUST-12538,Male,1,No,Yes,35,MONTH-TO-MONTH,Mailed check,No,No,No,No,NO,27.47,956.83,85,West,1/27/2018,Yes
CUST-11230,Male,0,Yes,Y,43,One year,Bank transfer,Fiber optic,NO,NO,yes,yes,107.25,4600.09,44,Central,10/1/2021,No
CUST-14818,Male,0,Yes,No,54,Two year,Bank transfer,Fiber optic,No,yes,YES,yes,79.39,4279.29,52,East,11/4/2019,No
CUST-12018,Female,0,YES,No,38,Two year,Electronic check,DSL,YES,yes,No,NO,35.58,1347.66,37,South,8/6/2018,No
CUST-10502,Female,0,N,No,70,Month-to-month,Mailed check,Fiber optic,Y,Y,Yes,N,103.38,7252.99,63,East,4/16/2017,No
CUST-13921,Male,0,yes,no,46,Month-to-month,Mailed check,Fiber optic,No,Yes,NO,Y,72.29,3306.04,69,NORTH,11/22/2020,No
CUST-15532,Female,0,No,YES,10,Month-to-month,Mailed check,Fiber optic,No,yes,NO,Yes,82.52,842.37,18,North,4/19/2023,No
CUST-11223,Male,0,Yes,YES,10,Month-to-month,Bank transfer,DSL,No,Y,YES,Y,77.6,770.1,47,North,6/3/2020,Yes
CUST-14845,Female,0,yes,No,68,Month-to-month,Mailed check,Fiber optic,yes,Y,yes,no,106.61,7260.77,50,East,2/22/2021,No
CUST-14998,Female,0,YES,Yes,20,Month-to-month,Bank transfer,Fiber optic,Y,Yes,no,Y,80.61,1593.65,42,West,7/2/2022,Yes
CUST-10613,Female,0,no,No,36,Two year,Bank transfer,No,No,No,No,No,44.36,1613.05,54,South,1/19/2019,No
CUST-15001,Male,0,NO,Yes,15,Two year,Credit card,Fiber optic,no,No,YES,NO,78.38,1167.36,19,central,1/16/2018,No
CUST-11274,Male,0,no,Yes,62,One year,Credit card,DSL,YES,No,YES,NO,73.98,4605.92,39,WEST,7/8/2017,No
CUST-12058,Male,0,Y,N,6,MONTH-TO-MONTH,Bank transfer,DSL,YES,Y,no,yes,42.62,261.25,50,Central,12/31/2018,No
CUST-10660,Female,0,no,Yes,19,ONE YEAR,Electronic check,Fiber optic,YES,no,N,yes,65.01,1253.9,68,central,6/6/2021,No
CUST-13587,Male,1,YES,no,50,Month-to-month,Credit card,Fiber optic,YES,No,YES,N,88.26,4408.6,78,South,10/22/2019,No
CUST-11281,Male,0,no,YES,15,month-to-month,Mailed check,No,No,No,No,yes,12.89,199.14,50,South,1/30/2019,No
CUST-12943,Female,0,No,No,54,Month-to-month,Mailed check,Fiber optic,no,no,YES,No,91.21,4944.23,58,central,9/8/2021,Yes
CUST-13374,Male,1,No,YES,17,Month-to-month,Bank transfer,DSL,No,Y,no,Y,38.75,644.21,75,South,2/27/2018,Yes
CUST-14011,Female,0,NO,N,24,MONTH-TO-MONTH,Electronic check,Fiber optic,Y,NO,No,no,95.43,2285.49,45, West ,8/26/2019,Yes
CUST-10458,Female,0,YES,no,12, Month-to-month ,Credit card,No,No,No,No,Yes,31.66,365.46,57,West,4/11/2018,No
CUST-13718,Female,0,No,Y,50,Month-to-month,Electronic check,Fiber optic,N,yes,no,Y,82.61,4129.43,19,West,4/24/2018,Yes
CUST-13246,Male,0,NO,Y,13,MONTH-TO-MONTH,Credit card,DSL,YES,Yes,YES,no,69.96,910.83,53,south,3/5/2019,No
CUST-11423,Male,0,NO,No,14,Month-to-month,Credit card,Fiber optic,yes,NO,Y,Y,92.31,1273.82,41,CENTRAL,3/31/2023,No
CUST-12576,Male,0,NO,No,8,TWO YEAR,Electronic check,Fiber optic,YES,Y,NO,YES,90.21,720.23,62,EAST,12/2/2018,Yes
CUST-10034,Male,0,no,NO,12, Two year ,Credit card,DSL,No,N,no,YES,46.85,569.91,59,Central,1/8/2023,No
CUST-11586,Male,0,Yes,NO,8,month-to-month,Mailed check,DSL,N,yes,N,NO,50.68,405.88,57,east,8/23/2021,No
CUST-14414,Male,0,no,no,44,One year,Electronic check,Fiber optic,YES,NO,NO,Y,88.8,3921.14,20,North,3/31/2018,No
CUST-13035,Male,0,N,NO,72,Two year,Bank transfer,Fiber optic,Yes,Y,No,Yes,95.28,6852.97,54,North,7/17/2021,No
CUST-14188,Female,0,Yes,No,30,Two year,Mailed check,Fiber optic,No,yes,NO,YES,74.41,2225.85,54,East,5/1/2017,No
CUST-14293,Female,0,Yes,yes,60,MONTH-TO-MONTH,Credit card,No,No,No,No,NO,13.43,804.61,49,East,7/16/2022,Yes
CUST-13989,Female,0,Y,yes,55,TWO YEAR,Credit card,DSL,No,YES,NO,YES,66.06,3620.52,38,SOUTH,2/17/2018,No
CUST-14965,Male,0,YES,yes,41,One year,Bank transfer,Fiber optic,YES,Yes,yes,N,96.07,3929.81,30,West,5/5/2023,No
CUST-11275,Female,0,YES,Yes,60,MONTH-TO-MONTH,Bank transfer,Fiber optic,no,yes,yes,N,102.57,6166.96,22,North,7/24/2022,Yes
CUST-14518,Male,0,no,Y,39,MONTH-TO-MONTH,Electronic check,No,No,No,No,NO,22.84,887.73,45,North,7/11/2021,No
CUST-13215,Female,1,Y,No,42,Month-to-month,Electronic check,DSL,no,N,no,NO,66.96,2829.12,75,North,4/6/2020,Yes
CUST-10869,Female,0,Y,NO,16,Month-to-month,Bank transfer,DSL,YES,YES,Y,NO,52.48,846.88,38,WEST,9/4/2018,Yes
CUST-12286,Male,0,N,Y,6,month-to-month,Bank transfer,DSL,N,Yes,No,no,35.65,225.3,55,North,12/13/2022,Yes
CUST-10938,Female,0,No,NO,45,Two year,Bank transfer,DSL,yes,YES,NO,no,39.79,1779.92,42,north,8/31/2018,No
CUST-11509,Female,0,NO,yes,55,One year,Mailed check,Fiber optic,YES,Y,yes,Y,100.2,5524.24,31, East ,12/9/2017,Yes
CUST-15891,Male,1,N,No,19,month-to-month,Mailed check,Fiber optic,No,no,YES,no,108.72,2057.77,82, West ,11/2/2022,Yes
CUST-10297,Female,0,no,YES,8,One year,Electronic check,DSL,Yes,NO,no,yes,68.56,561.78,39,Central,2/3/2018,No
CUST-15720,Female,0,YES,Y,29,Two year,Electronic check,DSL,No,YES,N,No,57.73,1675.07,44,Central,4/28/2023,No
CUST-10864,Female,0,Yes,Yes,50,MONTH-TO-MONTH,Credit card,No,No,No,No,yes,35.58,1794.48,23,Central,2/10/2019,Yes
CUST-14378,Female,0,no,Yes,40,ONE YEAR,Bank transfer,Fiber optic,YES,No,Yes,yes,95.1,3799.04,27,West,4/18/2020,Yes
CUST-11247,Male,0,N,Yes,31,MONTH-TO-MONTH,Electronic check,No,No,No,No,Yes,38.15,1189.95,31,Central,2/1/2022,Yes
CUST-14225,Female,0,N,Yes,43,Month-to-month,Mailed check,No,No,No,No,N,14,614.64,51,WEST,1/10/2020,Yes
CUST-14721,Female,0,Y,yes,51,One year,Mailed check,No,No,No,No,no,11.55,576.6,21,West,2/7/2022,No
CUST-11764,Female,0,N,yes,27,TWO YEAR,Bank transfer,DSL,Y,N,YES,Yes,67.7,1821.49,21,central,4/28/2023,Yes
CUST-11909,Female,0,no,No,52,Month-to-month,Mailed check,Fiber optic,NO,No,YES,NO,83.61,4359.34,36,Central,6/10/2018,Yes
CUST-12700,Male,0,NO,Yes,46,Month-to-month,Electronic check,Fiber optic,Yes,NO,NO,No,80.76,3713.86,58,central,7/28/2017,No
CUST-11683,Female,0,no,NO,48,TWO YEAR,Mailed check,Fiber optic,Yes,Y,No,No,84.59,4066.19,52,West,5/16/2018,Yes
CUST-12554,Male,0,yes,Yes,17,Month-to-month,Bank transfer,DSL,YES,No,yes,No,55.8,933.82,62,EAST,4/23/2017,No
CUST-13622,Female,0,Y,No,17,month-to-month,Electronic check,Fiber optic,NO,NO,Y,YES,86.78,1489.1,29,Central,5/19/2021,No
CUST-12808,Male,0,N,Y,21,One year,Credit card,DSL,Y,yes,N,yes,50.53,1076.92,46,South,9/8/2021,No
CUST-14694,Female,1,N,no,72, Month-to-month ,Credit card,Fiber optic,Yes,no,YES,Yes,98.77,7112.74,70,West,1/12/2021,No
CUST-13483,Male,0,Y,Y,54,Month-to-month,Credit card,DSL,N,No,YES,yes,50.33,2732.82,29,South,1/20/2020,No
CUST-11958,Male,0,NO,NO,53,MONTH-TO-MONTH,Credit card,Fiber optic,NO,No,YES,NO,107.23,5691.17,31,East,10/24/2017,Yes
CUST-12391,Female,0,No,Yes,41,two year,Mailed check,DSL,yes,no,no,Y,36.36,1480.16,28,East,4/1/2018,No
CUST-15324,Female,1,N,No,2,Month-to-month,Electronic check,DSL,Yes,No,N,NO,46.01,109.94,84,West,4/29/2017,No
CUST-10475,Male,0,YES,Y,2,Month-to-month,Bank transfer,DSL,No,YES,YES,NO,63.63,133.4,30,central,6/24/2017,No
CUST-14148,Male,0,YES,yes,2,MONTH-TO-MONTH,Mailed check,DSL,no,YES,yes,YES,68.45,126.62,49,North,10/27/2019,No
CUST-10087,Female,0,Y,YES,68,two year,Electronic check,Fiber optic,N,no,Yes,no,81.72,5558.02,40,West,12/3/2020,Yes
CUST-10136,Female,0,no,Yes,31,Month-to-month,Bank transfer,DSL,YES,Yes,YES,YES,60.18,1873.05,26,south,1/29/2020,No
CUST-10946,Male,0,N,No,36,two year,Credit card,Fiber optic,yes,YES,No,yes,73.06,2634.6,26,South,11/14/2022,No
CUST-12142,Male,0,Y,N,59,Month-to-month,Electronic check,DSL,yes,NO,yes,N,57.26,3366.86,44, North ,12/2/2017,Yes
CUST-12493,Male,0,NO,No,7,One year,Mailed check,Fiber optic,Yes,Y,Yes,no,103.12,735.2,19,NORTH,3/14/2019,No
CUST-11951,Male,1,Y,No,61,Month-to-month,Credit card,Fiber optic,No,no,Yes,No,103.27,6300.23,85,NORTH,8/26/2020,No
CUST-15642,Male,0,N,no,63,Month-to-month,Credit card,No,No,No,No,Y,17.92,1112.66,36,South,4/29/2020,No
CUST-14966,Female,0,YES,N,8,month-to-month,Bank transfer,DSL,Yes,YES,NO,no,36.8,308.13,42,North,8/13/2017,Yes
CUST-12481,Female,0,YES,NO,69,One year,Bank transfer,No,No,No,No,yes,26.36,1833.88,44,Central,11/5/2021,No
CUST-14459,Female,0,Y,No,62,two year,Bank transfer,DSL,Y,YES,Y,no,52.15,3240.91,48,central,7/18/2020,No
CUST-11511,Male,0,yes,no,62,Month-to-month,Electronic check,Fiber optic,Y,Y,yes,no,90.71,5640.66,45,East,12/30/2018,No
CUST-14408,Male,1,YES,no,25,One year,Credit card,No,No,No,No,No,38.69,952.96,80,Central,6/25/2020,Yes
CUST-11621,Male,0,N,Y,67,One year,Credit card,No,No,No,No,YES,42.22,2816.24,62,North,4/17/2021,No
CUST-12692,Female,1,No,N,64,Month-to-month,Electronic check,DSL,Yes,Y,Yes,N,55.36,3558.1,75,east,7/10/2018,No
CUST-13767,Male,0,YES,no,49,Month-to-month,Bank transfer,No,No,No,No,no,25.43,1246.55,69,EAST,6/27/2017,Yes
CUST-12704,Male,0,No,Y,64,Two year,Bank transfer,DSL,N,no,N,Yes,69.11,4415.71,56,South,1/14/2019,Yes
CUST-11435,Female,0,YES,no,28,One year,Electronic check,Fiber optic,Y,NO,Yes,yes,85.24,2397.06,29,Central,3/1/2022,No
CUST-10503,Female,1,NO,Y,25,Month-to-month,Credit card,Fiber optic,Y,Yes,Y,NO,92.42,2321.95,79, North ,4/21/2023,Yes
CUST-11057,Male,0,NO,NO,24,One year,Electronic check,DSL,yes,NO,N,YES,48.21,1145.75,62, North ,1/19/2020,No
CUST-12042,Male,0,No,NO,19,Two year,Bank transfer,No,No,No,No,N,31.29,584.8,67,Central,5/26/2020,No
CUST-15379,Male,0,YES,no,28,One year,Credit card,Fiber optic,yes,N,NO,N,72.57,2013.39,63,South,1/18/2019,No
CUST-14547,Male,0,NO,No,49,Month-to-month,Mailed check,DSL,no,No,Yes,N,60.68,2968.79,20,west,12/30/2018,No
CUST-14660,Female,0,N,Yes,55,Month-to-month,Electronic check,Fiber optic,no,NO,yes,YES,105.83,5806.52,18,South,3/20/2018,No
CUST-13377,Male,0,N,yes,56,Month-to-month,Mailed check,Fiber optic,YES,Yes,YES,yes,109.2,6128.87,52,North,8/29/2020,No
CUST-10149,Female,0,NO,no,24,month-to-month,Mailed check,No,No,No,No,yes,35.73,842.29,20,South,2/11/2019,Yes
CUST-13188,Male,0,yes,no,72,Month-to-month,Electronic check,Fiber optic,No,No,No,Y,70.35,5064.87,50,south,9/22/2019,Yes
CUST-13925,Female,0,Yes,YES,61,one year,Electronic check,Fiber optic,N,YES,Y,NO,81.43,4964.64,67,WEST,3/30/2017,No
CUST-10599,Male,0,YES,NO,47,One year,Bank transfer,DSL,Y,No,No,yes,49.36,2334.16,53,North,10/5/2018,No
CUST-11216,Female,1,N,Yes,15, Month-to-month ,Credit card,DSL,Y,NO,Yes,N,78.31,1162.9,74, South ,4/21/2020,Yes
CUST-14043,Male,0,Yes,NO,66,MONTH-TO-MONTH,Mailed check,Fiber optic,no,YES,N,N,95.82,6326.97,50,North,2/12/2021,No
CUST-15303,Male,1,Y,yes,34,one year,Mailed check,DSL,YES,Yes,NO,Y,48.61,1649.38,71,NORTH,4/15/2018,No
CUST-15462,Female,0,No,NO,0,One year,Bank transfer,No,No,No,No,Yes,31.8,,33,North,11/6/2017,Yes
CUST-11819,Female,0,Y,YES,9,Month-to-month,Electronic check,No,No,No,No,no,11.16,103.23,49,WEST,5/23/2019,Yes
CUST-12715,Female,1,Yes,N,25,One year,Electronic check,Fiber optic,Yes,Y,YES,Y,106.14,2634.78,76,West,3/19/2020,No
CUST-14631,Female,0,no,no,3,TWO YEAR,Mailed check,DSL,N,YES,YES,Yes,71.89,197.53,25,West,2/4/2022,Yes
CUST-11082,Female,0,yes,Y,32,Month-to-month,Bank transfer,DSL,no,yes,YES,N,46.69,1484.02,26,North,4/4/2020,Yes
CUST-14747,Male,1,N,Y,66,Month-to-month,Electronic check,Fiber optic,YES,No,yes,YES,100,6590.39,75,North,5/6/2021,No
CUST-10579,Female,0,Yes,Y,24,Month-to-month,Bank transfer,Fiber optic,No,no,yes,no,91.75,2218.99,58,WEST,12/24/2019,No
CUST-15115,Male,0,Yes,yes,66,TWO YEAR,Credit card,No,No,No,No,NO,31.53,2086.21,21,South,11/4/2020,No
CUST-10924,Male,0,YES,NO,21,Two year,Mailed check,Fiber optic,YES,No,YES,Yes,107.7,2260.36,52,Central,3/22/2017,Yes
CUST-13507,Male,0,yes,Yes,42,MONTH-TO-MONTH,Bank transfer,Fiber optic,No,N,YES,no,108.14,4543.6,32,South,8/27/2020,No
CUST-12956,Female,0,yes,Yes,44,Month-to-month,Mailed check,Fiber optic,Yes,Yes,No,No,67.77,2983,27,North,5/7/2020,No
CUST-15309,Male,0,NO,YES,4,Month-to-month,Credit card,No,No,No,No,yes,35.51,128.25,20,west,8/18/2017,No
CUST-10790,Male,1,yes,N,36,Two year,Mailed check,No,No,No,No,Yes,28.58,1028.91,72,South,5/7/2018,No
CUST-12150,Female,0,yes,Y,65,One year,Bank transfer,DSL,Y,N,Yes,NO,70.82,4605.38,50,west,10/12/2021,No
CUST-12390,Female,0,Yes,No,71,Month-to-month,Bank transfer,No,No,No,No,N,20.53,1466.16,42,South,1/30/2023,Yes
CUST-15670,Female,0,no,N,11,Month-to-month,Electronic check,No,No,No,No,N,19.45,232.57,64,NORTH,6/30/2023,No
CUST-13729,Female,0,NO,Y,51,One year,Mailed check,DSL,NO,N,Yes,yes,57.42,2920.22,43,north,10/15/2020,No
CUST-15924,Female,1,No,N,59,Month-to-month,Bank transfer,Fiber optic,N,YES,no,NO,66.76,3939.27,71,West,7/16/2021,Yes
CUST-11360,Female,0,N,N,21,Month-to-month,Credit card,Fiber optic,N,no,YES,NO,106.13,2238.89,61,Central,11/18/2019,No
CUST-10595,Female,0,No,no,6,Month-to-month,Electronic check,Fiber optic,yes,yes,no,no,96.78,581.02,56,CENTRAL,10/28/2017,Yes
CUST-15472,Male,1,Yes,yes,66,two year,Bank transfer,DSL,YES,Yes,NO,Y,64.39,4236.26,85,South,4/12/2023,No
CUST-15655,Female,0,YES,N,33,Month-to-month,Bank transfer,Fiber optic,Y,YES,yes,No,102.9,3384.89,65,South,2/16/2018,No
CUST-13534,Female,0,Yes,no,6,Two year,Bank transfer,DSL,Y,YES,No,NO,42.18,270,54,West,1/3/2020,No
CUST-13442,Female,0,No,no,1,Month-to-month,Electronic check,DSL,NO,No,N,YES,52.65,49.09,61, Central ,4/4/2023,Yes
CUST-15105,Female,0,No,Y,59,Month-to-month,Mailed check,DSL,no,Y,N,yes,57.51,3389.34,38,EAST,9/11/2022,No
CUST-14436,Female,1,Yes,NO,37,One year,Credit card,Fiber optic,no,YES,yes,Yes,94.03,3481.91,82,north,8/11/2019,No
CUST-10787,Male,0,no,no,63,MONTH-TO-MONTH,Credit card,Fiber optic,N,No,YES,Yes,108,6818.66,53,SOUTH,2/25/2019,Yes
CUST-13899,Male,0,yes,no,49,month-to-month,Electronic check,No,No,No,No,no,14.14,709.82,25,Central,7/17/2018,Yes
CUST-11323,Male,0,yes,yes,32,TWO YEAR,Credit card,No,No,No,No,N,43.99,1424.74,39,East,6/28/2021,Yes
CUST-14136,Male,1,No,no,38,Month-to-month,Bank transfer,DSL,N,Y,Y,Yes,54.98,2070.91,76,North,2/6/2021,Yes
CUST-13083,Male,1,YES,NO,65,Two year,Mailed check,Fiber optic,YES,no,N,Yes,91.55,5952.18,83,Central,1/6/2019,No
CUST-13764,Male,0,yes,yes,60,Two year,Electronic check,DSL,Y,no,yes,N,66.12,3947.88,30,Central,11/20/2017,No
CUST-12723,Female,0,N,Yes,16,ONE YEAR,Electronic check,Fiber optic,N,No,Y,Yes,75.69,1218.84,38,Central,11/30/2019,Yes
CUST-13637,Male,1,no,yes,65,Month-to-month,Bank transfer,No,No,No,No,YES,26.24,1700.79,80,south,7/21/2023,No
CUST-11097,Male,0,no,N,0,Month-to-month,Electronic check,DSL,No,No,no,N,68.47,,61,West,3/14/2017,Yes
CUST-13110,Male,0,no,No,2,Two year,Mailed check,No,No,No,No,Y,37.81,93.59,20,South,11/2/2017,No
CUST-11861,Female,0,Y,N,45,MONTH-TO-MONTH,Electronic check,No,No,No,No,Y,24.25,1071.52,58,South,7/20/2019,No
CUST-10562,Male,0,YES,No,52,Month-to-month,Bank transfer,Fiber optic,yes,no,yes,yes,97.72,5073.52,33,west,4/29/2022,Yes
CUST-13493,Male,0,no,N,63,Month-to-month,Electronic check,DSL,Y,NO,Yes,yes,47.82,3010.02,61,North,1/27/2021,No
CUST-10618,Female,0,No,No,33,Month-to-month,Bank transfer,DSL,yes,Yes,NO,yes,42.09,1405.6,43,WEST,9/13/2022,No
CUST-12267,Male,0,N,No,52,Two year,Credit card,DSL,Y,N,Yes,yes,68.66,3575.23,24,North,9/24/2020,No
CUST-11075,Female,0,Y,N,61,Month-to-month,Bank transfer,DSL,no,NO,N,no,56.13,3438.61,41,east,7/30/2018,No
CUST-13402,Female,1,no,NO,11, One year ,Electronic check,Fiber optic,N,N,yes,yes,102.32,1125.18,79,North,5/6/2020,Yes
CUST-10849,Male,0,Y,N,36,ONE YEAR,Mailed check,Fiber optic,Y,no,Yes,no,96.17,3457.6,28,West,4/25/2019,Yes
CUST-15967,Female,0,N,yes,23,Month-to-month,Mailed check,Fiber optic,NO,no,yes,yes,109.2,2525.81,28,North,8/20/2019,Yes
CUST-15928,Male,1,NO,N,48,Month-to-month,Credit card,DSL,Y,YES,Y,NO,59.1,2830.18,77,SOUTH,5/6/2019,No
CUST-10689,Female,0,no,no,40,Two year,Credit card,No,No,No,No,NO,24.21,953.92,21,West,3/17/2020,No
CUST-13219,Male,0,YES,No,18,Month-to-month,Electronic check,Fiber optic,YES,YES,NO,No,82.48,1471.83,53,East,6/10/2022,No
CUST-10151,Female,1,No,YES,57,Month-to-month,Mailed check,No,No,No,No,NO,23.35,1342.8,73,North,8/5/2019,No
CUST-11294,Male,0,Y,Yes,55,One year,Mailed check,Fiber optic,Y,no,NO,no,84.44,4628.34,53,South,1/8/2022,No
CUST-11697,Female,0,NO,Yes,16,Month-to-month,Bank transfer,No,No,No,No,no,11.6,181.62,55,South,5/24/2023,No
CUST-13185,Female,0,no,yes,17,Month-to-month,Electronic check,No,No,No,No,yes,30.53,504.2,48,South,11/29/2023,Yes
CUST-15401,Male,0,YES,no,55,Two year,Bank transfer,No,No,No,No,Y,32.02,1746.62,39,west,2/28/2020,No
CUST-12942,Female,0,Yes,NO,22,ONE YEAR,Electronic check,Fiber optic,N,no,No,Y,85.3,1882.72,58,East,6/6/2017,No
CUST-10523,Male,1,YES,Y,41,Two year,Credit card,Fiber optic,N,Y,Yes,NO,88.35,3637.16,74,south,6/10/2019,No
CUST-14144,Female,1,Yes,YES,51,Two year,Mailed check,Fiber optic,Y,yes,Y,yes,94.88,4845.77,83,East,3/20/2022,No
CUST-12057,Female,1,YES,N,62,Month-to-month,Mailed check,Fiber optic,No,Y,Y,no,97.95,6062.83,85,south,4/14/2021,Yes
CUST-10142,Female,1,No,yes,61,Month-to-month,Credit card,DSL,No,yes,N,no,37.62,2294.49,77,South,3/17/2020,Yes
CUST-15000,Male,0,yes,yes,49,One year,Credit card,Fiber optic,yes,no,N,YES,72.91,3561.39,36,West,6/3/2020,Yes
CUST-10449,Female,0,No,yes,30,Month-to-month,Bank transfer,Fiber optic,Y,no,yes,YES,90.24,2700.78,59,West,11/26/2021,Yes
CUST-13087,Female,0,No,N,27,One year,Mailed check,DSL,No,Yes,no,N,37.48,1006.1,31,North,6/23/2021,No
CUST-15868,Male,0,Y,N,2,TWO YEAR,Bank transfer,Fiber optic,NO,Y,N,Y,70.22,125.25,27,North,12/22/2019,No
CUST-10053,Female,0,yes,NO,62,month-to-month,Mailed check,DSL,Yes,No,no,no,40.68,2535.41,67,East,1/23/2022,Yes
CUST-12791,Female,0,Y,No,12,Month-to-month,Electronic check,No,No,No,No,No,34.17,403.23,32,Central,9/18/2021,No
CUST-12125,Female,0,yes,Yes,6,Two year,Credit card,No,No,No,No,no,41.8,257.11,57,East,11/5/2018,No
CUST-12202,Female,0,yes,NO,18,Month-to-month,Bank transfer,Fiber optic,Yes,Y,N,NO,74.86,1330.13,53,West,8/31/2018,No
CUST-11702,Male,0,Yes,NO,60,One year,Electronic check,Fiber optic,N,YES,NO,Y,90.91,5456.17,41,North,10/28/2018,No
CUST-11080,Female,0,No,Y,18,One year,Electronic check,Fiber optic,YES,NO,no,NO,98.46,1779.64,43,South,5/1/2017,No
CUST-15501,Female,0,NO,yes,3,Month-to-month,Bank transfer,DSL,N,NO,N,YES,63.63,174.37,18,West,3/29/2021,Yes
CUST-11811,Male,0,N,YES,52,one year,Electronic check,Fiber optic,YES,No,Y,N,79.49,4136.8,30,Central,5/16/2018,No
CUST-10815,Male,0,NO,Y,34,Month-to-month,Electronic check,DSL,No,Yes,No,yes,50.6,1731.54,39,south,10/19/2023,Yes
CUST-14532,Female,0,NO,yes,20,month-to-month,Electronic check,Fiber optic,No,NO,YES,Yes,103.22,2071.38,20,WEST,11/30/2018,Yes
CUST-10434,Male,0,No,Y,63,Month-to-month,Credit card,DSL,N,YES,YES,NO,63.29,3991.87,41,Central,8/6/2017,Yes
CUST-13813,Male,0,no,Y,71,Month-to-month,Credit card,Fiber optic,Y,yes,N,no,75.47,5343.18,66,South,1/29/2022,Yes
CUST-13721,Female,0,NO,Y,58,MONTH-TO-MONTH,Mailed check,Fiber optic,No,N,no,no,85.41,4938,67,North,2/10/2021,No
CUST-11907,Male,0,NO,Yes,7,Month-to-month,Bank transfer,DSL,yes,yes,Yes,NO,58.89,403.79,46,central,4/16/2019,No
CUST-10007,Female,0,N,Yes,55,Month-to-month,Credit card,Fiber optic,No,YES,No,yes,83.77,4592.96,29,North,10/18/2020,No
CUST-10489,Female,1,YES,No,1,MONTH-TO-MONTH,Credit card,DSL,Y,No,N,N,56.23,71.05,82,North,6/13/2023,No
CUST-12994,Female,0,No,N,68, One year ,Electronic check,DSL,No,no,Yes,No,69.16,4716.47,23,east,10/8/2018,No
CUST-11503,Male,0,yes,Yes,37,Two year,Mailed check,DSL,N,yes,No,No,44.09,1619.8,63,Central,10/7/2017,No
CUST-15361,Female,1,N,Yes,2,Month-to-month,Mailed check,No,No,No,No,N,14.47,48.67,75,CENTRAL,11/5/2022,Yes
CUST-10426,Male,0,Y,no,22,MONTH-TO-MONTH,Bank transfer,Fiber optic,no,N,no,no,95.63,2110.58,49,EAST,7/10/2019,Yes
CUST-13461,Female,0,Y,No,69,Month-to-month,Mailed check,DSL,NO,Yes,yes,no,65.53,4524.4,41,West,2/27/2020,Yes
CUST-11298,Female,0,YES,No,42,One year,Bank transfer,DSL,yes,YES,Y,N,75.39,3184.69,63,south,9/10/2021,No
CUST-15173,Female,0,Y,yes,29,Month-to-month,Mailed check,No,No,No,No,yes,17.27,502.26,24,South,1/16/2023,No
CUST-11821,Male,0,Yes,N,21,Month-to-month,Credit card,DSL,NO,no,N,no,53.93,1128.43,23,West,6/20/2018,No
CUST-15607,Male,0,No,No,22,Month-to-month,Bank transfer,Fiber optic,NO,NO,No,No,95.37,2097.75,64,East,6/27/2017,No
CUST-14717,Female,0,NO,no,19,Month-to-month,Credit card,DSL,no,YES,no,N,52.67,1012.64,51,East,11/26/2023,No
CUST-15960,Male,0,Yes,Y,46,Month-to-month,Bank transfer,No,No,No,No,NO,19.07,864.08,56,West,10/30/2019,No
CUST-11741,Male,0,Y,N,17,MONTH-TO-MONTH,Mailed check,DSL,yes,Y,Yes,No,73.93,1270.91,48, South ,10/16/2022,Yes
CUST-14572,Female,0,no,YES,57,Month-to-month,Mailed check,Fiber optic,Yes,no,Y,Y,96.6,5517.81,22,South,1/4/2023,No
CUST-15069,Female,1,no,no,34,One year,Bank transfer,DSL,Yes,Yes,yes,No,59.36,2009.04,83,West,7/8/2019,No
CUST-13289,Male,1,NO,N,11,One year,Bank transfer,DSL,YES,NO,YES,NO,57.15,640.45,84,Central,9/16/2020,No
CUST-13758,Female,0,yes,N,58,Month-to-month,Credit card,Fiber optic,N,N,Y,no,81.48,4730.11,27,West,4/27/2021,No
CUST-10709,Male,0,YES,N,51,Month-to-month,Bank transfer,Fiber optic,Y,NO,Y,YES,100.26,5130.97,58,South,2/27/2020,Yes
CUST-14799,Female,0,N,YES,0,MONTH-TO-MONTH,Mailed check,Fiber optic,NO,No,YES,Y,79.54,,44,East,9/20/2017,Yes
CUST-12774,Male,0,NO,yes,61,TWO YEAR,Bank transfer,No,No,No,No,no,20.25,1236.57,31,North,4/16/2022,No
CUST-15226,Male,0,No,NO,71,Two year,Electronic check,No,No,No,No,Y,20.38,1440.5,30,WEST,7/14/2019,No
CUST-14718,Female,0,No,no,21,two year,Credit card,Fiber optic,yes,yes,Y,yes,109.99,2327.58,40,South,5/10/2018,No
CUST-13759,Male,0,Y,no,28, Month-to-month ,Mailed check,No,No,No,No,No,26.14,738.87,45,North,12/26/2017,No
CUST-13464,Female,1,Yes,YES,15,Month-to-month,Mailed check,DSL,NO,yes,N,Y,67.94,1020.19,79,North,4/30/2017,Yes
CUST-11152,Female,1,Y,Yes,26,Month-to-month,Mailed check,Fiber optic,yes,NO,N,N,90.16,2350.92,83,East,8/3/2022,Yes
CUST-14245,Male,0,N,Yes,26,Month-to-month,Bank transfer,Fiber optic,No,No,yes,NO,107.35,2785.89,22,South,12/15/2021,Yes
CUST-11264,Male,0,no,YES,19, Month-to-month ,Credit card,Fiber optic,Yes,no,YES,Yes,95.01,1806.3,60,north,9/5/2023,Yes
CUST-13968,Female,0,N,Y,1,TWO YEAR,Credit card,Fiber optic,YES,no,yes,N,92.78,112.48,25,West,3/9/2022,Yes
CUST-13831,Male,0,No,no,39,MONTH-TO-MONTH,Electronic check,DSL,No,no,No,no,50.59,1975.6,56,south,10/25/2017,No
CUST-12044,Male,0,yes,Y,21,One year,Mailed check,No,No,No,No,yes,19.4,389.18,39,East,10/28/2020,No
CUST-11132,Female,0,Y,Yes,24,month-to-month,Mailed check,DSL,Yes,YES,no,NO,47.89,1157.15,20,west,4/2/2022,No
CUST-13355,Female,0,Yes,yes,72,One year,Electronic check,DSL,No,NO,N,Y,67.08,4835.9,62, Central ,4/2/2018,No
CUST-13582,Male,0,no,NO,21,TWO YEAR,Mailed check,Fiber optic,NO,YES,NO,Y,79.98,1697.36,53,East,2/5/2022,No
CUST-13650,Male,1,NO,no,60,TWO YEAR,Electronic check,DSL,NO,Y,Y,NO,49.15,2941.38,78,CENTRAL,5/9/2018,No
CUST-12227,Female,0,No,no,4,Month-to-month,Credit card,Fiber optic,no,yes,No,Y,91.42,372.25,41,North,3/23/2019,Yes
CUST-13472,Female,0,N,YES,37,One year,Electronic check,DSL,Y,Y,N,no,61.64,2277.85,24,North,4/12/2018,No
CUST-12323,Female,0,yes,yes,47,Month-to-month,Mailed check,Fiber optic,yes,YES,NO,Yes,72.32,3397.83,52,North,10/8/2022,No
CUST-13186,Male,0,No,yes,27,TWO YEAR,Mailed check,Fiber optic,NO,No,yes,NO,101.15,2729.63,47,South,8/2/2020,Yes
CUST-14778,Female,0,no,Yes,49, Two year ,Bank transfer,Fiber optic,yes,N,No,no,79.08,3887.35,59,East,7/14/2020,No
CUST-12883,Female,0,Y,Y,3,Month-to-month,Mailed check,No,No,No,No,No,19.79,43.86,27,North,7/29/2019,Yes
CUST-12927,Male,1,Yes,Y,72,Two year,Bank transfer,Fiber optic,YES,yes,Y,no,76.22,5493.45,84,WEST,3/4/2018,Yes
CUST-15900,Female,0,Yes,yes,61,month-to-month,Credit card,DSL,yes,no,No,no,55.15,3368.6,62,WEST,11/30/2018,No
CUST-10671,Male,1,YES,YES,6,Month-to-month,Credit card,DSL,NO,NO,no,No,38.9,251.18,74,West,11/26/2018,No
CUST-11968,Male,0,Y,Yes,66,Month-to-month,Bank transfer,DSL,No,YES,N,no,57.82,3797.05,56,East,7/27/2023,Yes
CUST-13776,Female,0,no,yes,47,Month-to-month,Electronic check,Fiber optic,Y,Y,N,N,69.11,3237.65,24, North ,2/4/2021,Yes
CUST-12757,Male,0,no,NO,0,TWO YEAR,Electronic check,Fiber optic,N,NO,N,no,71.93,,22,EAST,11/27/2017,No
CUST-11468,Male,1,Y,No,54,month-to-month,Credit card,No,No,No,No,Y,32.61,1746.37,71,EAST,10/29/2022,No
CUST-14670,Male,0,NO,Yes,37,two year,Electronic check,No,No,No,No,yes,19.93,739.53,66,South,6/19/2019,No
CUST-14742,Male,0,yes,Y,0,Month-to-month,Bank transfer,DSL,No,no,No,yes,47.02,,27,east,12/27/2022,No
CUST-12790,Female,0,No,Yes,67,Month-to-month,Bank transfer,DSL,NO,Yes,No,NO,55.18,3689.51,45,West,2/28/2021,No
CUST-15089,Female,0,yes,Y,68,TWO YEAR,Electronic check,Fiber optic,NO,No,N,yes,98.49,6696.62,24,North,2/22/2019,Yes
CUST-15281,Male,0,Y,No,33, Month-to-month ,Mailed check,No,No,No,No,N,29.06,977.96,66,north,9/15/2019,Yes
CUST-10984,Female,0,No,yes,7,Month-to-month,Bank transfer,DSL,no,Y,no,No,66.05,472.14,37,East,1/14/2020,Yes
CUST-13003,Male,0,N,no,33, Month-to-month ,Electronic check,Fiber optic,No,N,YES,no,93.03,3087.3,28,South,1/26/2022,Yes
CUST-15084,Female,1,Y,No,34,One year,Electronic check,Fiber optic,Y,yes,Yes,yes,81.56,2762.47,73,CENTRAL,11/17/2017,No
CUST-11671,Female,0,Y,NO,72,Month-to-month,Bank transfer,No,No,No,No,N,12.58,924.68,69, East ,3/2/2018,Yes
CUST-14110,Male,0,Y,YES,35,Month-to-month,Mailed check,No,No,No,No,Yes,43.96,1535.04,55, South ,5/22/2019,Yes
CUST-11204,Male,0,N,yes,64,Month-to-month,Electronic check,Fiber optic,YES,N,N,YES,85.56,5458.18,48,West,5/29/2019,Yes
CUST-13267,Male,1,Yes,NO,28,One year,Electronic check,DSL,Yes,Y,No,YES,65.04,1806.84,75,West,2/1/2021,No
CUST-11777,Male,0,NO,No,7,Month-to-month,Credit card,Fiber optic,NO,YES,YES,Y,99.95,705.74,43,north,11/6/2018,No
CUST-11694,Male,0,no,no,49,Month-to-month,Bank transfer,Fiber optic,NO,N,NO,NO,78.46,3838.34,46,South,10/17/2017,No
CUST-12368,Female,1,YES,Yes,61,MONTH-TO-MONTH,Bank transfer,No,No,No,No,No,38.06,2329.35,72,East,12/21/2021,Yes
CUST-13823,Female,0,No,NO,55, Month-to-month ,Credit card,DSL,Yes,yes,Yes,YES,64.21,3534.91,51,West,1/3/2022,No
CUST-10882,Female,0,Y,YES,63,MONTH-TO-MONTH,Mailed check,DSL,Yes,Y,NO,N,63.29,4001.5,36,east,4/11/2023,No
CUST-10956,Female,1,no,Yes,1,MONTH-TO-MONTH,Electronic check,DSL,yes,NO,YES,N,52.58,59.69,71,West,1/4/2020,Yes
CUST-15781,Female,0,No,N,65,Month-to-month,Credit card,No,No,No,No,No,28.71,1856.62,43,Central,10/17/2018,Yes
CUST-12930,Male,1,no,no,58,Month-to-month,Credit card,No,No,No,No,no,18.43,1071.53,77,south,5/3/2023,Yes
CUST-13844,Female,1,YES,Y,13,MONTH-TO-MONTH,Electronic check,Fiber optic,no,Yes,Yes,no,95.67,1230.72,78,WEST,6/6/2018,Yes
CUST-13101,Male,0,YES,Yes,39,Month-to-month,Credit card,DSL,no,Y,YES,yes,51.88,2015.04,65,WEST,4/28/2022,Yes
CUST-13073,Female,0,No,YES,52,Month-to-month,Bank transfer,Fiber optic,Y,No,No,no,78.58,4080.09,69,Central,12/13/2021,No
CUST-14653,Female,0,YES,N,67,Month-to-month,Bank transfer,DSL,Y,yes,N,N,51.79,3471.48,27,East,4/12/2020,No
CUST-10123,Female,0,No,Y,3,Month-to-month,Mailed check,Fiber optic,Yes,yes,N,NO,88.12,256.26,24,west,5/13/2023,Yes
CUST-12545,Male,0,YES,NO,54,month-to-month,Bank transfer,DSL,No,yes,Y,Yes,60.91,3301.17,46,Central,5/11/2020,No
CUST-12796,Male,0,No,YES,48, One year ,Mailed check,DSL,Y,No,yes,NO,63.32,3050.84,47,north,3/21/2022,No
CUST-11207,Female,0,Yes,No,49,ONE YEAR,Electronic check,Fiber optic,No,Y,NO,YES,76.76,3764.26,60,West,4/8/2017,No
CUST-12475,Female,0,Yes,N,23,One year,Mailed check,DSL,YES,N,No,YES,38.51,897.72,18,south,7/4/2023,No
CUST-13344,Female,0,yes,No,46,One year,Credit card,DSL,Yes,yes,N,no,36.59,1689.95,24,EAST,4/27/2019,No
CUST-15172,Female,0,YES,N,35,one year,Bank transfer,DSL,yes,Yes,no,No,56.7,2002.64,53,Central,9/28/2017,No
CUST-12183,Female,0,N,YES,63,month-to-month,Electronic check,No,No,No,No,N,26.89,1699.69,59,West,11/7/2020,No
CUST-11377,Female,0,NO,NO,22,Two year,Credit card,DSL,Y,yes,Y,YES,54.32,1189.56,63,east,8/9/2022,No
CUST-14107,Male,0,Yes,Y,21,Month-to-month,Credit card,Fiber optic,yes,NO,yes,Yes,84.49,1788.73,48,WEST,5/10/2018,No
CUST-10182,Male,0,YES,No,7,Month-to-month,Mailed check,Fiber optic,no,YES,NO,N,90.66,615.47,42,North,11/26/2019,Yes
CUST-11028,Female,0,N,NO,24,One year,Electronic check,DSL,YES,Yes,Yes,no,76.97,1865.19,43,CENTRAL,9/28/2023,Yes
CUST-15328,Female,0,N,NO,2,Two year,Mailed check,Fiber optic,Yes,N,No,N,91.56,191.28,49,South,2/20/2018,Yes
CUST-13452,Female,0,yes,YES,67,Month-to-month,Mailed check,Fiber optic,NO,no,N,yes,87.53,5862.95,39,CENTRAL,5/21/2023,Yes
CUST-10335,Male,0,Yes,no,48,Two year,Credit card,Fiber optic,Yes,Y,Yes,YES,95.77,4615.75,58,West,5/23/2019,Yes
CUST-12373,Female,1,N,yes,41,Two year,Mailed check,Fiber optic,N,NO,Y,NO,86.38,3537.81,78,South,12/30/2018,No
CUST-12951,Male,0,YES,no,5,Month-to-month,Mailed check,DSL,Y,no,YES,no,69.12,342.07,44,EAST,11/4/2017,No
CUST-12361,Female,0,Y,NO,56,Two year,Credit card,Fiber optic,N,yes,N,Y,66.48,3709.44,47,North,7/16/2022,Yes
CUST-15864,Female,0,No,no,29,MONTH-TO-MONTH,Bank transfer,Fiber optic,N,Yes,YES,Y,103.89,3011.53,58,south,10/4/2023,Yes
CUST-13349,Female,0,Yes,NO,19,MONTH-TO-MONTH,Mailed check,Fiber optic,Yes,YES,no,Yes,87.09,1649.37,40,west,4/4/2022,Yes
CUST-15717,Male,0,Y,NO,11,Month-to-month,Credit card,DSL,Y,Y,Yes,Yes,72.7,813.51,47,West,7/10/2021,No
CUST-10854,Male,0,yes,No,60,One year,Mailed check,Fiber optic,Y,Y,N,YES,94.74,5664.67,33, South ,6/22/2020,Yes
CUST-15714,Female,0,no,NO,40,Month-to-month,Mailed check,DSL,Yes,YES,Y,YES,74.95,2982.7,26,WEST,12/14/2019,No
CUST-14305,Female,0,yes,no,42,two year,Mailed check,Fiber optic,no,NO,no,N,79.96,3352.47,18,EAST,8/19/2021,Yes
CUST-14344,Male,0,N,Yes,37,Month-to-month,Mailed check,DSL,N,yes,Y,Yes,56.76,2099.93,42,North,3/4/2017,No
CUST-12714,Female,0,no,no,55,Month-to-month,Bank transfer,Fiber optic,No,N,no,yes,92.25,5087.92,45,Central,5/11/2017,Yes
CUST-11967,Male,0,N,YES,61,one year,Bank transfer,No,No,No,No,YES,13.45,823.75,62,Central,11/22/2019,No
CUST-15235,Female,0,NO,Yes,51,Two year,Mailed check,No,No,No,No,No,42.71,2165.28,41,east,1/14/2023,Yes
CUST-13975,Male,0,yes,yes,36,Month-to-month,Mailed check,Fiber optic,N,YES,no,no,79.04,2863.91,33,South,7/1/2021,No
CUST-10388,Female,0,No,no,46,Month-to-month,Credit card,No,No,No,No,N,16.58,753.79,28,NORTH,6/22/2020,No
CUST-15017,Female,0,YES,YES,59,month-to-month,Credit card,No,No,No,No,N,14.89,871.98,49,South,3/3/2018,No
CUST-12919,Male,0,no,YES,66,Two year,Credit card,DSL,Y,NO,Yes,Y,61.53,4063.75,40,north,2/17/2022,No
CUST-14789,Male,1,Yes,Y,38,Month-to-month,Mailed check,Fiber optic,yes,N,N,no,69.01,2607.17,78,East,3/30/2017,No
CUST-12060,Female,0,N,YES,69,One year,Credit card,DSL,no,YES,N,yes,49.79,3448.72,64,West,5/24/2023,No
CUST-11285,Male,0,no,YES,26,month-to-month,Electronic check,DSL,Y,yes,YES,Yes,75.47,1975.7,36,East,2/10/2022,Yes
CUST-11259,Male,1,Yes,yes,51,Month-to-month,Credit card,DSL,N,Yes,yes,no,71.66,3658.63,83,East,5/13/2019,No
CUST-14688,Male,1,Y,Y,42,Two year,Credit card,DSL,YES,YES,YES,YES,64.57,2719.74,84,South,8/4/2019,No
CUST-12752,Female,0,yes,NO,18,ONE YEAR,Mailed check,No,No,No,No,no,13.61,226.95,27,SOUTH,11/17/2017,No
CUST-15976,Male,1,Yes,N,8,One year,Electronic check,Fiber optic,yes,Yes,yes,YES,93.66,748.65,84,South,10/29/2017,Yes
CUST-10974,Male,0,YES,Yes,46,Two year,Electronic check,Fiber optic,N,Yes,yes,yes,94.85,4370.98,46,South,5/16/2021,No
CUST-11681,Female,0,no,Y,51,One year,Electronic check,DSL,Y,Y,N,No,53.18,2711.34,45,EAST,4/26/2021,No
CUST-12661,Male,0,YES,no,57,Two year,Electronic check,DSL,N,N,YES,Y,49.91,2846.65,69,west,9/25/2022,No
CUST-12729,Female,0,no,no,43,one year,Electronic check,No,No,No,No,YES,43.29,1863.45,47,East,3/31/2017,No
CUST-15095,Male,0,yes,Yes,30, Two year ,Credit card,No,No,No,No,Y,35.36,1077.69,45,CENTRAL,11/12/2019,No
CUST-10927,Female,0,No,No,62,month-to-month,Mailed check,DSL,yes,No,yes,yes,64.33,3975.7,53, West ,3/8/2022,No
CUST-13915,Female,1,Y,no,17,Month-to-month,Mailed check,Fiber optic,YES,Y,Y,N,84.07,1433.84,83,West,8/29/2022,Yes
CUST-14915,Male,0,no,no,47,One year,Bank transfer,DSL,No,Yes,No,Y,40.87,1902.12,46,east,8/4/2019,No
CUST-10654,Female,1,N,N,28,one year,Mailed check,Fiber optic,Yes,N,NO,Y,98.44,2742.26,85,central,9/14/2020,No
CUST-14290,Male,0,no,NO,60,Month-to-month,Mailed check,Fiber optic,Y,NO,N,YES,69.01,4136.45,26,EAST,1/2/2022,No
CUST-15085,Male,0,Yes,no,53,One year,Mailed check,DSL,YES,N,yes,Yes,68.45,3623.37,43,WEST,12/19/2020,No
CUST-15100,Female,0,No,Yes,63, Month-to-month ,Credit card,Fiber optic,Yes,yes,no,YES,91.75,5779.84,50, South ,4/11/2019,Yes
CUST-14444,Male,0,no,YES,24,One year,Credit card,DSL,NO,YES,No,YES,56.95,1358.04,54,West,12/2/2021,No
CUST-14622,Female,0,N,No,54,two year,Bank transfer,Fiber optic,YES,NO,NO,No,90.59,4888.61,33,West,10/26/2017,Yes
CUST-10951,Male,0,NO,Y,14,Month-to-month,Credit card,Fiber optic,Yes,Y,No,yes,81.93,1131.13,23,West,9/21/2022,No
CUST-12541,Male,1,no,yes,15,Two year,Bank transfer,No,No,No,No,No,12.78,206.6,79,West,7/3/2018,No
CUST-10304,Male,1,N,No,15,Month-to-month,Mailed check,No,No,No,No,Y,34.3,507.22,83,central,3/6/2021,No
CUST-12697,Female,0,N,no,2,month-to-month,Bank transfer,No,No,No,No,yes,12.55,34.35,23,West,12/13/2021,Yes
CUST-14555,Female,0,NO,YES,19, One year ,Credit card,DSL,Yes,N,NO,N,69.17,1332.46,69,Central,12/27/2020,No
CUST-13895,Male,0,No,NO,20,One year,Credit card,No,No,No,No,yes,34.64,689.54,25,East,6/1/2021,Yes
CUST-14495,Male,0,Y,Yes,65,One year,Bank transfer,No,No,No,No,Yes,43.14,2785.17,38,West,9/24/2021,No
CUST-15793,Male,0,yes,yes,61, Two year ,Electronic check,Fiber optic,NO,No,yes,Yes,92.19,5616.37,25,west,2/15/2022,Yes
CUST-11397,Female,0,NO,Yes,8,Month-to-month,Credit card,Fiber optic,NO,No,NO,Yes,91.2,734.24,66,East,5/11/2021,Yes
CUST-10732,Female,0,Y,Yes,2,Month-to-month,Credit card,Fiber optic,Y,No,YES,no,94.92,181.06,66,North,5/21/2017,Yes
CUST-15672,Male,0,YES,no,15,MONTH-TO-MONTH,Bank transfer,Fiber optic,yes,Y,NO,No,74.78,1105.6,33,South,7/8/2018,Yes
CUST-13066,Female,0,Y,yes,38,Month-to-month,Mailed check,Fiber optic,no,YES,No,Y,93.36,3529.53,51,CENTRAL,12/4/2018,No
CUST-14704,Male,0,no,N,25,One year,Mailed check,No,No,No,No,Y,37.32,941.86,57,SOUTH,5/7/2020,No
CUST-14137,Male,0,no,Y,66,month-to-month,Mailed check,No,No,No,No,N,11.54,773.04,47,South,12/2/2019,No
CUST-15194,Male,1,No,Y,30,month-to-month,Bank transfer,DSL,no,No,Y,yes,56.99,1721.71,75,Central,11/20/2021,Yes
CUST-13121,Female,0,yes,no,55, Month-to-month ,Credit card,DSL,N,No,YES,YES,73.41,4030.23,41,West,2/4/2023,No
CUST-11618,Female,1,yes,Yes,38,Two year,Credit card,Fiber optic,YES,No,No,NO,72.71,2776.48,84,east,6/15/2021,No
CUST-14242,Female,0,NO,No,43, Month-to-month ,Electronic check,DSL,yes,No,yes,no,58.93,2525.76,26,East,3/23/2018,Yes
CUST-12892,Male,0,Y,Y,36,One year,Bank transfer,DSL,N,YES,NO,yes,40.45,1462.1,35,Central,8/1/2023,No
CUST-12670,Female,0,N,Yes,43,Month-to-month,Bank transfer,Fiber optic,YES,Y,Yes,yes,105.35,4540.44,46,north,9/28/2023,No
CUST-12146,Female,0,No,Y,17,month-to-month,Electronic check,Fiber optic,Yes,Yes,YES,Yes,98.76,1666.21,23,East,11/10/2019,Yes
CUST-12242,Male,0,No,yes,19,month-to-month,Credit card,Fiber optic,Y,N,N,yes,76.46,1461.22,63,West,7/2/2023,Yes
CUST-12756,Female,0,NO,Yes,7, Two year ,Mailed check,Fiber optic,Y,NO,no,no,65.78,446.72,69,South,7/28/2023,No
CUST-13191,Female,0,YES,No,48,MONTH-TO-MONTH,Credit card,Fiber optic,Y,NO,No,Y,97.97,4699.33,52,Central,7/11/2019,Yes
CUST-11875,Female,0,No,NO,65,Two year,Bank transfer,Fiber optic,NO,N,YES,yes,98.05,6383.79,36,South,6/7/2018,No
CUST-15383,Female,1,Yes,Yes,16,Two year,Bank transfer,DSL,Y,Yes,yes,N,73.84,1163.34,77,west,6/8/2023,No
CUST-11291,Male,0,yes,No,12,Month-to-month,Electronic check,Fiber optic,no,Y,no,no,75.14,903.41,63,East,10/13/2023,Yes
CUST-11326,Male,0,YES,N,44,month-to-month,Bank transfer,Fiber optic,no,Yes,No,No,96.01,4215.76,22,EAST,9/15/2018,Yes
CUST-11382,Male,0,YES,No,13,Two year,Bank transfer,DSL,no,Yes,YES,no,76.86,998.4,53,Central,11/7/2017,No
CUST-13567,Male,1,no,N,52,Month-to-month,Mailed check,DSL,no,Y,YES,yes,61.53,3187.87,80,Central,7/29/2018,No
CUST-12596,Male,1,Yes,no,66,one year,Mailed check,DSL,Y,yes,No,Yes,66.6,4386.94,85,central,1/27/2023,No
CUST-10767,Female,0,NO,no,54,MONTH-TO-MONTH,Mailed check,Fiber optic,Yes,yes,no,NO,91.32,4945.24,25,West,1/1/2023,No
CUST-10089,Male,0,No,YES,2,Two year,Mailed check,Fiber optic,N,NO,yes,N,98.7,199.02,42,North,5/8/2022,No
CUST-14212,Male,1,No,yes,16,MONTH-TO-MONTH,Electronic check,No,No,No,No,No,35,542.09,76,Central,9/12/2018,No
CUST-11113,Female,0,YES,no,54,One year,Credit card,Fiber optic,No,yes,Y,Yes,86.22,4655.87,23,North,3/5/2020,No
CUST-11378,Male,0,Y,YES,37,Two year,Bank transfer,Fiber optic,Yes,NO,YES,Yes,106.47,3922.37,57,East,9/3/2022,No
CUST-14686,Male,0,NO,Yes,21, Month-to-month ,Credit card,No,No,No,No,No,10.05,193.76,65,West,1/9/2021,Yes
CUST-10178,Male,0,NO,YES,52,Month-to-month,Electronic check,DSL,Y,NO,N,Yes,40.33,2115.95,19,South,11/1/2021,Yes
CUST-11853,Male,0,YES,No,24,month-to-month,Credit card,Fiber optic,no,N,Yes,no,92.58,2212.42,57,East,4/22/2022,Yes
CUST-14775,Female,0,N,no,16,Month-to-month,Electronic check,DSL,NO,No,no,NO,66.49,1065.93,35, South ,8/20/2023,No
CUST-14641,Male,0,Yes,N,36,month-to-month,Bank transfer,Fiber optic,YES,Y,No,Y,68.31,2441.48,24,North,7/4/2022,Yes
CUST-10211,Female,0,YES,NO,58,Month-to-month,Electronic check,Fiber optic,Y,NO,no,N,93.61,5441.25,38,Central,9/7/2017,No
CUST-13635,Female,0,yes,Y,9,Month-to-month,Mailed check,Fiber optic,no,NO,no,Yes,70.24,612.23,56,East,12/28/2019,Yes
CUST-12124,Male,0,yes,YES,54,one year,Credit card,DSL,N,Yes,N,Yes,43.4,2332.67,66,SOUTH,5/9/2020,No
CUST-11170,Female,0,no,yes,29,One year,Credit card,Fiber optic,No,No,yes,No,96.64,2818.07,68,NORTH,7/19/2018,Yes
CUST-11553,Female,0,yes,Yes,11,Two year,Mailed check,No,No,No,No,NO,42.96,479.87,35,South,5/23/2018,No
CUST-12182,Male,0,N,Y,51,MONTH-TO-MONTH,Bank transfer,DSL,No,No,Yes,yes,55.34,2834.09,47,East,11/9/2023,No
CUST-10744,Male,0,N,N,51,Month-to-month,Electronic check,DSL,NO,Yes,YES,No,46.49,2366.52,54,Central,4/14/2018,No
CUST-15200,Female,0,Y,yes,29,Month-to-month,Bank transfer,Fiber optic,no,NO,NO,No,97.68,2837.23,44,WEST,7/15/2020,Yes
CUST-10844,Male,0,yes,N,70,Month-to-month,Bank transfer,No,No,No,No,NO,36.33,2524.31,19,Central,10/15/2018,No
CUST-14009,Female,0,no,No,2,Two year,Bank transfer,No,No,No,No,YES,32.01,51.32,29,East,6/12/2020,No
CUST-13155,Male,0,No,NO,20,Month-to-month,Bank transfer,DSL,no,Yes,Y,YES,51.57,1043.11,58,West,11/4/2023,No
CUST-13297,Female,0,N,No,46,Two year,Credit card,DSL,No,Yes,No,no,52.69,2426.9,31,south,9/21/2019,No
CUST-11119,Male,0,yes,Yes,1,Month-to-month,Electronic check,No,No,No,No,yes,21.28,7.42,59,South,12/27/2017,No
CUST-14784,Female,0,Y,no,55,TWO YEAR,Bank transfer,DSL,N,YES,NO,Yes,64.5,3561.45,27,East,10/17/2021,No
CUST-15370,Female,0,NO,N,12,Month-to-month,Mailed check,Fiber optic,NO,N,YES,Y,78.19,925.48,49, North ,12/31/2021,No
CUST-15065,Male,0,YES,yes,37,One year,Credit card,Fiber optic,Yes,No,yes,no,87.68,3234.08,46,East,8/17/2021,No
CUST-12465,Female,0,yes,Y,17,Two year,Electronic check,Fiber optic,N,Yes,N,NO,95.91,1646.63,62,West,2/28/2022,Yes
CUST-14671,Male,0,YES,NO,45,month-to-month,Electronic check,DSL,no,yes,N,YES,55.66,2506.47,38,West,12/6/2018,No
CUST-14769,Female,1,N,NO,18,MONTH-TO-MONTH,Credit card,DSL,Yes,N,NO,Yes,47.18,838.67,80,South,3/27/2022,No
CUST-11892,Female,1,Y,N,61,Two year,Bank transfer,DSL,No,Yes,N,NO,48.06,2915.96,77,North,2/20/2022,No
CUST-10848,Female,0,No,N,47,One year,Bank transfer,Fiber optic,N,NO,no,Y,99.93,4686.66,41,South,10/26/2020,No
CUST-15199,Female,0,Yes,YES,1,month-to-month,Mailed check,Fiber optic,no,yes,yes,YES,95.39,111.6,55,Central,12/19/2019,Yes
CUST-15442,Female,1,yes,No,63,One year,Credit card,DSL,yes,Yes,YES,Yes,57.91,3634.87,72, East ,5/9/2019,Yes
CUST-10751,Male,0,N,no,69, One year ,Bank transfer,Fiber optic,Yes,no,N,Y,83.69,5785.16,57,East,12/14/2019,Yes
CUST-15459,Female,0,Y,Y,67,Two year,Bank transfer,DSL,NO,Y,No,Yes,41.56,2797.51,54,NORTH,9/13/2018,No
CUST-15524,Female,0,Yes,No,12,Month-to-month,Bank transfer,Fiber optic,YES,Yes,Yes,YES,94.57,1139.14,61,WEST,10/13/2017,No
CUST-10465,Male,0,no,yes,31,Month-to-month,Credit card,DSL,NO,No,No,no,53.29,1634.42,32,WEST,3/8/2021,No
CUST-10050,Female,1,NO,NO,19,Month-to-month,Credit card,Fiber optic,YES,NO,NO,Yes,66.99,1286.08,72,West,11/28/2022,Yes
CUST-13282,Male,1,No,N,53,Month-to-month,Electronic check,DSL,YES,no,N,Yes,68.05,3613.14,71,West,10/26/2021,Yes
CUST-12085,Male,0,NO,yes,6,Month-to-month,Electronic check,DSL,No,N,Yes,Y,48.86,296.17,46,East,9/15/2019,Yes
CUST-12826,Female,0,NO,Y,27,TWO YEAR,Mailed check,DSL,N,no,N,Y,52.81,1410,63,South,3/13/2019,No
CUST-13511,Male,0,N,Y,54,One year,Credit card,Fiber optic,N,Yes,Yes,N,94.82,5120.06,26,west,4/22/2018,Yes
CUST-13140,Male,0,no,Yes,15,Two year,Credit card,Fiber optic,N,Yes,Yes,YES,75.32,1137.34,33,Central,4/18/2020,No
CUST-12550,Male,0,yes,No,58,Month-to-month,Electronic check,DSL,no,YES,no,NO,56.33,3283.9,32,East,1/26/2018,Yes
CUST-11126,Female,1,No,No,44,ONE YEAR,Mailed check,DSL,no,Y,yes,Y,68.83,3011.33,77,East,11/4/2023,No
CUST-14601,Female,1,NO,no,11,Month-to-month,Electronic check,Fiber optic,Y,NO,no,No,77.39,832.83,74,East,4/15/2022,Yes
CUST-11824,Male,0,Y,NO,33,month-to-month,Electronic check,Fiber optic,Y,Yes,Y,Yes,86.56,2844.7,44,South,1/12/2022,No
CUST-11700,Male,0,No,no,1,ONE YEAR,Electronic check,Fiber optic,yes,YES,Yes,Y,85.33,97.62,42,North,9/8/2019,Yes
CUST-10320,Female,0,YES,yes,69,month-to-month,Mailed check,No,No,No,No,no,31.28,2153.58,38,WEST,11/11/2021,Yes
CUST-11293,Female,0,N,yes,9,Month-to-month,Bank transfer,DSL,Yes,yes,NO,No,59.08,544.3,66,south,3/18/2017,No
CUST-15403,Female,1,yes,NO,14,Month-to-month,Mailed check,DSL,no,N,no,Yes,50.22,703.81,77,West,8/18/2020,Yes
CUST-13475,Male,1,Yes,yes,3,Month-to-month,Electronic check,No,No,No,No,yes,39.57,117.79,70,North,8/21/2022,Yes
CUST-12255,Male,0,N,no,11,MONTH-TO-MONTH,Credit card,DSL,Yes,no,YES,N,74.2,813.47,58,west,7/1/2020,No
CUST-15647,Male,0,YES,N,7,One year,Credit card,DSL,N,no,N,YES,50.45,368.49,59,North,5/21/2018,Yes
CUST-10792,Female,0,No,yes,28,month-to-month,Credit card,Fiber optic,yes,no,Yes,yes,82.02,2312.72,54,North,2/17/2019,Yes
CUST-13055,Female,0,no,no,35,One year,Mailed check,DSL,no,N,N,N,42.65,1485.86,53,Central,4/27/2017,Yes
CUST-14071,Female,1,No,yes,25,One year,Electronic check,Fiber optic,N,yes,YES,no,100.04,2497.21,85,South,6/24/2018,No
CUST-15491,Male,0,YES,Y,69,One year,Credit card,DSL,No,Yes,No,Yes,54.71,3766.96,68,west,3/4/2019,No
CUST-14906,Male,0,No,Yes,8,Month-to-month,Electronic check,No,No,No,No,YES,23.49,184.42,54,Central,10/27/2018,Yes
CUST-15946,Female,1,NO,no,49,Two year,Bank transfer,Fiber optic,yes,yes,N,no,91.84,4493.58,74,North,10/9/2022,No
CUST-11333,Male,0,yes,YES,55,One year,Bank transfer,Fiber optic,N,N,No,No,79.92,4376.6,35,south,9/9/2019,Yes
CUST-13751,Male,1,no,N,43,MONTH-TO-MONTH,Mailed check,No,No,No,No,No,22.68,977.1,76,North,6/15/2020,No
CUST-13911,Female,0,YES,no,62,month-to-month,Mailed check,No,No,No,No,NO,33.24,2072.67,59,East,5/31/2022,Yes
CUST-10577,Female,0,no,Y,10,month-to-month,Mailed check,No,No,No,No,yes,42.59,435.14,28,west,8/22/2020,Yes
CUST-15152,Female,0,Yes,Y,9,Month-to-month,Credit card,DSL,Yes,N,YES,yes,73.98,683.36,51,South,12/12/2021,Yes
CUST-14367,Female,0,no,yes,18,TWO YEAR,Mailed check,Fiber optic,No,yes,Yes,Yes,88.43,1598.92,23,central,8/11/2023,No
CUST-13284,Female,1,NO,Y,60,Month-to-month,Bank transfer,DSL,NO,No,No,NO,56.45,3395.56,76,South,3/23/2020,No
CUST-15624,Male,1,No,no,4, Two year ,Mailed check,No,No,No,No,yes,34.64,120.26,74,CENTRAL,2/7/2020,Yes
CUST-12249,Male,1,No,Yes,-3,Month-to-month,Mailed check,DSL,No,Yes,yes,Y,72.91,4591.93,71,South,1/17/2020,No
CUST-13508,Female,0,Yes,NO,19,One year,Mailed check,DSL,NO,Yes,Yes,NO,51.26,977.65,37,CENTRAL,11/13/2018,No
CUST-10565,Male,0,N,Y,34,MONTH-TO-MONTH,Mailed check,DSL,Y,Yes,yes,yes,59.62,2040.12,27,SOUTH,2/18/2019,Yes
CUST-14488,Male,0,No,No,46,one year,Electronic check,Fiber optic,yes,Y,N,NO,95.08,4381.5,56,West,5/15/2023,No
CUST-13923,Female,0,YES,Y,13,Month-to-month,Bank transfer,Fiber optic,NO,no,NO,YES,66.95,870.47,67, West ,7/14/2018,No
CUST-15649,Male,0,yes,Yes,24, One year ,Mailed check,DSL,N,yes,no,NO,68.95,1663.48,35,East,10/2/2023,No
CUST-11372,Female,0,No,YES,7,MONTH-TO-MONTH,Electronic check,DSL,Yes,No,No,YES,63.73,439.52,44,West,4/25/2018,No
CUST-14828,Male,0,NO,no,24, Month-to-month ,Bank transfer,No,No,No,No,Yes,26.12,617.08,65,West,8/26/2020,No
CUST-15722,Female,0,yes,No,43,One year,Mailed check,No,No,No,No,YES,43.87,1881.77,33,West,9/27/2023,No
CUST-13031,Male,0,NO,Y,27,MONTH-TO-MONTH,Credit card,DSL,No,no,N,N,48.38,1314.18,27,Central,8/20/2020,No
CUST-11290,Male,0,YES,no,6,one year,Bank transfer,Fiber optic,Y,YES,no,Yes,73.66,437.38,60, West ,4/2/2020,No
CUST-11896,Female,0,yes,Y,48,One year,Electronic check,Fiber optic,Yes,NO,N,Y,67.18,3205.47,18,north,3/29/2022,Yes
CUST-13164,Female,0,N,YES,57,ONE YEAR,Electronic check,DSL,yes,No,NO,N,61.44,3499.41,54, North ,12/2/2023,Yes
CUST-12430,Male,0,Yes,Y,58,One year,Mailed check,Fiber optic,NO,N,no,yes,79.81,4645.68,50,central,5/19/2020,No
CUST-15038,Male,0,yes,N,57,Two year,Bank transfer,DSL,no,N,YES,N,45.43,2591.65,29,North,10/24/2020,No
CUST-13371,Female,0,YES,yes,71,Month-to-month,Electronic check,Fiber optic,Y,yes,Yes,N,91.04,6473.22,22,SOUTH,3/27/2017,Yes
CUST-15449,Male,0,NO,YES,71,Two year,Bank transfer,No,No,No,No,No,42.83,3035.79,44,west,8/11/2017,No
CUST-15748,Male,1,no,No,29,Two year,Bank transfer,DSL,Y,YES,Yes,No,75.19,2167.84,75,WEST,7/31/2019,No
CUST-15177,Male,0,yes,Y,32,month-to-month,Mailed check,No,No,No,No,no,41.54,1337.05,51,West,2/21/2021,No
CUST-11584,Male,1,Y,Y,20,Month-to-month,Bank transfer,No,No,No,No,YES,21.02,407.75,81,East,5/8/2022,Yes
CUST-13565,Female,0,yes,YES,52,one year,Mailed check,Fiber optic,no,YES,Yes,N,88.23,4568.35,44,South,8/29/2018,No
CUST-14173,Female,1,no,NO,45,two year,Credit card,Fiber optic,Y,Yes,yes,N,108.17,4870.98,70,west,11/19/2023,No
CUST-10414,Female,0,Yes,YES,10,Two year,Bank transfer,DSL,YES,YES,No,YES,64.26,656.5,46,North,9/24/2018,Yes
CUST-15357,Male,0,no,No,3,two year,Electronic check,Fiber optic,yes,yes,YES,Yes,76.09,241.25,59,Central,7/8/2021,No
CUST-10519,Male,0,No,yes,13, Month-to-month ,Mailed check,Fiber optic,yes,No,Yes,NO,105.46,1375.68,27,West,5/21/2017,No
CUST-13950,Female,0,N,yes,67,Month-to-month,Credit card,Fiber optic,YES,N,YES,no,77.14,5165.81,56,Central,1/16/2018,No
CUST-14984,Male,0,no,yes,23,Two year,Electronic check,Fiber optic,N,no,Yes,Y,100.79,2325.21,40,North,4/15/2017,Yes
CUST-15502,Male,0,yes,YES,68,Month-to-month,Bank transfer,Fiber optic,Y,N,yes,NO,91.83,6244.69,35,west,1/20/2019,No
CUST-13775,Female,0,no,Y,70,month-to-month,Electronic check,Fiber optic,no,Yes,yes,no,100.33,7025.09,61,West,7/20/2021,Yes
CUST-13581,Male,0,N,NO,5,One year,Electronic check,Fiber optic,Yes,N,yes,No,100.64,502.21,58,Central,5/21/2022,Yes
CUST-13594,Female,0,Y,yes,0,Month-to-month,Credit card,Fiber optic,YES,Y,YES,yes,84.32,,52,South,3/13/2017,Yes
CUST-12811,Male,0,YES,NO,34,month-to-month,Credit card,No,No,No,No,NO,20.9,724.63,22,central,3/15/2020,No
CUST-11358,Female,0,no,NO,2,Month-to-month,Bank transfer,Fiber optic,Y,Y,N,yes,72.38,161.28,27,west,3/31/2020,No
CUST-10010,Female,0,YES,Y,16,One year,Bank transfer,Fiber optic,No,Yes,yes,no,107.66,1737.79,33,Central,10/11/2019,No
CUST-14583,Female,0,N,yes,61,month-to-month,Electronic check,DSL,YES,No,yes,YES,73.23,4482.87,37,south,6/8/2022,Yes
CUST-10628,Female,0,no,NO,50,Two year,Mailed check,No,No,No,No,Yes,21.91,1082.08,23,west,3/30/2020,No
CUST-11455,Female,0,yes,N,9,Month-to-month,Electronic check,Fiber optic,no,No,N,Yes,72.83,666.5,46,Central,8/30/2017,No
CUST-11239,Female,0,Y,YES,3,Month-to-month,Electronic check,No,No,No,No,N,22.63,57.11,52,South,11/7/2018,Yes
CUST-13103,Female,0,N,YES,32,Two year,Electronic check,DSL,yes,no,NO,yes,36.84,1181.74,54,South,2/6/2018,No
CUST-14177,Male,0,YES,Y,62,ONE YEAR,Bank transfer,DSL,Y,Y,yes,NO,77.67,4819.61,39,EAST,11/25/2022,No
CUST-12734,Female,0,no,N,27,Month-to-month,Credit card,Fiber optic,Y,yes,Yes,Y,79.67,2159.05,58,North,12/11/2021,No
CUST-15451,Male,1,NO,YES,69, Two year ,Credit card,No,No,No,No,No,41.97,2900.51,72,North,5/2/2019,No
CUST-14010,Male,1,YES,NO,39,month-to-month,Credit card,DSL,yes,YES,no,NO,54.82,2144,81,WEST,8/31/2022,Yes
CUST-14072,Male,0,YES,yes,53,One year,Credit card,Fiber optic,YES,no,Yes,No,86.02,4546.82,23,East,8/6/2023,No
CUST-10912,Male,0,NO,Y,29,Month-to-month,Electronic check,DSL,Y,N,YES,No,54.36,1587,42,CENTRAL,2/25/2022,Yes
CUST-11193,Male,0,yes,yes,23,month-to-month,Mailed check,DSL,yes,No,YES,yes,53.78,1252.78,31,South,12/3/2018,Yes
CUST-12244,Male,0,no,yes,18,MONTH-TO-MONTH,Mailed check,DSL,YES,No,Y,N,50.75,905.45,20, East ,4/27/2019,No
CUST-13824,Male,0,NO,YES,28,Month-to-month,Electronic check,Fiber optic,YES,yes,Yes,NO,97.26,2737.07,51,WEST,7/27/2023,No
CUST-10819,Male,1,no,no,23,ONE YEAR,Bank transfer,Fiber optic,no,NO,Yes,no,106.46,2442.52,76,south,2/23/2021,Yes
CUST-10483,Male,0,Yes,no,20,Month-to-month,Electronic check,Fiber optic,YES,Y,yes,YES,94.11,1866.91,35,south,2/24/2018,Yes
CUST-11183,Male,0,Y,No,6,Month-to-month,Electronic check,Fiber optic,No,YES,NO,Yes,90.82,534.5,35,east,7/27/2017,Yes
CUST-11122,Female,0,no,Yes,45, Month-to-month ,Electronic check,Fiber optic,N,N,yes,yes,99.79,4485.45,62,Central,3/6/2021,Yes
CUST-14102,Male,1,Yes,yes,55,MONTH-TO-MONTH,Electronic check,No,No,No,No,NO,43.68,2394.52,76,East,2/7/2022,Yes
CUST-11528,Female,0,No,No,58,MONTH-TO-MONTH,Mailed check,No,No,No,No,Y,22.52,1319.7,34,east,10/13/2023,No
CUST-10898,Female,0,NO,N,49,month-to-month,Credit card,No,No,No,No,Y,39.63,1950.23,42,Central,12/9/2021,Yes
CUST-15825,Female,0,N,Yes,15,Month-to-month,Electronic check,No,No,No,No,No,37.08,555.8,52,central,2/25/2021,No
CUST-11330,Male,1,YES,Y,6,Month-to-month,Mailed check,DSL,Yes,YES,yes,NO,79.38,495.74,84,EAST,10/16/2017,No
CUST-12230,Female,0,Y,Y,49, Month-to-month ,Bank transfer,DSL,Yes,Y,Yes,YES,49,2388.83,50,NORTH,4/29/2021,No
CUST-13785,Female,0,N,no,1,ONE YEAR,Mailed check,Fiber optic,NO,YES,Yes,no,96.29,110.84,55,South,10/2/2022,No
CUST-12799,Male,0,Yes,YES,0,month-to-month,Mailed check,Fiber optic,NO,NO,NO,Yes,69.99,,58,North,5/6/2019,Yes
CUST-15368,Male,1,Y,Y,0,Two year,Bank transfer,DSL,no,No,N,N,41.08,,79,North,8/8/2023,Yes
CUST-11725,Female,1,No,Yes,16,One year,Credit card,No,No,No,No,yes,20.27,330.14,79,EAST,7/1/2018,Yes
CUST-12792,Female,0,NO,no,52,Month-to-month,Mailed check,Fiber optic,No,YES,Yes,no,88.84,4604.65,38,north,11/24/2017,No
CUST-10807,Male,0,YES,Yes,17,month-to-month,Electronic check,No,No,No,No,NO,38.25,635.61,55, North ,9/30/2019,No
CUST-11053,Male,0,Yes,N,37,month-to-month,Credit card,DSL,N,N,yes,N,50.05,1856,18,North,7/2/2018,No
CUST-15771,Female,0,NO,YES,42,Month-to-month,Bank transfer,DSL,NO,NO,Y,YES,76.14,3213.18,23,West,3/5/2018,No
CUST-11810,Male,0,No,no,16,Two year,Bank transfer,No,No,No,No,no,32.71,539.75,31,SOUTH,9/24/2017,No
CUST-15515,Male,0,Y,Y,55,Month-to-month,Bank transfer,DSL,No,YES,no,No,61.95,3396.4,37, Central ,7/6/2017,Yes
CUST-10442,Female,0,No,yes,34,month-to-month,Credit card,DSL,N,Yes,YES,Y,64.89,2214.11,54,South,9/23/2018,No
CUST-15272,Female,0,Yes,N,69,One year,Electronic check,DSL,N,Yes,Y,Y,57.33,3962.61,65,South,7/16/2020,No
CUST-10046,Male,1,NO,YES,39,Two year,Bank transfer,DSL,N,Yes,yes,Y,56.93,2215.07,80,south,7/22/2017,No
CUST-13158,Male,0,YES,YES,55,Month-to-month,Credit card,DSL,N,N,yes,NO,54.51,2990.51,41,South,5/1/2021,Yes
CUST-13568,Male,0,N,no,12,One year,Bank transfer,No,No,No,No,YES,40.54,489.12,38,South,6/9/2017,No
CUST-12659,Male,0,No,YES,61,TWO YEAR,Electronic check,DSL,No,no,YES,Yes,78.4,4783.62,40,West,2/6/2020,No
CUST-12340,Male,0,Yes,no,35,MONTH-TO-MONTH,Mailed check,Fiber optic,NO,YES,N,Y,91.08,3196.12,49,West,12/24/2021,No
CUST-12641,Female,0,Y,yes,3,Month-to-month,Electronic check,Fiber optic,YES,N,YES,Yes,103.42,312.28,32,North,9/30/2017,Yes
CUST-14073,Male,0,YES,Yes,16,month-to-month,Bank transfer,DSL,Y,yes,YES,Y,45.76,725.85,46,West,12/31/2020,No
CUST-11847,Male,0,Y,yes,6,Two year,Credit card,Fiber optic,NO,Yes,N,NO,91.83,569.63,24,south,9/30/2020,Yes
CUST-10522,Male,0,Yes,N,10,One year,Credit card,DSL,No,YES,No,NO,50.78,517.49,48,East,10/7/2019,No
CUST-13291,Male,0,Y,no,9,Month-to-month,Mailed check,No,No,No,No,yes,39.51,338.98,60,West,6/27/2022,No
CUST-11052,Female,0,Yes,no,56,Two year,Credit card,Fiber optic,NO,No,yes,Yes,84.14,4712.73,30,NORTH,3/12/2021,No
CUST-15331,Female,0,Y,Y,66,One year,Credit card,DSL,Y,No,NO,yes,61.4,4058.82,46,South,9/1/2017,No
CUST-10363,Female,1,NO,NO,29,month-to-month,Mailed check,DSL,Y,no,N,no,48.73,1426.07,72,West,9/1/2018,No
CUST-12400,Female,1,No,NO,60,month-to-month,Credit card,DSL,YES,no,yes,NO,76.3,4594.6,83,East,10/16/2023,Yes
CUST-15455,Male,0,yes,yes,20,Month-to-month,Credit card,DSL,Y,Yes,N,Y,68.8,1390.75,21,Central,9/9/2020,Yes
CUST-12468,Male,0,Yes,N,6,month-to-month,Bank transfer,DSL,YES,N,yes,Yes,77.23,460.22,57,South,6/19/2023,Yes
CUST-13459,Male,0,NO,N,23,Month-to-month,Mailed check,Fiber optic,yes,Yes,Yes,YES,90.04,2065.02,54,CENTRAL,3/11/2020,Yes
CUST-10349,Male,0,yes,Yes,48,MONTH-TO-MONTH,Bank transfer,Fiber optic,no,Y,Y,NO,78.85,3779.34,40,SOUTH,3/26/2019,No
CUST-11978,Male,0,yes,No,43,One year,Bank transfer,DSL,N,Y,Yes,No,68.76,2962.23,66,east,10/17/2022,No
CUST-15774,Female,0,no,Yes,25,Month-to-month,Credit card,No,No,No,No,YES,21.99,534.77,18,Central,5/20/2017,No
CUST-12066,Male,0,Y,Yes,38,One year,Electronic check,No,No,No,No,YES,44.27,1671.68,51,Central,12/11/2020,No
CUST-15040,Female,0,No,N,65,Two year,Credit card,No,No,No,No,N,36.46,2377.46,28,SOUTH,10/11/2017,No
CUST-13195,Male,0,yes,no,63,Month-to-month,Mailed check,Fiber optic,No,yes,no,No,91.1,5739.78,68,West,1/12/2020,Yes
CUST-11304,Female,0,Y,No,27,Month-to-month,Credit card,Fiber optic,yes,No,no,no,66.46,1794.69,32, East ,6/26/2023,Yes
CUST-11946,Female,0,NO,yes,50,One year,Bank transfer,DSL,YES,NO,No,Y,50.18,2516.47,62,East,7/18/2017,No
CUST-13336,Female,0,N,no,24,Two year,Electronic check,Fiber optic,No,NO,No,Yes,76.68,1834.5,24,north,7/25/2020,No
CUST-13210,Female,0,No,yes,44,One year,Electronic check,Fiber optic,Y,N,yes,no,96.43,4226.6,51,CENTRAL,7/28/2019,No
CUST-14619,Female,0,NO,Yes,9,One year,Credit card,DSL,YES,YES,Y,NO,71.77,637.67,49,WEST,9/28/2022,No
CUST-13378,Female,0,yes,YES,65,Two year,Electronic check,DSL,No,Y,YES,yes,51.35,3355.2,38,East,5/14/2020,No
CUST-12603,Female,0,NO,no,8,one year,Bank transfer,DSL,No,no,Y,N,75.42,585.39,29,South,8/24/2018,No
CUST-10975,Female,0,No,Yes,8,Month-to-month,Bank transfer,Fiber optic,YES,yes,No,YES,65.81,513.88,53,NORTH,11/12/2022,Yes
CUST-14724,Female,1,NO,Yes,49,TWO YEAR,Bank transfer,No,No,No,No,Y,32.35,1580.81,75,WEST,11/19/2017,No
CUST-12059,Male,0,NO,Y,50,ONE YEAR,Mailed check,DSL,no,Yes,Yes,No,59.61,2968.04,60,east,12/27/2022,No
CUST-10672,Male,0,Y,no,37,One year,Mailed check,Fiber optic,Y,No,NO,No,93.04,3425.17,68, East ,7/31/2019,No
CUST-14877,Female,0,No,N,61,MONTH-TO-MONTH,Mailed check,Fiber optic,yes,No,Yes,no,82.4,5008.89,40,EAST,3/15/2020,No
CUST-13780,Male,0,Y,YES,60,TWO YEAR,Bank transfer,No,No,No,No,N,43.82,2638.85,56,South,4/11/2019,Yes
CUST-14624,Male,0,yes,no,32,month-to-month,Mailed check,DSL,YES,YES,no,yes,56.56,1805.61,67,WEST,6/5/2022,Yes
CUST-15824,Male,0,no,YES,36,One year,Credit card,No,No,No,No,no,34.38,1234.31,28, East ,8/18/2021,No
CUST-12316,Female,0,N,YES,41,One year,Bank transfer,Fiber optic,Yes,N,N,No,75.53,3092.18,44,West,5/14/2022,No
CUST-11818,Male,0,Yes,yes,20,Two year,Bank transfer,Fiber optic,no,No,Yes,YES,76.46,1544.94,42,East,8/25/2022,No
CUST-12586,Male,0,NO,yes,3,Month-to-month,Electronic check,Fiber optic,Y,YES,N,no,80.96,236.44,66,North,2/26/2021,Yes
CUST-12843,Male,0,NO,Yes,43,month-to-month,Electronic check,DSL,Yes,N,YES,Yes,54.72,2352.18,46,West,3/19/2023,Yes
CUST-14079,Male,1,No,Yes,40,One year,Electronic check,Fiber optic,YES,no,Yes,no,79.4,3160.85,70,South,11/20/2020,No
CUST-11228,Male,0,NO,N,72, Month-to-month ,Electronic check,No,No,No,No,Y,11.14,793.01,40,east,4/28/2021,Yes
CUST-12572,Female,0,yes,no,54,One year,Bank transfer,No,No,No,No,yes,24.7,1319.18,32,North,10/20/2020,No
CUST-10026,Male,1,yes,N,13,two year,Bank transfer,Fiber optic,yes,NO,N,Yes,79.02,1010.22,71,EAST,3/21/2022,No
CUST-15083,Female,0,N,YES,17,One year,Mailed check,No,No,No,No,no,11.31,179.33,31,West,3/2/2021,No
CUST-13559,Male,0,no,yes,53, Month-to-month ,Bank transfer,DSL,N,no,No,NO,51.7,2732.57,63,CENTRAL,6/10/2019,No
CUST-15803,Female,0,Y,yes,30,MONTH-TO-MONTH,Bank transfer,Fiber optic,YES,Y,NO,YES,75.67,2256.97,59,South,8/17/2021,Yes
CUST-12949,Female,0,Y,Yes,11,Two year,Bank transfer,Fiber optic,N,Yes,Y,No,90.19,978.17,62,East,8/16/2018,No
CUST-12996,Male,0,N,yes,50,Month-to-month,Bank transfer,Fiber optic,N,No,YES,NO,77.19,3872.08,62,North,9/25/2017,No
CUST-14840,Male,0,Y,no,52,One year,Mailed check,Fiber optic,Yes,yes,NO,NO,76.11,3968.72,22,North,6/1/2019,No
CUST-10600,Male,0,YES,No,50,Month-to-month,Electronic check,No,No,No,No,No,19.16,967.33,59,South,12/6/2021,No
CUST-12477,Male,0,NO,No,56,MONTH-TO-MONTH,Mailed check,Fiber optic,N,Y,no,YES,89.17,4979.46,38,North,5/15/2022,Yes
CUST-13575,Female,0,N,Yes,31,Month-to-month,Bank transfer,DSL,no,YES,Y,Yes,54.26,1687.2,69,WEST,1/24/2019,Yes
CUST-12672,Male,0,Yes,no,36,Month-to-month,Electronic check,Fiber optic,N,Yes,Y,N,79.85,2871.1,29,West,7/18/2021,Yes
CUST-14409,Male,1,No,No,2,Month-to-month,Credit card,Fiber optic,NO,No,YES,N,99.15,203.27,75,Central,1/2/2018,Yes
CUST-12435,Female,0,YES,No,58,Month-to-month,Mailed check,Fiber optic,Yes,YES,N,No,98.73,5716.11,51,South,9/24/2023,Yes
CUST-10035,Female,1,Yes,YES,29,ONE YEAR,Credit card,No,No,No,No,No,25.53,748.13,70,East,5/28/2023,Yes
CUST-11670,Male,0,Y,Y,70,month-to-month,Mailed check,No,No,No,No,yes,33.64,2353.83,41,central,4/2/2019,No
CUST-15987,Female,0,no,No,31,month-to-month,Bank transfer,Fiber optic,No,yes,N,YES,84.12,2623.72,41,South,11/12/2020,No
CUST-12818,Male,0,N,yes,26,ONE YEAR,Bank transfer,Fiber optic,Y,Y,yes,No,96.8,2501.68,65,South,12/16/2018,No
CUST-12231,Male,1,No,N,1,two year,Credit card,No,No,No,No,N,14.33,14.99,81,EAST,4/11/2019,No
CUST-10998,Male,0,No,N,29,One year,Bank transfer,Fiber optic,yes,NO,Yes,yes,102.16,2966.76,18,East,8/24/2018,No
CUST-14513,Female,0,NO,Yes,8,Month-to-month,Credit card,Fiber optic,NO,YES,no,N,76.27,600.81,65, West ,7/23/2021,No
CUST-14771,Male,0,N,Y,32,Month-to-month,Electronic check,Fiber optic,no,yes,No,Y,70.42,2250.48,42,West,9/14/2022,No
CUST-15263,Female,0,YES,YES,29,month-to-month,Credit card,Fiber optic,No,No,Yes,Yes,105.73,3055.28,36,Central,5/21/2020,Yes
CUST-13536,Male,0,Yes,N,24,Month-to-month,Electronic check,Fiber optic,Y,Y,yes,No,91.22,2172.17,36,North,2/26/2021,No
CUST-14490,Male,0,N,N,30,Two year,Mailed check,DSL,YES,yes,Yes,YES,76.31,2295.12,42,NORTH,9/25/2019,No
CUST-12306,Male,0,YES,Yes,18,One year,Credit card,DSL,YES,yes,yes,Yes,68.56,1235.98,41,south,9/22/2018,No
CUST-13625,Male,0,Y,No,67,Month-to-month,Bank transfer,DSL,Yes,YES,NO,Y,63.77,4270.31,37,West,10/31/2020,Yes
CUST-12102,Female,0,YES,NO,50,ONE YEAR,Bank transfer,DSL,YES,YES,Yes,Y,70.13,3505.69,32,South,8/23/2021,No
CUST-10145,Male,0,yes,No,67,One year,Credit card,No,No,No,No,yes,34.21,2279.02,26,East,10/4/2022,No
CUST-12165,Female,1,YES,NO,19, Month-to-month ,Mailed check,No,No,No,No,YES,26.36,495.49,83,South,8/18/2020,Yes
CUST-14713,Female,0,Y,YES,71,Two year,Bank transfer,DSL,no,No,Y,YES,74.17,5266.87,58,EAST,12/11/2021,No
CUST-12986,Female,0,YES,N,52, One year ,Electronic check,Fiber optic,YES,Yes,Yes,Y,107.61,5579.76,56,East,6/28/2020,No
CUST-12229,Female,0,no,N,12,Month-to-month,Credit card,No,No,No,No,No,29.06,351.66,26,west,7/14/2017,No
CUST-13633,Female,0,Y,No,43,MONTH-TO-MONTH,Credit card,DSL,N,no,Y,YES,69.8,2992.57,26,South,11/24/2017,No
CUST-10367,Female,0,no,NO,70,TWO YEAR,Electronic check,Fiber optic,yes,no,YES,Yes,81.27,5699.78,34,West,8/12/2018,No
CUST-12325,Male,0,Y,YES,64,Month-to-month,Bank transfer,Fiber optic,YES,No,YES,Yes,102.67,6556.68,53,South,8/1/2019,Yes
CUST-10985,Female,0,Yes,yes,34,month-to-month,Credit card,Fiber optic,Yes,no,Y,No,76.56,2618.59,53,EAST,6/9/2022,Yes
CUST-14534,Female,0,Yes,Yes,68,One year,Electronic check,Fiber optic,YES,yes,YES,yes,77.57,5284.89,43,north,2/17/2021,No
CUST-11563,Male,1,N,No,31,Month-to-month,Electronic check,Fiber optic,No,YES,No,no,65.96,2032.3,77,North,8/10/2017,No
CUST-13062,Female,1,YES,YES,16,MONTH-TO-MONTH,Credit card,DSL,No,YES,NO,no,64.91,1033.68,79,Central,5/12/2017,No
CUST-11956,Male,1,YES,yes,72,Two year,Electronic check,Fiber optic,yes,Y,No,No,69.83,5024.66,78,east,5/6/2018,No
CUST-13970,Female,0,yes,No,27,Two year,Bank transfer,No,No,No,No,N,27.42,736.45,38,Central,3/26/2018,No
CUST-15890,Male,0,NO,N,31,month-to-month,Credit card,Fiber optic,No,N,NO,Yes,82.43,2547.82,54,NORTH,3/17/2018,Yes
CUST-12521,Male,0,YES,no,53,month-to-month,Electronic check,Fiber optic,Y,N,Yes,no,91.28,4823.92,60,central,5/17/2020,Yes
CUST-14811,Female,0,NO,No,65,Two year,Mailed check,Fiber optic,N,no,N,Yes,99.14,6436.22,47,North,4/17/2018,No
CUST-15551,Female,0,No,no,34,Two year,Bank transfer,No,No,No,No,YES,15.56,533.41,21,East,5/30/2020,No
CUST-14725,Female,0,N,N,11,Two year,Credit card,DSL,No,YES,yes,yes,58.18,637.59,40,East,2/15/2021,No
CUST-14428,Male,0,Y,No,41,TWO YEAR,Bank transfer,DSL,yes,No,yes,YES,72.37,2973.57,27,North,5/1/2018,No
CUST-15902,Female,0,NO,yes,2,Two year,Credit card,Fiber optic,NO,Y,no,N,68.36,120.18,24,South,1/29/2022,Yes
CUST-14531,Female,0,yes,yes,32,month-to-month,Credit card,Fiber optic,N,No,NO,Yes,87.06,2784.79,69,south,4/1/2017,Yes
CUST-13093,Female,1,NO,yes,62,Month-to-month,Bank transfer,Fiber optic,N,yes,NO,no,74.39,4629.75,80,West,10/4/2023,No
CUST-14695,Male,0,Yes,yes,68,Month-to-month,Mailed check,Fiber optic,Yes,yes,YES,N,86.45,5880.57,55,NORTH,7/8/2017,Yes
CUST-13504,Female,0,No,Yes,11,One year,Bank transfer,DSL,yes,No,yes,Y,51.82,576.73,19,South,3/23/2023,No
CUST-12201,Male,0,NO,Y,5,month-to-month,Mailed check,Fiber optic,No,Yes,Yes,No,75.37,382.5,65,South,4/10/2017,Yes
CUST-15077,Male,0,YES,N,10,One year,Electronic check,DSL,yes,NO,N,No,51.75,536.94,32,East,11/15/2019,No
CUST-13755,Female,0,No,Y,29,Month-to-month,Bank transfer,No,No,No,No,Yes,20.95,613.81,45,east,3/16/2021,Yes
CUST-12297,Female,0,yes,no,2,Two year,Electronic check,Fiber optic,N,NO,yes,N,98.35,193.02,21,CENTRAL,1/24/2023,Yes
CUST-14381,Male,0,Y,Y,58,Two year,Credit card,No,No,No,No,yes,43.45,2530.85,31,West,11/2/2019,No
CUST-11342,Female,0,No,No,55,Month-to-month,Credit card,No,No,No,No,Y,24.73,1378.11,55,central,9/21/2021,No
CUST-14288,Male,0,no,yes,29,One year,Mailed check,Fiber optic,yes,Y,YES,NO,88.47,2548.28,19,West,11/8/2020,Yes
CUST-15892,Female,0,No,No,66,Month-to-month,Bank transfer,DSL,N,NO,No,no,54.71,3595.87,36,South,11/27/2020,Yes
CUST-12138,Male,1,yes,yes,20,Month-to-month,Bank transfer,Fiber optic,NO,NO,NO,N,98.15,1960.75,85,West,3/12/2017,Yes
CUST-13396,Female,0,no,N,48,month-to-month,Credit card,Fiber optic,No,Y,yes,yes,88.08,4225.39,45,North,7/15/2021,Yes
CUST-15945,Female,0,No,yes,38,Month-to-month,Electronic check,DSL,N,yes,no,N,56.37,2151.44,59, North ,9/26/2022,Yes
CUST-15881,Female,0,No,NO,71,month-to-month,Electronic check,DSL,NO,YES,YES,Y,78.38,5574,64,East,11/30/2022,No
CUST-12560,Male,1,Y,Y,2, Month-to-month ,Bank transfer,Fiber optic,yes,Yes,yes,Yes,91.3,191.92,76,south,2/23/2019,No
CUST-11567,Male,1,Yes,YES,9,ONE YEAR,Electronic check,Fiber optic,Yes,YES,yes,yes,89.78,805.53,73, East ,8/27/2020,No
CUST-13835,Male,1,Yes,N,39,MONTH-TO-MONTH,Bank transfer,DSL,No,N,no,no,35.49,1366.14,85,North,7/5/2022,No
CUST-15302,Female,0,no,YES,21,One year,Electronic check,DSL,Yes,yes,Yes,No,79.97,1693.02,22,WEST,9/15/2020,No
CUST-11663,Male,0,Y,no,71,MONTH-TO-MONTH,Mailed check,Fiber optic,YES,No,N,Y,94.21,6672.04,54,South,9/24/2021,Yes
CUST-11395,Male,0,N,N,31,Month-to-month,Bank transfer,DSL,N,NO,Yes,YES,62.75,1933.5,47,central,9/1/2022,No
CUST-14126,Male,0,N,Yes,32,Month-to-month,Credit card,Fiber optic,Yes,Yes,yes,N,86.64,2775.83,58,East,10/14/2021,Yes
CUST-13485,Female,1,Y,Y,58,Month-to-month,Bank transfer,Fiber optic,no,yes,Yes,Yes,80.12,4645.65,77,south,3/10/2020,No
CUST-13799,Female,1,No,YES,53,ONE YEAR,Credit card,No,No,No,No,YES,22.93,1203.02,72,South,4/5/2021,No
CUST-15877,Female,1,Y,Y,27,Two year,Mailed check,Fiber optic,yes,No,Yes,No,106.79,2892.89,72,West,3/22/2018,Yes
CUST-11578,Male,0,Y,NO,62,Month-to-month,Mailed check,Fiber optic,NO,No,No,Yes,77.09,4782.94,35,West,9/15/2020,No
CUST-13342,Male,0,N,NO,29,ONE YEAR,Bank transfer,DSL,Y,N,NO,NO,54.26,1579.53,53,SOUTH,3/30/2020,No
CUST-10647,Male,0,Y,N,15,Month-to-month,Mailed check,Fiber optic,NO,Yes,Yes,Yes,89.43,1326.65,36, East ,12/18/2017,No
CUST-10274,Female,0,N,YES,50,Two year,Electronic check,DSL,Yes,no,no,yes,57.74,2884.43,58,WEST,11/17/2017,No
CUST-12971,Female,0,YES,N,25,ONE YEAR,Mailed check,DSL,Yes,No,Yes,No,55.63,1403.89,34,East,4/15/2022,No
CUST-10903,Female,0,no,YES,8,MONTH-TO-MONTH,Credit card,No,No,No,No,YES,14.9,131.56,21,South,9/8/2022,Yes
CUST-15330,Male,0,Y,YES,24,Month-to-month,Bank transfer,Fiber optic,Y,no,NO,No,97.67,2324.39,30,SOUTH,4/21/2017,Yes
CUST-12823,Female,0,yes,YES,12,TWO YEAR,Electronic check,No,No,No,No,yes,18.78,228.71,42,Central,10/29/2021,No
CUST-15687,Male,1,no,YES,7,Month-to-month,Electronic check,Fiber optic,yes,Y,No,NO,83.02,585.68,84,SOUTH,6/27/2023,Yes
CUST-13090,Male,0,NO,yes,36,Month-to-month,Bank transfer,Fiber optic,yes,yes,N,YES,75.99,2715.86,39,Central,5/3/2017,Yes
CUST-15087,Male,1,Y,No,19,MONTH-TO-MONTH,Mailed check,DSL,NO,Yes,Y,NO,48.6,941.68,84,West,3/14/2021,Yes
CUST-15883,Female,0,N,No,2,One year,Credit card,No,No,No,No,Yes,28.32,61.91,30,east,3/4/2018,No
CUST-14552,Male,0,yes,Yes,67,Month-to-month,Bank transfer,Fiber optic,NO,NO,Y,YES,89.73,6023.25,62,SOUTH,8/23/2020,Yes
CUST-14093,Male,1,Yes,no,20,ONE YEAR,Credit card,DSL,YES,yes,yes,yes,60.67,1196.05,82,SOUTH,7/10/2023,No
CUST-14699,Male,1,Y,no,42,Two year,Credit card,Fiber optic,Yes,yes,NO,yes,82.59,3459.95,85,CENTRAL,7/28/2021,No
CUST-15628,Female,0,No,NO,40,Month-to-month,Bank transfer,No,No,No,No,N,35.27,1411.4,40, West ,7/5/2017,Yes
CUST-12858,Male,1,yes,Y,55,Two year,Credit card,No,No,No,No,no,43.96,2432.6,78,South,5/31/2018,No
CUST-15806,Female,0,NO,no,35,ONE YEAR,Credit card,No,No,No,No,N,29.53,1052.78,22,South,5/9/2021,No
CUST-13645,Female,0,Y,no,24,Month-to-month,Mailed check,DSL,no,N,YES,N,56.43,1352.74,59,North,1/9/2021,Yes
CUST-12837,Male,0,No,No,15,One year,Bank transfer,DSL,YES,No,YES,No,67.71,1016.76,20,EAST,6/21/2019,No
CUST-15801,Female,0,N,N,6,one year,Mailed check,DSL,no,Y,no,No,65.55,389.58,58,north,8/9/2022,Yes
CUST-13203,Female,1,no,no,11,Month-to-month,Bank transfer,Fiber optic,Y,yes,No,Y,67.35,739.5,999,South,4/2/2023,Yes
CUST-10209,Male,0,Yes,YES,70,MONTH-TO-MONTH,Mailed check,No,No,No,No,no,15.99,1111.76,39,West,11/9/2017,Yes
CUST-11543,Male,0,No,No,71,Two year,Mailed check,Fiber optic,yes,NO,yes,N,100.77,7143.44,22,East,10/4/2019,No
CUST-15537,Female,1,N,yes,29,MONTH-TO-MONTH,Electronic check,DSL,Y,no,No,yes,46.82,1372.48,77,South,10/24/2019,No
CUST-14314,Male,1,NO,No,62,Month-to-month,Credit card,Fiber optic,NO,NO,yes,no,106.28,6592.17,78,CENTRAL,2/5/2023,Yes
CUST-14040,Male,0,yes,yes,23,Month-to-month,Electronic check,Fiber optic,Yes,yes,Y,N,105.04,2418.96,55,West,7/27/2020,No
CUST-15894,Male,0,Yes,NO,36,One year,Bank transfer,No,No,No,No,NO,19.66,718.89,39,South,9/28/2020,No
CUST-12068,Male,0,N,yes,68,Month-to-month,Mailed check,No,No,No,No,no,19.39,1303.16,49,North,7/10/2017,Yes
CUST-10816,Female,0,YES,yes,14,Two year,Credit card,DSL,Y,yes,No,No,60.95,863.55,38,Central,1/1/2021,No
CUST-12650,Male,1,YES,YES,49,MONTH-TO-MONTH,Bank transfer,No,No,No,No,NO,16.51,799.16,79,South,5/9/2017,No
CUST-14588,Female,0,N,YES,4,one year,Mailed check,DSL,yes,no,yes,NO,79.19,335.77,53,South,1/8/2020,No
CUST-13854,Female,0,no,yes,52,One year,Electronic check,Fiber optic,no,YES,Yes,N,93.51,4857.84,58,North,1/11/2018,No
CUST-14431,Female,0,NO,Yes,10,Month-to-month,Electronic check,No,No,No,No,Y,15.41,146.5,35,North,4/7/2021,Yes
CUST-10300,Male,1,no,no,65,MONTH-TO-MONTH,Credit card,Fiber optic,no,Yes,YES,NO,85.89,5598.26,74,East,4/8/2022,No
CUST-11547,Male,0,YES,Yes,72,One year,Credit card,Fiber optic,NO,Y,Y,No,103.85,7475.09,36,North,11/3/2021,No
CUST-15895,Male,1,Yes,Yes,16,Two year,Mailed check,Fiber optic,Yes,N,Y,Yes,99.19,1597.88,85,South,5/6/2017,No
CUST-13760,Female,0,YES,Y,12,One year,Electronic check,DSL,No,yes,No,no,45.14,559.24,20,West,11/15/2023,No
CUST-13268,Female,0,N,Y,33,Month-to-month,Credit card,Fiber optic,N,Yes,yes,Y,87.85,2906.59,50,West,5/21/2023,Yes
CUST-12963,Male,1,NO,Yes,62,One year,Bank transfer,No,No,No,No,No,25.82,1616.1,84,North,6/18/2018,No
CUST-10713,Female,0,Y,Y,6,MONTH-TO-MONTH,Mailed check,Fiber optic,Yes,N,no,Y,81.2,472.48,45,South,6/7/2019,Yes
CUST-15533,Female,0,NO,No,23,Two year,Mailed check,Fiber optic,N,yes,Y,NO,95.73,2212.16,21,East,9/24/2020,No
CUST-12248,Female,1,No,Yes,39,Month-to-month,Credit card,Fiber optic,NO,NO,No,yes,92.59,3614.2,71, North ,7/7/2017,Yes
CUST-10948,Male,0,no,yes,54,Two year,Credit card,DSL,no,N,Yes,N,45.31,2440.16,61,West,1/29/2021,No
CUST-12290,Female,0,No,no,13,Month-to-month,Electronic check,No,No,No,No,NO,28.74,363.36,39,Central,3/3/2017,No
CUST-12722,Female,0,NO,No,56,Month-to-month,Electronic check,DSL,no,NO,yes,YES,70.77,3951.82,23,North,3/13/2021,Yes
CUST-14235,Female,0,no,Y,53,One year,Mailed check,Fiber optic,Y,N,No,yes,97.35,5172.16,31,North,5/20/2023,No
CUST-15079,Female,0,yes,YES,21,MONTH-TO-MONTH,Electronic check,Fiber optic,no,Y,YES,Y,104.42,2208.7,48,West,10/2/2017,Yes
CUST-12096,Male,0,Yes,Yes,38,MONTH-TO-MONTH,Bank transfer,Fiber optic,N,N,yes,Yes,78.58,2970.95,26,West,6/9/2023,No
CUST-13720,Female,0,N,NO,23,MONTH-TO-MONTH,Bank transfer,Fiber optic,YES,N,no,Y,99.85,2288.01,50,Central,1/24/2022,No
CUST-12658,Female,0,N,N,37,Month-to-month,Mailed check,Fiber optic,yes,Y,NO,Yes,99.49,3664.58,48,south,12/12/2018,No
CUST-13170,Female,1,No,Yes,64,two year,Electronic check,Fiber optic,No,NO,N,YES,98.68,6325.18,79,West,4/15/2021,Yes
CUST-13237,Female,0,Y,Yes,43,Month-to-month,Mailed check,DSL,yes,yes,NO,N,46.6,1996.18,34,west,5/12/2019,Yes
CUST-14077,Female,1,N,Yes,54,MONTH-TO-MONTH,Electronic check,Fiber optic,Yes,yes,yes,no,99.99,5415.2,76,EAST,2/23/2018,Yes
CUST-14972,Female,0,Y,no,65,month-to-month,Bank transfer,Fiber optic,N,YES,no,Y,84.97,5521.01,45,West,7/26/2018,Yes
CUST-10384,Male,0,N,YES,53,MONTH-TO-MONTH,Credit card,DSL,Y,Yes,Yes,NO,49.59,2646.94,20,NORTH,12/8/2017,Yes
CUST-11823,Female,1,Yes,Yes,21,Month-to-month,Credit card,Fiber optic,YES,yes,Y,Yes,106.08,2219.59,82, North ,1/19/2023,No
CUST-13991,Female,0,Y,YES,56,month-to-month,Credit card,Fiber optic,No,Yes,No,NO,72.02,4033.06,42,West,2/8/2023,No
CUST-13128,Male,1,Yes,NO,58,One year,Bank transfer,Fiber optic,NO,YES,no,No,96.1,5584.5,71,Central,10/29/2021,Yes
CUST-12980,Male,0,No,YES,2,Month-to-month,Credit card,Fiber optic,NO,N,no,YES,83.6,159.57,33,west,7/31/2019,Yes
CUST-14153,Female,0,no,Y,44,One year,Credit card,Fiber optic,N,YES,N,yes,73.89,3235.19,22,South,4/25/2018,No
CUST-12462,Female,0,Yes,Yes,71,Month-to-month,Credit card,Fiber optic,N,No,N,No,77.58,5511.76,25,South,12/29/2017,Yes
CUST-12463,Female,0,N,YES,61,Month-to-month,Credit card,No,No,No,No,No,10.33,612.08,19,North,1/8/2021,No
CUST-12017,Female,0,N,Yes,68,Two year,Credit card,DSL,YES,YES,Yes,N,60.47,4130.4,63,CENTRAL,10/17/2019,No
CUST-10345,Female,1,No,Y,42,month-to-month,Electronic check,DSL,no,Yes,Y,yes,59.38,2510.48,70,West,3/5/2022,Yes
CUST-10319,Male,1,No,Yes,39,Month-to-month,Credit card,Fiber optic,No,Y,yes,Yes,83.33,3258.88,84,North,3/26/2020,Yes
CUST-11064,Female,1,Y,Yes,7,two year,Mailed check,No,No,No,No,Y,16.03,118.64,71,south,5/11/2019,No
CUST-13872,Female,0,N,yes,15,One year,Mailed check,Fiber optic,N,Y,YES,NO,86.7,1312.79,52,South,11/29/2020,No
CUST-12133,Male,0,No,No,32,Month-to-month,Credit card,DSL,N,NO,YES,No,64.1,2034.47,24, South ,1/27/2020,Yes
CUST-11635,Female,0,YES,no,21,MONTH-TO-MONTH,Mailed check,No,No,No,No,NO,33.68,719.28,26,north,4/29/2017,No
CUST-13603,Male,0,N,yes,65,month-to-month,Electronic check,Fiber optic,no,Y,No,No,92.94,6047.69,54,south,11/13/2019,Yes
CUST-13948,Male,1,N,Yes,4,month-to-month,Electronic check,Fiber optic,yes,YES,No,yes,84.92,341.06,84,Central,6/5/2022,Yes
CUST-13141,Female,0,Yes,Y,17,TWO YEAR,Electronic check,Fiber optic,N,no,yes,no,104.49,1756.6,30,North,8/7/2020,No
CUST-12319,Female,0,YES,N,69,Month-to-month,Bank transfer,DSL,YES,no,yes,N,53.87,3733.04,58,EAST,4/3/2022,No
CUST-10759,Male,1,Yes,Yes,17,month-to-month,Bank transfer,DSL,Yes,yes,yes,No,77.53,1329.18,77,South,4/25/2022,No
CUST-10121,Female,0,Yes,YES,21,One year,Electronic check,No,No,No,No,NO,25.63,528.84,33,NORTH,2/28/2023,No
CUST-14560,Female,0,NO,Y,34,ONE YEAR,Credit card,DSL,No,yes,N,Yes,69.82,2380.84,58,EAST,10/3/2019,No
CUST-13692,Female,0,No,YES,47,Month-to-month,Mailed check,Fiber optic,NO,N,NO,Yes,94.94,4460.77,35,South,10/28/2022,No
CUST-15417,Female,0,N,NO,52,MONTH-TO-MONTH,Bank transfer,DSL,Yes,No,no,Y,64.47,3349.49,29,South,5/31/2023,Yes
CUST-14412,Female,1,yes,NO,61,ONE YEAR,Mailed check,No,No,No,No,NO,22.29,1359.69,85,Central,12/2/2020,No
CUST-11838,Female,0,Y,No,48,Month-to-month,Mailed check,Fiber optic,Yes,NO,no,yes,76.33,3648.15,69,SOUTH,4/27/2019,No
CUST-13393,Female,0,no,NO,17,One year,Electronic check,DSL,NO,NO,Yes,Y,75.25,1260.75,49,East,5/30/2022,No
CUST-13068,Female,0,no,yes,55,Month-to-month,Bank transfer,DSL,yes,N,no,Yes,65.27,3575.04,62,North,6/7/2017,No
CUST-10392,Female,0,Yes,NO,29,Month-to-month,Mailed check,Fiber optic,No,YES,YES,NO,98.22,2838.52,47,East,10/8/2023,Yes
CUST-15950,Male,0,NO,YES,41,Month-to-month,Electronic check,Fiber optic,no,no,NO,NO,79.64,3274.06,37,West,12/1/2020,No
CUST-15202,Male,1,No,NO,15,Month-to-month,Electronic check,Fiber optic,N,No,Yes,Y,98.02,1469.89,74,North,1/19/2019,No
CUST-14892,Male,1,No,no,11, One year ,Credit card,DSL,No,YES,NO,Y,69.57,745.88,77,EAST,5/14/2021,No
CUST-15169,Female,1,no,no,18,Month-to-month,Mailed check,Fiber optic,yes,no,N,N,94.97,1710.68,73,North,11/9/2019,No
CUST-14472,Female,0,NO,No,20,month-to-month,Credit card,DSL,No,YES,Yes,YES,58.13,1166.08,55,Central,3/11/2023,No
CUST-14004,Male,0,NO,Yes,3,Month-to-month,Bank transfer,Fiber optic,yes,No,N,no,98.22,311.37,60, South ,10/21/2023,Yes
CUST-14089,Male,1,N,N,29,month-to-month,Electronic check,DSL,no,yes,yes,yes,47.41,1375.21,75,SOUTH,5/17/2017,No
CUST-10072,Female,1,yes,YES,28,Two year,Bank transfer,Fiber optic,N,YES,NO,Y,96.35,2693.58,81, North ,4/12/2022,Yes
CUST-10068,Female,0,Y,no,27,one year,Electronic check,DSL,Y,Yes,N,YES,60.46,1642.97,41,South,5/31/2023,No
CUST-15588,Female,0,no,Yes,30,Month-to-month,Bank transfer,No,No,No,No,Yes,20.19,608.47,33,North,9/15/2018,No
CUST-10048,Male,0,yes,NO,9,MONTH-TO-MONTH,Electronic check,Fiber optic,Yes,N,N,Y,65.73,584.56,69,North,10/5/2018,No
CUST-10906,Female,1,Y,NO,27,month-to-month,Electronic check,DSL,NO,Y,N,yes,36.81,995,81,Central,4/16/2018,Yes
CUST-13509,Female,0,yes,no,36,ONE YEAR,Bank transfer,DSL,no,No,no,Y,42.35,1510.17,46,Central,1/17/2019,No
CUST-13040,Male,0,Yes,NO,19,Month-to-month,Mailed check,No,No,No,No,Yes,43.36,823.58,49,West,12/25/2021,No
CUST-13144,Female,0,N,No,17,One year,Bank transfer,No,No,No,No,no,28.86,478.07,67,Central,10/1/2022,Yes
CUST-13343,Female,0,N,No,42,Month-to-month,Credit card,No,No,No,No,N,19.94,825.08,33,Central,6/11/2017,No
CUST-14967,Female,1,no,Yes,60,One year,Credit card,Fiber optic,yes,YES,Y,NO,100.98,6069.65,83,North,5/15/2020,Yes
CUST-12651,Male,0,YES,yes,0,Month-to-month,Electronic check,No,No,No,No,NO,32.95,,51,West,7/20/2019,Yes
CUST-11491,Male,1,Y,Y,68,Two year,Mailed check,DSL,Yes,No,NO,NO,45.03,3071.62,84,EAST,5/4/2021,No
CUST-13665,Male,0,Y,Y,35,One year,Bank transfer,Fiber optic,YES,Y,yes,No,99.81,3489.7,34,South,11/5/2018,No
CUST-12950,Female,0,No,YES,41,one year,Electronic check,DSL,NO,YES,No,Yes,46.78,1933.62,61,North,7/14/2019,No
CUST-12981,Female,1,NO,yes,18,Month-to-month,Electronic check,No,No,No,No,N,23.32,437.23,76,West,8/9/2019,No
CUST-14143,Male,1,Yes,YES,49,Month-to-month,Electronic check,Fiber optic,Y,NO,yes,N,94.76,4654.89,72,East,11/16/2018,No
CUST-14920,Male,0,YES,no,20,Month-to-month,Electronic check,DSL,N,NO,Yes,NO,60.37,1204.85,24,West,1/25/2022,Yes
CUST-10424,Female,0,N,Yes,15,MONTH-TO-MONTH,Credit card,Fiber optic,yes,No,No,no,90.46,1349.98,50,Central,2/28/2020,No
CUST-11573,Male,1,Y,Yes,38,One year,Electronic check,Fiber optic,Yes,N,NO,Y,66.47,2512.68,85,north,10/8/2017,No
CUST-11131,Female,1,yes,YES,36,Month-to-month,Mailed check,Fiber optic,NO,YES,No,no,68.04,2469.43,74, South ,7/8/2019,Yes
CUST-14154,Female,0,no,YES,40,Two year,Mailed check,DSL,Y,Yes,N,Yes,56.46,2272.98,39,Central,5/16/2023,No
CUST-10422,Male,0,NO,N,48,month-to-month,Mailed check,Fiber optic,No,Y,Y,Y,86.15,4122.34,27,South,6/14/2023,No
CUST-15545,Female,0,YES,yes,34,Two year,Credit card,DSL,N,Y,Yes,YES,64.51,2188.58,52,West,12/4/2018,No
CUST-13620,Male,1,NO,YES,55,One year,Bank transfer,No,No,No,No,NO,27.13,1507.77,77,South,6/10/2023,No
CUST-11493,Female,0,No,No,67,Month-to-month,Credit card,Fiber optic,Y,no,N,N,94.82,6349.94,21,Central,4/29/2017,Yes
CUST-15993,Female,0,NO,N,17,Month-to-month,Bank transfer,Fiber optic,Y,No,No,no,77.35,1315.44,22,South,8/25/2022,Yes
CUST-12349,Male,0,No,Yes,31,MONTH-TO-MONTH,Bank transfer,DSL,Yes,NO,No,yes,63.81,1984.28,39,CENTRAL,2/5/2023,No
CUST-12028,Female,0,YES,yes,23,Month-to-month,Electronic check,Fiber optic,Y,NO,YES,N,108.81,2521.35,30,SOUTH,5/12/2020,Yes
CUST-13814,Female,0,YES,Yes,11,Month-to-month,Credit card,DSL,Y,N,no,no,41.48,452.31,36,east,10/24/2019,No
CUST-14582,Female,0,YES,N,6,Two year,Mailed check,Fiber optic,yes,no,Yes,Y,95.65,582.07,30,West,10/11/2017,No
CUST-13067,Male,0,No,N,46,One year,Credit card,Fiber optic,no,NO,Yes,NO,98.45,4524.28,56, West ,2/12/2019,No
CUST-11880,Female,0,No,NO,64,One year,Electronic check,Fiber optic,NO,Yes,yes,Yes,89.41,5709.83,60, East ,4/28/2017,No
CUST-12077,Female,0,No,NO,18,MONTH-TO-MONTH,Electronic check,Fiber optic,NO,no,No,No,98.11,1749.35,29,West,5/7/2022,Yes
CUST-14666,Male,0,NO,Y,66,Month-to-month,Bank transfer,Fiber optic,Y,Y,YES,no,75.32,4977.21,37,Central,11/9/2020,Yes
CUST-14403,Female,0,yes,No,17,Month-to-month,Credit card,No,No,No,No,YES,16.98,273.28,66,North,6/29/2020,Yes
CUST-10160,Female,0,No,no,56,MONTH-TO-MONTH,Electronic check,Fiber optic,yes,YES,No,N,93.39,5238.65,48,WEST,7/20/2018,No
CUST-11551,Male,0,No,N,45,Month-to-month,Bank transfer,DSL,NO,No,Yes,Yes,60.37,2730.18,22,East,5/6/2018,No
CUST-14665,Male,0,yes,N,34,two year,Mailed check,Fiber optic,Yes,YES,no,Yes,77.74,2644.86,63,North,4/21/2019,No
CUST-14614,Male,1,YES,N,5,Two year,Bank transfer,DSL,Yes,N,yes,No,75.26,367.64,79,Central,7/24/2018,Yes
CUST-15508,Female,0,No,Y,22,Month-to-month,Bank transfer,Fiber optic,N,NO,Y,NO,106.97,2338.22,22,North,9/26/2017,No
CUST-14894,Male,0,YES,yes,53,month-to-month,Mailed check,Fiber optic,No,yes,Yes,Y,75.05,3992.51,30,West,2/4/2020,No
CUST-10852,Female,0,Yes,NO,29,Two year,Bank transfer,Fiber optic,no,Yes,Y,Y,79.63,2312.93,52,west,1/17/2019,No
CUST-10659,Male,0,no,YES,70,One year,Bank transfer,Fiber optic,Y,N,Yes,N,99.57,6961.22,57,East,9/13/2019,Yes
CUST-11376,Female,0,yes,N,58,MONTH-TO-MONTH,Mailed check,Fiber optic,yes,NO,N,No,94.82,5496,30,East,3/1/2021,Yes
CUST-11699,Male,0,yes,N,23,One year,Electronic check,Fiber optic,NO,N,Y,Y,84.61,1928.68,19,South,6/10/2018,Yes
CUST-10500,Male,0,No,Y,39,Month-to-month,Bank transfer,No,No,No,No,no,32.28,1258.85,52,South,6/21/2021,Yes
CUST-10487,Female,0,YES,Y,15,One year,Mailed check,DSL,YES,No,NO,N,43.13,644.48,25,North,11/7/2017,No
CUST-13724,Female,1,no,no,8, Month-to-month ,Bank transfer,Fiber optic,Y,NO,YES,yes,83.55,666.15,77,North,9/25/2021,Yes
CUST-13985,Male,0,No,Yes,14,Month-to-month,Credit card,No,No,No,No,Yes,43.85,596.79,30,West,1/6/2020,No
CUST-12528,Female,0,Y,NO,60,MONTH-TO-MONTH,Credit card,Fiber optic,No,No,Yes,YES,81.68,4882.75,68,North,6/22/2018,No
CUST-15185,Male,0,N,no,9,MONTH-TO-MONTH,Electronic check,Fiber optic,Yes,YES,N,NO,89.28,814.69,37,Central,6/9/2017,Yes
CUST-13980,Female,0,no,Y,13,two year,Mailed check,Fiber optic,no,No,YES,no,84.67,1084.77,43,West,11/14/2023,Yes
CUST-12382,Female,0,Y,N,66,One year,Mailed check,Fiber optic,Yes,NO,YES,NO,85.17,5634.18,58,East,5/26/2019,No
CUST-13986,Male,0,yes,NO,19,one year,Electronic check,DSL,Y,no,Y,YES,50.06,946.33,26, North ,6/10/2017,No
CUST-12253,Female,0,no,NO,25,Month-to-month,Bank transfer,DSL,No,Yes,Yes,N,63.77,1591.24,47,Central,1/1/2019,Yes
CUST-14500,Female,0,yes,NO,8,ONE YEAR,Credit card,DSL,NO,Y,yes,NO,68.28,563.97,39,north,3/30/2020,Yes
CUST-15233,Male,0,yes,N,49,TWO YEAR,Bank transfer,No,No,No,No,yes,12.43,600.68,18,West,5/29/2018,No
CUST-12761,Male,0,No,N,1,Month-to-month,Mailed check,Fiber optic,NO,Y,N,Y,65.51,55.97,52,SOUTH,10/5/2020,Yes
CUST-10411,Male,0,Y,N,35,Month-to-month,Mailed check,No,No,No,No,NO,35.97,1247.38,41,West,4/30/2022,Yes
CUST-14970,Female,0,No,No,51,One year,Mailed check,DSL,N,Yes,NO,Y,35.39,1823.79,56,West,12/10/2022,No
CUST-14324,Male,0,Y,Y,66,One year,Electronic check,No,No,No,No,Y,43.81,2896.76,64,Central,12/21/2021,No
CUST-11430,Male,0,yes,N,22,month-to-month,Bank transfer,Fiber optic,no,Yes,yes,YES,88.56,1932.45,28,north,7/2/2019,Yes
CUST-12104,Male,0,Y,Y,43,Two year,Mailed check,Fiber optic,No,no,no,No,82.85,3571.4,64, Central ,4/29/2020,Yes
CUST-15274,Male,0,No,N,35,month-to-month,Mailed check,Fiber optic,Yes,No,N,N,79.64,2777.66,49,South,8/3/2019,Yes
CUST-12601,Male,0,YES,yes,22,Month-to-month,Bank transfer,No,No,No,No,N,42.73,957.05,32,South,6/27/2020,Yes
CUST-15536,Female,1,No,YES,6, One year ,Credit card,Fiber optic,yes,Y,Yes,yes,98.61,602.57,82,north,5/17/2021,No
CUST-11652,Female,0,No,Yes,57,MONTH-TO-MONTH,Mailed check,Fiber optic,NO,Yes,YES,No,88.59,5068.73,46,central,7/7/2023,No
CUST-12284,Male,0,No,No,25,Month-to-month,Bank transfer,Fiber optic,YES,Yes,NO,yes,80.08,2004.75,41,West,5/30/2017,No
CUST-10478,Female,0,Yes,No,0,Month-to-month,Credit card,Fiber optic,NO,YES,N,NO,73.03,,62,WEST,12/22/2022,No
CUST-15974,Male,0,Yes,NO,44,MONTH-TO-MONTH,Credit card,No,No,No,No,Yes,40.13,1778.86,50,North,10/15/2019,Yes
CUST-14723,Female,0,Y,Yes,66,One year,Credit card,DSL,Y,Yes,No,N,41.6,2737.91,49,Central,7/30/2019,No
CUST-15207,Female,0,YES,Y,41,Month-to-month,Mailed check,Fiber optic,Yes,no,Y,Yes,97.54,3987.16,27, West ,4/10/2018,No
CUST-12870,Male,0,No,NO,6,MONTH-TO-MONTH,Bank transfer,Fiber optic,no,Yes,No,Yes,75.55,447.31,59,central,9/26/2017,Yes
CUST-15656,Male,0,Y,yes,2,month-to-month,Bank transfer,DSL,No,YES,Y,YES,63.56,133.21,29,West,11/30/2022,No
CUST-14339,Male,0,Yes,yes,24,One year,Electronic check,No,No,No,No,No,24.49,591.39,31,east,3/6/2018,No
CUST-15059,Female,0,YES,no,39,ONE YEAR,Mailed check,DSL,NO,no,Yes,no,67.5,2636.17,44,WEST,5/12/2022,No
CUST-12609,Female,0,N,no,35,One year,Credit card,DSL,NO,N,No,no,41.61,1467.62,25,North,3/11/2019,No
CUST-10227,Female,1,no,yes,54,MONTH-TO-MONTH,Credit card,DSL,no,yes,no,Yes,44.59,2418.16,75,CENTRAL,10/9/2019,Yes
CUST-13346,Male,1,N,N,27,Month-to-month,Bank transfer,Fiber optic,yes,N,YES,no,86.22,2321.74,71,East,2/18/2020,Yes
CUST-13251,Male,1,No,no,40,Month-to-month,Bank transfer,DSL,yes,yes,N,yes,64.18,2574,74,Central,11/1/2018,Yes
CUST-10525,Female,0,Yes,no,43,One year,Credit card,Fiber optic,NO,YES,no,Y,67.21,2887.91,44,South,2/27/2021,No
CUST-12682,Male,0,Yes,N,5,Month-to-month,Electronic check,No,No,No,No,Yes,10.39,34.28,49,West,6/27/2022,Yes
CUST-15547,Male,0,No,YES,63,One year,Bank transfer,Fiber optic,yes,YES,yes,No,102.3,6454.84,55,West,10/28/2019,Yes
CUST-14836,Male,0,NO,yes,64,one year,Bank transfer,Fiber optic,N,no,no,Y,99.02,6319.15,54,Central,12/22/2019,Yes
CUST-11730,Male,0,N,yes,61,month-to-month,Bank transfer,Fiber optic,No,No,Y,NO,97.92,5967.05,54,North,10/14/2020,Yes
CUST-13966,Female,0,no,no,30,One year,Electronic check,Fiber optic,Yes,YES,NO,No,83.23,2496.29,26,North,5/24/2023,No
CUST-15893,Female,0,no,No,37,month-to-month,Credit card,No,No,No,No,Yes,40,1483.57,58,South,5/26/2021,No
CUST-14862,Female,0,Y,N,44, Month-to-month ,Mailed check,Fiber optic,NO,no,N,no,83.07,3653.04,23,South,3/19/2021,Yes
CUST-10110,Male,0,YES,yes,47,month-to-month,Electronic check,No,No,No,No,No,17.99,845.88,20,West,10/13/2023,No
CUST-10735,Female,0,No,YES,26,Month-to-month,Mailed check,No,No,No,No,NO,38.56,989.39,19,SOUTH,6/28/2021,No
CUST-10702,Male,1,yes,no,17,One year,Mailed check,DSL,YES,YES,no,No,37.31,653.23,81,North,6/12/2017,No
CUST-11388,Female,0,yes,YES,70,two year,Credit card,Fiber optic,No,Y,no,N,85.61,5998.08,29, West ,11/6/2020,No
CUST-14996,Female,1,YES,no,8,TWO YEAR,Electronic check,Fiber optic,N,yes,yes,NO,83.03,664.03,75,West,4/8/2020,No
CUST-15414,Female,0,NO,N,51,Month-to-month,Credit card,Fiber optic,Yes,No,Y,no,83.57,4263.64,53,Central,9/7/2023,Yes
CUST-11529,Female,0,N,no,37,Month-to-month,Credit card,No,No,No,No,yes,20.6,768.63,22,East,7/20/2022,No
CUST-15024,Female,0,yes,Y,56,month-to-month,Electronic check,DSL,YES,Y,Yes,N,47.43,2644.51,37,Central,11/21/2023,No
CUST-10874,Female,0,Yes,yes,15,Month-to-month,Credit card,No,No,No,No,no,33.57,490.92,66,South,1/26/2019,No
CUST-14766,Female,0,Yes,no,54,ONE YEAR,Mailed check,No,No,No,No,YES,22.06,1181.33,31,North,5/1/2022,No
CUST-12931,Male,0,Yes,yes,16,Month-to-month,Credit card,No,No,No,No,N,11.53,180.52,69,south,4/13/2017,No
CUST-15023,Female,0,no,no,42,MONTH-TO-MONTH,Mailed check,No,No,No,No,Yes,25.14,1060.71,66,CENTRAL,10/18/2017,Yes
CUST-11173,Female,0,N,yes,17,two year,Mailed check,DSL,Yes,YES,No,N,65.33,1093.24,59,south,5/18/2023,No
CUST-15726,Male,0,No,yes,32,Month-to-month,Mailed check,Fiber optic,No,Y,No,YES,69.31,2199.42,67,Central,9/1/2020,No
CUST-10752,Male,0,YES,No,56,One year,Mailed check,Fiber optic,N,Y,Y,YES,77.2,4320.71,57,Central,6/23/2019,No
CUST-12804,Female,0,Yes,YES,20,month-to-month,Bank transfer,Fiber optic,No,NO,No,yes,73.53,1459.07,45,East,9/9/2021,No
CUST-10150,Female,0,no,YES,6,one year,Bank transfer,Fiber optic,NO,YES,no,no,79.56,478.84,23, East ,1/1/2020,Yes
CUST-15986,Male,0,yes,Yes,44,Two year,Mailed check,Fiber optic,NO,YES,YES,NO,84.53,3736.47,30,East,3/12/2020,No
CUST-14628,Female,0,Y,YES,44,Month-to-month,Credit card,Fiber optic,No,No,Yes,no,83.91,3700.73,22,NORTH,4/12/2021,No
CUST-13699,Female,0,Yes,No,52,Month-to-month,Mailed check,DSL,YES,N,no,Y,38.35,1992.85,43,East,7/12/2020,Yes
CUST-11855,Male,0,N,no,30,two year,Bank transfer,Fiber optic,no,Yes,No,NO,88.75,2654.61,37,SOUTH,9/29/2017,No
CUST-10383,Male,0,yes,NO,18, One year ,Electronic check,DSL,NO,YES,No,yes,53.45,946.22,35, West ,1/30/2023,No
CUST-11440,Female,1,Y,N,37,One year,Credit card,Fiber optic,N,Y,Yes,N,84.22,3102.06,73,central,10/29/2017,No
CUST-13421,Male,1,N,N,41,Month-to-month,Mailed check,Fiber optic,yes,no,YES,YES,103.83,4246.09,83,Central,11/23/2018,Yes
CUST-11533,Female,1,Y,N,4,Month-to-month,Credit card,Fiber optic,YES,No,N,NO,66.71,286.18,76,North,8/10/2018,No
CUST-11831,Female,0,No,No,68,One year,Electronic check,DSL,no,yes,YES,NO,74.02,5020.79,41,South,3/2/2017,No
CUST-13076,Female,0,N,N,27, Month-to-month ,Credit card,No,No,No,No,No,19.66,545.71,23,West,10/29/2022,Yes
CUST-11199,Female,0,yes,No,2,One year,Credit card,No,No,No,No,Y,17.75,45.22,28,west,12/26/2019,No
CUST-15526,Female,0,N,Y,24,Month-to-month,Credit card,DSL,YES,YES,NO,yes,69.78,1671.52,24,EAST,9/22/2023,Yes
CUST-13595,Female,0,yes,no,71,One year,Mailed check,Fiber optic,Yes,no,No,N,97.12,6908.51,31,East,3/8/2020,No
CUST-10498,Female,0,No,NO,15,One year,Electronic check,Fiber optic,no,no,no,No,87.73,1315.75,25,Central,3/13/2020,No
CUST-10425,Female,0,YES,Yes,1,Month-to-month,Credit card,No,No,No,No,yes,19.29,5.35,29,North,5/8/2018,Yes
CUST-12453,Male,0,Y,YES,61,One year,Bank transfer,No,No,No,No,No,29.07,1767.19,56,South,4/3/2017,No
CUST-10603,Male,0,yes,NO,42,One year,Mailed check,Fiber optic,No,NO,Yes,NO,83.36,3517.78,31, Central ,12/9/2019,No
CUST-11786,Female,1,N,Y,22,Two year,Electronic check,Fiber optic,Y,no,Y,Y,90.4,2008.28,84,East,10/9/2022,No
CUST-11278,Female,1,no,Yes,63,Month-to-month,Credit card,Fiber optic,Y,no,Yes,No,92.15,5805.32,84,East,10/3/2020,Yes
CUST-13907,Male,0,YES,No,57,One year,Bank transfer,DSL,Y,No,yes,YES,56.17,3195.29,40,NORTH,11/12/2019,Yes
CUST-15736,Female,1,YES,YES,5,Month-to-month,Mailed check,No,No,No,No,no,28.85,142.55,71, East ,9/17/2020,No
CUST-15559,Female,1,no,yes,36,One year,Mailed check,Fiber optic,Y,NO,N,Yes,86.92,3147.36,79,NORTH,2/24/2019,No
CUST-14519,Female,1,No,Y,7,ONE YEAR,Electronic check,DSL,no,Y,Y,Y,59.54,410.82,85,North,8/18/2020,Yes
CUST-14033,Male,0,YES,no,6,Two year,Credit card,Fiber optic,Yes,yes,NO,N,74.64,449.29,31,East,9/17/2023,No
CUST-14443,Female,0,N,NO,67,month-to-month,Credit card,DSL,no,NO,YES,N,53.63,3585.46,65,West,6/4/2018,Yes
CUST-14805,Female,0,No,Yes,6,Month-to-month,Bank transfer,No,No,No,No,No,20.78,122.69,63,East,8/24/2023,No
CUST-14922,Female,0,No,yes,16,Month-to-month,Bank transfer,DSL,yes,Yes,No,N,53.78,860.26,38,East,3/8/2018,Yes
CUST-13543,Female,0,YES,no,61,Month-to-month,Electronic check,DSL,Yes,no,Yes,Y,54.28,3307.43,48,East,6/29/2020,No
CUST-12046,Female,0,No,N,47,Month-to-month,Bank transfer,Fiber optic,yes,yes,no,N,66.9,3153.98,35,EAST,11/3/2020,No
CUST-13489,Female,1,No,NO,38,One year,Bank transfer,DSL,yes,Y,Yes,yes,71.34,2700.16,74,SOUTH,6/21/2021,No
CUST-15663,Male,0,NO,Yes,1,One year,Mailed check,Fiber optic,no,yes,N,N,72.01,66,33,West,12/14/2020,No
CUST-13806,Male,0,Y,no,30,Month-to-month,Credit card,DSL,N,Y,N,yes,58.47,1746.69,27,West,9/7/2019,No
CUST-15441,Female,0,NO,Y,66,month-to-month,Credit card,Fiber optic,no,YES,YES,N,82.01,5401.76,46,West,12/9/2018,No
CUST-13790,Female,0,N,yes,52,One year,Credit card,DSL,yes,Y,no,No,39.88,2082.35,30,SOUTH,9/24/2023,No
CUST-14202,Female,1,NO,yes,69,one year,Mailed check,DSL,Yes,no,No,YES,69.76,4804.53,83,East,10/15/2017,No
CUST-14117,Female,1,Y,NO,58,month-to-month,Credit card,Fiber optic,Y,Yes,no,Yes,83.98,4881.14,77,Central,1/31/2022,Yes
CUST-12928,Male,0,YES,N,39,One year,Credit card,No,No,No,No,No,19.23,738.83,35,WEST,12/13/2017,No
CUST-12531,Female,0,No,NO,34,Two year,Electronic check,Fiber optic,NO,N,yes,No,81.52,2787.18,37,WEST,10/1/2021,No
CUST-10197,Female,0,Y,yes,20,Month-to-month,Electronic check,Fiber optic,NO,no,no,No,71.2,1442.19,46,South,6/5/2018,No
CUST-15503,Male,0,Yes,Yes,52,two year,Mailed check,DSL,yes,no,NO,N,68.51,3572.46,36,North,5/21/2019,No
CUST-11929,Male,0,Yes,Y,36,Two year,Bank transfer,DSL,NO,Y,N,NO,47.24,1700.66,63,West,5/29/2018,No
CUST-15909,Male,0,Y,NO,13,Month-to-month,Bank transfer,Fiber optic,YES,Yes,yes,yes,81.9,1051.86,23,South,5/22/2019,Yes
CUST-15135,Male,0,N,No,51,month-to-month,Credit card,DSL,Y,Yes,No,YES,43.74,2236.75,61,west,11/2/2020,No
CUST-12709,Male,0,No,Yes,39,Two year,Credit card,DSL,Y,yes,NO,Yes,54.99,2129.82,39,Central,3/27/2018,No
CUST-12167,Female,0,N,No,22,Month-to-month,Bank transfer,Fiber optic,no,yes,N,YES,72.14,1596.33,30,west,8/1/2020,No
CUST-10091,Male,0,yes,yes,49, Month-to-month ,Electronic check,DSL,N,YES,Yes,Y,64.49,3160.51,24,Central,8/17/2023,No
CUST-13978,Female,0,YES,N,61,Two year,Bank transfer,Fiber optic,No,N,N,N,76.61,4668.14,59, South ,12/4/2019,No
CUST-10116,Female,0,YES,Y,6,MONTH-TO-MONTH,Credit card,No,No,No,No,Yes,23.4,137.47,40,West,7/6/2021,Yes
CUST-12101,Female,0,no,NO,43,One year,Bank transfer,Fiber optic,No,N,YES,N,94.04,4061.66,53,East,2/23/2022,Yes
CUST-12161,Male,1,Y,No,59,two year,Credit card,DSL,N,yes,yes,NO,47.89,2840.57,74, North ,4/24/2023,No
CUST-14190,Male,0,YES,YES,5,Two year,Credit card,Fiber optic,NO,NO,NO,Yes,71.02,356.28,24,South,12/29/2019,Yes
CUST-14946,Male,0,no,Y,47,Two year,Credit card,Fiber optic,NO,N,yes,No,77.06,3630.29,24,east,8/3/2021,No
CUST-12516,Female,0,Yes,NO,11,TWO YEAR,Credit card,DSL,NO,NO,no,Y,62.19,701.17,56,NORTH,8/16/2018,No
CUST-10065,Male,1,yes,yes,44,Two year,Bank transfer,No,No,No,No,YES,14.38,624.83,72,central,4/14/2018,No
CUST-11531,Female,0,YES,yes,12,Two year,Bank transfer,Fiber optic,Y,YES,NO,yes,81.65,999.78,59,East,10/2/2022,No
CUST-11317,Female,0,Yes,Yes,32,Month-to-month,Mailed check,No,No,No,No,YES,35.59,1143,20,Central,11/18/2022,Yes
CUST-15768,Male,1,NO,no,36,Two year,Credit card,Fiber optic,Yes,N,Y,No,108.26,3892.44,70,South,11/29/2022,No
CUST-11267,Male,0,no,Yes,61,month-to-month,Bank transfer,DSL,Yes,yes,no,Y,45.06,2760.8,30,South,10/6/2018,No
CUST-10282,Female,0,YES,no,51, Month-to-month ,Mailed check,No,No,No,No,N,34.41,1770.42,68,NORTH,5/21/2019,No
CUST-13500,Female,0,YES,No,41,Two year,Electronic check,DSL,Yes,YES,N,no,56.26,2298.6,39,North,10/29/2019,No
CUST-11073,Male,0,yes,N,0,Two year,Mailed check,Fiber optic,no,No,YES,No,77.71,,31,North,12/11/2018,No
CUST-13361,Male,1,no,N,48,MONTH-TO-MONTH,Electronic check,DSL,NO,Y,NO,yes,57.04,2736.07,81,NORTH,10/22/2017,No
CUST-11522,Male,0,YES,N,33,Month-to-month,Electronic check,DSL,Yes,no,no,Yes,64.72,2133.15,29,North,8/16/2019,No
CUST-15061,Female,0,Y,No,30,Two year,Credit card,Fiber optic,NO,NO,yes,no,109.71,3310,45,SOUTH,7/13/2018,No
CUST-10452,Female,0,YES,No,69, Month-to-month ,Bank transfer,Fiber optic,YES,Yes,NO,N,73.7,5068.66,24,West,7/4/2022,No
CUST-12678,Female,0,N,yes,45,Month-to-month,Mailed check,No,No,No,No,no,40.11,1788.85,30,SOUTH,6/29/2023,Yes
CUST-12402,Male,0,N,no,6,Month-to-month,Bank transfer,No,No,No,No,No,26.28,148.68,46,North,2/8/2021,Yes
CUST-13299,Male,0,Yes,Yes,37,One year,Bank transfer,Fiber optic,Y,YES,yes,No,77.51,2883.86,60,Central,12/26/2018,No
CUST-10231,Male,0,Y,YES,17,Month-to-month,Mailed check,Fiber optic,no,Yes,No,Yes,94.81,1610.11,28,South,1/25/2020,Yes
CUST-15705,Female,0,yes,YES,28,Month-to-month,Electronic check,Fiber optic,YES,No,no,Yes,92.81,2596.35,59,South,8/20/2022,Yes
CUST-13922,Male,0,yes,Y,27,Month-to-month,Electronic check,DSL,yes,N,no,no,58.36,1593.35,33,South,11/7/2022,Yes
CUST-11093,Female,0,No,Yes,37,Month-to-month,Mailed check,Fiber optic,no,N,NO,Y,75.99,2802.49,66,South,7/29/2019,No
CUST-10755,Male,1,N,Yes,70,month-to-month,Mailed check,DSL,N,No,yes,YES,70.21,4925.09,82,Central,10/11/2022,No
CUST-10317,Male,0,No,Yes,41,Month-to-month,Mailed check,Fiber optic,N,No,Yes,yes,75.52,3102.48,18,East,7/22/2019,Yes
CUST-12030,Male,0,Yes,no,53,Month-to-month,Bank transfer,Fiber optic,Yes,N,N,Y,96.24,5101.14,66,South,3/1/2020,Yes
CUST-11311,Female,0,Yes,NO,48,Two year,Electronic check,Fiber optic,Y,Yes,N,yes,74.49,3591.66,47,East,11/18/2020,No
CUST-12095,Male,0,yes,No,42,Month-to-month,Bank transfer,No,No,No,No,No,41.42,1757.56,66,central,10/18/2019,Yes
CUST-15359,Female,0,N,yes,39,Month-to-month,Mailed check,DSL,YES,no,No,N,43.54,1707.56,21,East,2/13/2018,No
CUST-12865,Male,0,YES,NO,24,MONTH-TO-MONTH,Bank transfer,DSL,yes,Y,No,NO,60.33,1429.11,53,East,5/17/2017,No
CUST-14256,Male,0,NO,YES,65,Month-to-month,Credit card,DSL,yes,N,no,no,55.11,3569.84,41,South,4/6/2023,No
CUST-12698,Female,0,NO,no,53,Two year,Bank transfer,Fiber optic,YES,No,No,yes,68.23,3621.42,59,CENTRAL,1/20/2022,No
CUST-15018,Female,0,N,yes,10,Month-to-month,Electronic check,Fiber optic,NO,Yes,Y,No,107.61,1078.48,34,East,7/14/2021,No
CUST-15531,Female,0,Yes,yes,5,Month-to-month,Electronic check,No,No,No,No,No,24.33,104.93,56,South,8/31/2023,Yes
CUST-14160,Male,0,yes,no,10,Month-to-month,Bank transfer,DSL,yes,Yes,yes,N,66.9,653.56,67,Central,6/20/2023,Yes
CUST-13714,Female,0,Yes,Y,4,Month-to-month,Credit card,Fiber optic,NO,yes,yes,N,95.3,383.63,66,Central,5/3/2020,Yes
CUST-13242,Female,0,Yes,no,32,ONE YEAR,Credit card,DSL,N,Y,N,YES,40.1,1298.67,52,East,6/11/2019,No
CUST-10706,Female,0,Y,No,65,Two year,Bank transfer,Fiber optic,YES,NO,Yes,Y,88.7,5753.35,37,EAST,10/21/2021,No
CUST-10398,Male,0,N,N,6,Month-to-month,Bank transfer,No,No,No,No,NO,30.8,197.68,54,North,7/9/2018,No
CUST-10526,Female,0,NO,no,41,One year,Mailed check,Fiber optic,no,Y,NO,No,78.45,3202.38,38,EAST,1/3/2023,No
CUST-11720,Male,0,no,no,59,Month-to-month,Credit card,DSL,Yes,Yes,No,yes,50.9,2988.46,60,East,1/19/2022,No
CUST-14007,Male,1,yes,Y,46,Month-to-month,Bank transfer,Fiber optic,Yes,N,no,No,93.79,4308.8,75,North,5/26/2023,Yes
CUST-10401,Male,0,YES,N,47,One year,Credit card,Fiber optic,N,Y,YES,Y,75.39,3535.44,59,South,12/8/2018,No
CUST-10754,Female,0,yes,Yes,20, Month-to-month ,Credit card,DSL,Yes,yes,YES,Yes,71.96,1419.22,52, North ,6/29/2017,No
CUST-12421,Female,0,yes,Y,70,MONTH-TO-MONTH,Credit card,No,No,No,No,No,34.91,2461.83,26,north,5/4/2022,Yes
CUST-13937,Female,0,YES,no,11,Month-to-month,Mailed check,Fiber optic,Y,NO,No,NO,84.31,928.07,34,Central,12/13/2019,Yes
CUST-11637,Female,0,No,no,53,One year,Electronic check,Fiber optic,N,NO,N,No,69.91,3697.99,53,North,12/28/2017,No
CUST-11121,Female,0,yes,NO,47,month-to-month,Bank transfer,DSL,Yes,YES,No,YES,45.16,2131.9,53,North,8/12/2023,No
CUST-10504,Male,0,No,YES,49,Month-to-month,Electronic check,No,No,No,No,N,35.85,1757.61,29,SOUTH,3/20/2018,No
CUST-14744,Female,0,Yes,Y,36,Month-to-month,Mailed check,DSL,No,no,NO,No,57.46,2072.94,36,South,7/11/2017,No
CUST-15901,Female,0,Yes,Yes,4,Two year,Bank transfer,Fiber optic,Y,No,No,Y,70.31,284.95,37,Central,7/1/2020,No
CUST-14609,Male,0,No,no,42,One year,Credit card,Fiber optic,YES,yes,NO,Y,93.51,3913.82,50,West,9/17/2018,Yes
CUST-13532,Female,0,yes,yes,26,MONTH-TO-MONTH,Bank transfer,Fiber optic,Y,Y,no,N,94.62,2452.53,43,West,3/30/2022,No
CUST-14663,Male,0,Yes,NO,37,Month-to-month,Bank transfer,Fiber optic,Yes,Yes,no,no,98.6,3657.48,39,East,12/3/2022,Yes
CUST-11347,Female,0,no,YES,30,Two year,Mailed check,Fiber optic,yes,YES,Y,Y,79.45,2377.78,32,north,2/19/2020,No
CUST-10832,Male,0,No,YES,12,month-to-month,Credit card,DSL,Y,no,yes,yes,55.05,649.37,37,west,12/5/2020,Yes
CUST-13741,Male,0,no,no,7,One year,Electronic check,DSL,Yes,YES,no,Yes,60.14,422.07,20,East,3/30/2021,No
CUST-14570,Female,0,No,YES,17,one year,Electronic check,DSL,yes,yes,No,no,69.54,1185.68,55,West,11/16/2019,No
CUST-10129,Male,0,Y,NO,34,one year,Electronic check,DSL,Y,NO,no,Y,39.75,1365.55,54,South,8/6/2023,No
CUST-14203,Male,1,No,no,65, One year ,Mailed check,No,No,No,No,yes,24.47,1575.36,80,West,10/28/2018,No
CUST-12417,Female,1,Yes,Yes,43,Month-to-month,Mailed check,No,No,No,No,Y,27.58,1177.83,75,South,11/11/2017,Yes
CUST-15217,Male,0,YES,NO,69,Month-to-month,Mailed check,Fiber optic,YES,NO,NO,no,66.88,4597.61,50,west,2/12/2022,No
CUST-14229,Male,0,No,NO,2,one year,Mailed check,Fiber optic,N,NO,YES,no,92.32,175.54,26,West,7/1/2017,Yes
CUST-11757,Male,0,yes,yes,69,month-to-month,Electronic check,No,No,No,No,Yes,41.75,2878.13,64,East,8/22/2018,Yes
CUST-14159,Male,0,N,YES,14,ONE YEAR,Electronic check,No,No,No,No,Yes,35.69,512.84,59,WEST,2/3/2019,No
CUST-15045,Female,0,No,No,55,two year,Credit card,No,No,No,No,yes,11.57,645.88,21,West,5/3/2019,No
CUST-12887,Male,0,no,Yes,65,One year,Mailed check,Fiber optic,Yes,N,N,Yes,87.36,5695,45,Central,3/19/2022,No
CUST-11809,Female,0,yes,Y,55,ONE YEAR,Credit card,Fiber optic,N,Y,No,Yes,86.56,4752.11,38,SOUTH,5/21/2023,No
CUST-13902,Male,0,Yes,N,11,Two year,Mailed check,No,No,No,No,N,41.47,443.88,24,South,10/25/2018,No
CUST-10635,Male,0,YES,yes,54,ONE YEAR,Mailed check,Fiber optic,YES,N,Y,yes,89.81,4865.69,68,WEST,12/22/2018,No
CUST-15932,Female,0,No,N,72,MONTH-TO-MONTH,Credit card,No,No,No,No,No,23.22,1684.38,43,North,5/6/2022,No
CUST-10265,Male,0,YES,Y,31,Month-to-month,Credit card,DSL,YES,N,N,NO,37.56,1166.64,21,East,3/9/2020,No
CUST-10045,Female,0,NO,yes,19,One year,Mailed check,No,No,No,No,YES,14.02,257.52,32,Central,2/9/2019,No
CUST-12955,Female,0,N,no,2,ONE YEAR,Electronic check,DSL,NO,N,N,Yes,43.2,73.68,26,east,4/30/2021,Yes
CUST-11716,Male,0,NO,N,28,One year,Electronic check,Fiber optic,no,NO,NO,No,88.6,2466.19,48,West,2/5/2023,No
CUST-10668,Male,0,N,yes,15,Month-to-month,Bank transfer,DSL,N,Y,N,yes,61.73,930.48,42,NORTH,8/11/2023,Yes
CUST-14512,Female,0,yes,YES,55,Two year,Electronic check,DSL,yes,No,YES,no,70.55,3880.42,33,north,11/9/2017,No
CUST-13292,Male,0,YES,Y,42,Month-to-month,Electronic check,No,No,No,No,NO,33.94,1439.11,34,NORTH,7/11/2022,No
CUST-14158,Male,0,yes,NO,21,Month-to-month,Electronic check,DSL,Yes,yes,no,no,56.53,1172.39,68,CENTRAL,10/6/2019,No
CUST-11580,Female,1,Yes,Y,9,month-to-month,Credit card,DSL,NO,N,no,Yes,39.65,351.24,82,North,2/28/2018,No
CUST-14152,Female,0,yes,NO,28,MONTH-TO-MONTH,Mailed check,Fiber optic,no,Y,no,No,92.83,2598.31,66,south,8/12/2019,No
CUST-14364,Male,0,Y,NO,44,Two year,Electronic check,Fiber optic,Y,no,Yes,no,99.11,4368.02,65,east,1/10/2021,No
CUST-10082,Male,1,no,N,71, Month-to-month ,Bank transfer,No,No,No,No,NO,34.37,2436.6,79,South,9/13/2019,No
CUST-13380,Male,0,Y,YES,27,Month-to-month,Electronic check,Fiber optic,yes,NO,N,YES,69.47,1887.08,23,Central,5/3/2023,No
CUST-11778,Female,0,YES,No,55,One year,Mailed check,Fiber optic,Yes,no,NO,N,75.56,4149.48,46,East,1/2/2018,No
CUST-15388,Female,0,YES,Yes,32,Month-to-month,Bank transfer,Fiber optic,No,yes,Y,Y,97.9,3124.53,31,South,11/1/2018,No
CUST-15318,Male,0,Yes,YES,57,ONE YEAR,Mailed check,Fiber optic,No,Yes,Y,NO,78.96,4484.66,20,WEST,8/14/2019,Yes
CUST-12841,Female,0,Yes,YES,66,One year,Mailed check,No,No,No,No,yes,39.89,2635.61,34, Central ,8/1/2018,No
CUST-13486,Female,1,No,Y,40,One year,Mailed check,No,No,No,No,yes,31,1224.61,71,East,6/9/2019,No
CUST-12712,Female,1,no,No,36,Two year,Mailed check,No,No,No,No,no,43.78,1580.49,75,Central,10/21/2019,No
CUST-13881,Female,0,yes,Y,55,one year,Mailed check,Fiber optic,no,no,no,NO,84.36,4637,41,South,11/18/2017,No
CUST-13808,Female,1,No,yes,49,Month-to-month,Electronic check,Fiber optic,yes,no,NO,YES,79.96,3923.83,78,East,9/12/2023,Yes
CUST-15571,Male,0,no,yes,67,Two year,Mailed check,DSL,N,Yes,NO,No,55.47,3708.31,46,West,6/17/2023,No
CUST-14065,Female,0,YES,no,28, Two year ,Credit card,Fiber optic,Yes,Yes,no,Y,68.91,1925.1,57,central,7/19/2018,No
CUST-14831,Male,0,No,No,4,Month-to-month,Mailed check,DSL,Y,No,yes,Yes,71.9,282.29,68,central,8/31/2019,Yes
CUST-13503,Male,1,No,N,25,month-to-month,Electronic check,DSL,Yes,yes,yes,Yes,49.57,1222.17,71,Central,5/22/2017,Yes
CUST-13081,Male,0,no,NO,46, Month-to-month ,Bank transfer,Fiber optic,Y,no,Y,YES,101.24,4654.75,26,North,8/19/2021,No
CUST-11984,Male,0,no,Y,5,One year,Bank transfer,Fiber optic,no,NO,yes,YES,94.86,485.07,28,Central,10/13/2022,No
CUST-12667,Male,0,no,no,22,Month-to-month,Mailed check,No,No,No,No,Yes,31.64,710.14,53,South,7/17/2017,Yes
CUST-10203,Female,1,Y,YES,42,month-to-month,Mailed check,Fiber optic,No,No,YES,YES,84.09,3534.79,81,West,6/19/2022,Yes
CUST-12812,Male,0,no,NO,16,Two year,Bank transfer,No,No,No,No,Yes,26.64,439.89,28,South,2/22/2018,No
CUST-14260,Female,0,No,Y,46,Month-to-month,Bank transfer,No,No,No,No,Y,19.79,921.34,51,west,3/4/2018,No
CUST-12353,Male,1,Yes,YES,49,Month-to-month,Mailed check,DSL,yes,N,yes,NO,71.85,3520.11,70,North,2/17/2020,No
CUST-11174,Male,0,Y,yes,21,Month-to-month,Bank transfer,Fiber optic,Y,YES,no,NO,90.99,1905.03,25,Central,7/19/2021,Yes
CUST-10476,Male,0,Yes,No,16,Month-to-month,Electronic check,DSL,yes,no,Y,no,77.77,1233.01,40,WEST,8/13/2023,No
CUST-14395,Female,0,YES,no,67,Two year,Credit card,DSL,no,Y,Y,YES,50.63,3396.35,21,North,6/18/2018,Yes
CUST-14516,Male,0,N,N,25,Two year,Mailed check,DSL,Yes,NO,YES,Y,46.04,1158.65,50,East,6/4/2019,No
CUST-12706,Male,0,no,yes,18,MONTH-TO-MONTH,Electronic check,No,No,No,No,N,31.03,558.97,68,South,2/6/2023,Yes
CUST-14357,Male,0,yes,YES,3,One year,Mailed check,No,No,No,No,YES,13.38,33.89,40,East,5/7/2021,No
CUST-10617,Male,1,N,No,47,Month-to-month,Bank transfer,DSL,N,YES,Yes,N,75.99,3580.57,83,Central,6/18/2022,Yes
CUST-15427,Male,0,yes,YES,0,Month-to-month,Credit card,DSL,N,Y,no,YES,43.56,,24,East,8/19/2018,Yes
CUST-12530,Female,0,Yes,N,41,Month-to-month,Bank transfer,DSL,NO,NO,no,YES,40.75,1676.76,68,Central,7/8/2020,Yes
CUST-14654,Male,0,YES,YES,17,Month-to-month,Mailed check,Fiber optic,Y,Y,no,N,78.17,1331.12,48,Central,10/18/2017,No
CUST-13326,Male,1,Y,No,68,Month-to-month,Mailed check,Fiber optic,YES,NO,no,NO,71.04,4833.55,75,North,5/7/2021,Yes
CUST-10184,Male,1,no,Yes,68,Two year,Mailed check,Fiber optic,yes,NO,YES,Yes,76.53,5221.55,75,NORTH,7/27/2023,No
CUST-12526,Male,0,no,Y,38,Month-to-month,Bank transfer,No,No,No,No,NO,34.99,1341.76,47,West,9/2/2019,Yes
CUST-14594,Female,0,Yes,Yes,43,Month-to-month,Electronic check,DSL,Y,NO,Yes,Yes,48.61,2078.05,25,Central,4/3/2022,No
CUST-11245,Male,0,no,Yes,1,Month-to-month,Credit card,Fiber optic,no,N,NO,Yes,79.98,89.75,38,East,4/14/2018,No
CUST-13033,Female,0,NO,Yes,21,Month-to-month,Bank transfer,No,No,No,No,yes,18.75,379.98,18,North,3/13/2020,No
CUST-10228,Female,0,Y,Yes,22,Two year,Bank transfer,Fiber optic,N,no,YES,N,83.37,1821.12,62,Central,7/1/2023,No
CUST-10177,Male,0,Yes,N,61,month-to-month,Credit card,No,No,No,No,No,29.19,1768.13,53,West,1/7/2019,Yes
CUST-12033,Male,0,no,N,1, Month-to-month ,Credit card,Fiber optic,Yes,no,Y,yes,85.04,99.93,50,East,9/13/2020,Yes
CUST-15075,Male,1,yes,N,44,One year,Credit card,Fiber optic,yes,no,no,yes,69.8,3078.53,85,South,7/26/2019,No
CUST-10602,Female,0,N,YES,37,Two year,Electronic check,DSL,NO,yes,Yes,N,58.2,2149.85,35,Central,8/29/2020,No
CUST-10936,Male,0,yes,N,48,One year,Credit card,No,No,No,No,N,17.75,837.05,40,South,7/20/2023,Yes
CUST-13916,Female,0,NO,yes,3,MONTH-TO-MONTH,Mailed check,Fiber optic,yes,Y,NO,Y,65.72,203.43,18,Central,7/29/2020,Yes
CUST-15121,Female,0,N,Y,62,Month-to-month,Credit card,Fiber optic,Y,NO,Yes,Y,79.33,4904.72,37,Central,3/27/2021,No
CUST-13519,Female,1,No,N,30,Month-to-month,Electronic check,DSL,Y,YES,yes,no,54.06,1623.2,72,South,6/17/2020,No
CUST-13474,Male,1,YES,NO,33,MONTH-TO-MONTH,Electronic check,DSL,Yes,YES,Yes,yes,54.69,1796.13,72,South,6/30/2020,No
CUST-11898,Female,0,no,NO,14,One year,Bank transfer,Fiber optic,NO,N,Y,Yes,106.44,1489.55,68,East,3/4/2022,Yes
CUST-11331,Male,0,Y,yes,55,Two year,Mailed check,Fiber optic,no,no,yes,N,79.12,4346.17,48,SOUTH,11/6/2021,Yes
CUST-15500,Female,0,No,NO,36,Month-to-month,Credit card,DSL,no,NO,no,No,37.72,1346.07,30,north,4/22/2020,No
CUST-12093,Male,0,yes,No,6,Month-to-month,Mailed check,DSL,N,YES,Y,YES,52.7,300.73,22, South ,2/8/2020,No
CUST-10580,Female,0,Y,No,29,Two year,Credit card,Fiber optic,YES,no,No,Yes,84.98,2445.1,60,North,9/29/2019,No
CUST-12460,Male,0,yes,yes,59,MONTH-TO-MONTH,Mailed check,No,No,No,No,No,24.83,1481.91,34,West,10/21/2019,No
CUST-10339,Female,0,NO,yes,51,Month-to-month,Bank transfer,Fiber optic,no,No,NO,no,90.01,4593.06,59, South ,3/9/2018,Yes
CUST-12466,Female,0,Yes,no,37,Month-to-month,Electronic check,DSL,N,Yes,Y,No,47.84,1750.79,25,east,4/29/2017,No
CUST-13807,Female,0,YES,NO,65,Month-to-month,Mailed check,No,No,No,No,yes,34.06,2197.96,23,WEST,4/12/2017,Yes
CUST-13385,Female,0,yes,NO,41,month-to-month,Bank transfer,Fiber optic,N,yes,N,No,70.01,2854.02,63,east,11/13/2017,No
CUST-14035,Female,0,yes,NO,46,Month-to-month,Electronic check,Fiber optic,N,No,yes,No,76.85,3531.18,34,West,2/24/2020,No
CUST-13856,Female,0,YES,yes,29,Two year,Bank transfer,Fiber optic,no,Y,NO,NO,65.41,1886.36,69, South ,9/13/2021,Yes
CUST-10444,Female,0,YES,NO,66,month-to-month,Mailed check,DSL,N,yes,N,YES,42.26,2797.15,50,North,9/25/2017,No
CUST-15751,Female,0,NO,no,37,Two year,Electronic check,No,No,No,No,No,19.45,720.45,49,WEST,10/31/2020,No
CUST-15608,Male,1,Y,YES,55,Month-to-month,Electronic check,DSL,N,no,N,yes,57.06,3143.02,85,NORTH,7/18/2019,Yes
CUST-11549,Male,0,NO,NO,39,Month-to-month,Electronic check,No,No,No,No,YES,11.31,432.81,44,West,1/23/2021,Yes
CUST-14108,Male,0,Y,YES,70,Month-to-month,Mailed check,DSL,Yes,no,NO,Y,65.18,4580,48,WEST,10/15/2019,No
CUST-10133,Female,0,N,Yes,24,Month-to-month,Mailed check,Fiber optic,N,NO,no,no,75.28,1805.55,65,South,1/7/2021,Yes
CUST-13221,Female,1,no,N,17,Month-to-month,Bank transfer,DSL,No,no,No,YES,42.48,736.21,78,central,12/18/2017,Yes
CUST-10986,Female,0,YES,Yes,12,Month-to-month,Mailed check,Fiber optic,Yes,no,No,N,83.3,1008.55,58,South,4/24/2019,No
CUST-10433,Female,0,no,Y,0,MONTH-TO-MONTH,Mailed check,Fiber optic,N,yes,Y,No,107.24,,45,South,1/19/2023,No
CUST-11890,Male,0,NO,yes,32,Month-to-month,Bank transfer,DSL,no,N,No,N,64.32,2039.31,69,East,3/7/2018,No
CUST-14551,Male,0,NO,no,48,ONE YEAR,Mailed check,DSL,NO,NO,No,NO,39.43,1893.85,47,East,11/28/2018,No
CUST-13115,Male,0,Y,yes,46,Month-to-month,Mailed check,No,No,No,No,YES,38.97,1778.17,20,north,3/2/2023,No
CUST-14034,Female,1,no,Y,2,Month-to-month,Mailed check,Fiber optic,YES,No,N,no,88.72,196.82,80,North,3/29/2018,Yes
CUST-15602,Male,0,N,YES,59,Month-to-month,Electronic check,Fiber optic,N,N,YES,Yes,108.45,6402.26,69,East,2/4/2022,Yes
CUST-12848,Male,0,N,No,20,One year,Mailed check,Fiber optic,Y,YES,Yes,YES,104.62,2074.89,18,West,12/20/2021,Yes
CUST-15546,Female,0,YES,No,59,One year,Credit card,DSL,YES,NO,YES,yes,77.38,4568.58,37,Central,1/13/2021,No
CUST-10769,Male,0,yes,No,1,Month-to-month,Mailed check,No,No,No,No,NO,14.7,29.35,40,CENTRAL,7/24/2022,Yes
CUST-14866,Male,0,no,yes,54,two year,Credit card,Fiber optic,yes,Y,YES,N,109.91,5931.81,23,Central,2/5/2023,No
CUST-11369,Male,1,Y,yes,63,month-to-month,Credit card,Fiber optic,Yes,no,N,YES,94.08,5920.63,77,North,4/23/2020,No
CUST-11140,Male,1,Y,no,65,TWO YEAR,Mailed check,No,No,No,No,No,34.76,2269.64,78,South,7/31/2022,Yes
CUST-10968,Male,1,Yes,Yes,37, Month-to-month ,Credit card,DSL,N,yes,no,NO,65.36,2412.36,72,North,12/5/2017,Yes
CUST-13204,Male,1,NO,Y,44, Month-to-month ,Credit card,Fiber optic,NO,Yes,no,Yes,74.81,3274.76,85,West,8/16/2021,No
CUST-14508,Male,1,yes,no,21, Month-to-month ,Electronic check,No,No,No,No,No,10.76,237.27,78,EAST,11/17/2017,No
CUST-12173,Female,0,No,NO,50,Month-to-month,Electronic check,No,No,No,No,N,36.67,1842.71,19, South ,3/5/2023,No
CUST-14712,Female,0,YES,Y,68,One year,Credit card,No,No,No,No,Yes,39.12,2662.08,52,east,10/27/2017,Yes
CUST-10315,Male,0,Y,Yes,10,Month-to-month,Mailed check,Fiber optic,Y,no,Yes,no,85.3,854.39,43,east,1/12/2022,No
CUST-10820,Male,0,NO,Yes,14,One year,Mailed check,No,No,No,No,Yes,17.91,246.93,50,South,9/14/2017,No
CUST-10329,Female,0,No,NO,56,Month-to-month,Credit card,Fiber optic,No,Y,No,NO,86.25,4838.48,51,NORTH,7/4/2017,No
CUST-13664,Female,1,Y,Y,71,Two year,Electronic check,DSL,No,N,Yes,no,55,3892.74,81,North,7/10/2018,Yes
CUST-11316,Female,0,YES,NO,31,Month-to-month,Credit card,DSL,Y,yes,Y,Y,57.75,1784.85,31,Central,5/7/2018,Yes
CUST-12853,Male,0,No,N,22,TWO YEAR,Credit card,DSL,Yes,no,no,Y,58.46,1289.7,58,west,8/5/2021,No
CUST-10723,Male,0,Y,no,10,Two year,Mailed check,DSL,No,YES,N,N,47.33,486.93,31,east,7/5/2017,No
CUST-12778,Male,1,Yes,No,34,two year,Bank transfer,DSL,no,N,NO,No,54.64,1845.34,85,Central,9/17/2017,No
CUST-15380,Female,0,no,YES,22,One year,Electronic check,Fiber optic,NO,no,Y,YES,84,1829.59,18,north,3/17/2022,Yes
CUST-12474,Female,0,yes,no,66,Month-to-month,Credit card,No,No,No,No,No,11.42,751.92,24,South,9/23/2017,No
CUST-14642,Male,0,YES,No,33,Two year,Electronic check,No,No,No,No,yes,14.74,478.71,36,North,2/21/2022,No
CUST-13418,Female,0,N,No,6,month-to-month,Mailed check,DSL,Yes,yes,yes,N,69.32,397.51,30,WEST,10/14/2021,No
CUST-12579,Female,0,no,NO,62,month-to-month,Electronic check,Fiber optic,YES,yes,no,No,89.87,5587.9,23,Central,11/16/2022,No
CUST-15855,Male,0,Y,Y,52,Month-to-month,Credit card,Fiber optic,N,Y,no,NO,92.27,4792.08,39,East,12/30/2019,Yes
CUST-10932,Male,1,N,Yes,6,Month-to-month,Credit card,Fiber optic,YES,Yes,YES,Y,78.26,458.47,72,South,7/26/2020,No
CUST-11749,Male,0,N,yes,24,Month-to-month,Credit card,DSL,Yes,NO,NO,Y,44.98,1088.28,66,East,12/30/2019,No
CUST-14545,Male,0,No,Y,0,Two year,Bank transfer,Fiber optic,NO,NO,NO,No,74.22,,24,West,10/12/2022,No
CUST-12026,Female,0,no,NO,3,ONE YEAR,Bank transfer,Fiber optic,N,Yes,YES,NO,78.24,243.57,38,north,8/25/2022,Yes
CUST-13828,Male,0,yes,Y,32,month-to-month,Credit card,Fiber optic,yes,No,YES,NO,88.75,2825.1,26,East,7/1/2022,No
CUST-13779,Male,0,YES,Y,15,Two year,Electronic check,Fiber optic,N,Yes,YES,yes,81.65,1240.9,24,North,1/7/2022,No
CUST-14457,Male,0,NO,YES,58,TWO YEAR,Mailed check,Fiber optic,N,Y,Y,YES,96.4,5581.28,39,North,10/27/2017,No
CUST-14193,Female,0,yes,Y,20,Two year,Credit card,DSL,Y,Yes,yes,N,72.88,1440.46,36,Central,11/25/2019,No
CUST-11261,Male,1,N,Y,49,Month-to-month,Electronic check,No,No,No,No,yes,39.39,1933.17,74,south,3/12/2021,No
CUST-13514,Male,1,Y,NO,5, Two year ,Electronic check,Fiber optic,YES,No,NO,Y,69.59,331.85,84,east,4/4/2022,No
CUST-12959,Male,0,YES,No,18,One year,Bank transfer,Fiber optic,YES,No,Y,NO,103.62,1856.95,34,East,6/20/2022,Yes
CUST-13429,Male,1,YES,Y,59,Month-to-month,Bank transfer,DSL,NO,yes,yes,NO,72.52,4288.12,72,South,10/14/2021,Yes
CUST-15122,Male,0,NO,Y,28,MONTH-TO-MONTH,Credit card,DSL,No,N,Y,No,51.27,1417.1,40,central,11/29/2017,Yes
CUST-10793,Female,0,Y,YES,28,Two year,Bank transfer,DSL,NO,no,N,NO,48.4,1373.86,24,West,12/7/2022,Yes
CUST-14224,Female,1,Y,no,67,Month-to-month,Bank transfer,DSL,no,NO,No,Y,61.65,4137.79,75,CENTRAL,6/19/2020,Yes
CUST-11953,Male,0,No,YES,67,One year,Bank transfer,DSL,No,NO,Yes,no,64.03,4307.63,45,Central,12/17/2019,No
CUST-10161,Male,0,No,no,7,Month-to-month,Mailed check,Fiber optic,Yes,NO,no,Y,95.36,654.34,44,South,3/7/2017,No
CUST-14337,Male,0,NO,Yes,9,Month-to-month,Mailed check,No,No,No,No,Yes,44.4,418.22,31,East,1/9/2020,Yes
CUST-11187,Male,0,Yes,no,21,Month-to-month,Electronic check,Fiber optic,N,no,NO,no,84.23,1757.43,54,West,11/15/2019,Yes
CUST-10945,Male,0,No,no,57,two year,Credit card,DSL,NO,N,no,YES,65.33,3706.73,54,East,9/7/2022,No
CUST-12978,Male,0,YES,yes,56,Month-to-month,Electronic check,DSL,NO,yes,NO,No,35.23,1969.67,59,west,5/21/2018,Yes
CUST-10695,Male,0,No,Y,56,Month-to-month,Electronic check,Fiber optic,N,no,no,NO,75.74,4249.4,41,West,5/25/2021,Yes
CUST-12962,Male,1,yes,N,65,two year,Bank transfer,Fiber optic,N,N,Y,Yes,98.72,6419.79,71,west,5/21/2017,No
CUST-10126,Male,1,no,Y,22,Two year,Mailed check,No,No,No,No,no,11.49,235.91,83,central,8/27/2021,No
CUST-14763,Male,0,N,NO,50,month-to-month,Mailed check,Fiber optic,NO,No,No,Yes,84.55,4238.38,68,East,1/24/2019,Yes
CUST-14138,Female,1,Y,YES,40,Two year,Electronic check,DSL,YES,N,Y,no,70.2,2788.08,74,North,5/26/2017,Yes
CUST-13042,Female,0,yes,no,42,Month-to-month,Mailed check,DSL,YES,yes,no,NO,55.91,2366.9,61,North,1/11/2023,No
CUST-10865,Male,1,Yes,No,30,One year,Mailed check,Fiber optic,YES,yes,N,N,89.36,2675.47,73,WEST,6/23/2017,Yes
CUST-14255,Male,1,Yes,No,14,One year,Electronic check,DSL,Y,Y,N,N,48.32,689.93,83,North,7/26/2021,No
CUST-10488,Female,0,No,YES,14,One year,Credit card,Fiber optic,N,no,No,NO,73.45,1042.3,49,East,1/26/2019,No
CUST-10210,Female,0,Y,Y,45,Month-to-month,Mailed check,Fiber optic,No,N,No,N,68.4,3070.42,59,South,9/13/2018,No
CUST-14267,Female,0,NO,N,53,two year,Electronic check,DSL,Y,Yes,Y,YES,57.6,3046.53,60,South,10/21/2020,No
CUST-12218,Female,0,no,No,39,Month-to-month,Bank transfer,Fiber optic,YES,Y,Y,yes,108.51,4218.56,51,WEST,6/2/2021,No
CUST-11751,Female,0,Yes,NO,6,One year,Credit card,DSL,yes,YES,YES,NO,71.59,448.68,27,SOUTH,8/28/2023,No
CUST-14181,Female,0,Y,NO,10,One year,Mailed check,Fiber optic,YES,No,no,Yes,72.45,740.34,56,Central,3/9/2017,No
CUST-12713,Female,0,Yes,Yes,51,Month-to-month,Credit card,Fiber optic,Yes,YES,Yes,No,98.58,5035,66,East,5/7/2023,No
CUST-10006,Female,0,no,N,47,MONTH-TO-MONTH,Credit card,DSL,YES,yes,No,Yes,43.01,2037.69,39,west,2/15/2023,Yes
CUST-11599,Female,0,Y,Y,55,Two year,Electronic check,DSL,Y,Yes,NO,Yes,59.71,3297.35,55,EAST,2/11/2022,No
CUST-12428,Female,0,Yes,Y,37,Month-to-month,Bank transfer,No,No,No,No,N,29.84,1118.05,34, South ,7/19/2019,No
CUST-13162,Male,0,Y,No,17,Two year,Bank transfer,Fiber optic,yes,no,Yes,Yes,79.22,1351.22,21,West,6/6/2019,No
CUST-11961,Male,0,yes,Yes,54,Month-to-month,Credit card,Fiber optic,YES,No,N,Y,96.03,5187.57,32,North,5/23/2019,Yes
CUST-11846,Female,0,Yes,Yes,45,Month-to-month,Electronic check,Fiber optic,Y,yes,NO,Yes,75.82,3429.84,41,West,2/20/2022,No
CUST-11485,Male,0,N,N,13,Month-to-month,Mailed check,Fiber optic,N,yes,YES,N,84.31,1087.11,41,central,4/27/2020,No
CUST-10428,Female,0,Yes,yes,43,One year,Electronic check,DSL,yes,No,NO,Yes,68.26,2916.02,42,East,11/28/2022,No
CUST-14383,Female,0,yes,Y,7,One year,Mailed check,Fiber optic,no,Yes,yes,Yes,87.65,596.61,19,CENTRAL,2/27/2019,No
CUST-13047,Female,0,no,N,47,One year,Credit card,Fiber optic,No,yes,YES,Yes,84.41,3967.91,57, West ,6/14/2019,No
CUST-12339,Female,0,no,NO,14,Two year,Electronic check,DSL,Y,Yes,Y,no,59.3,817.45,42,north,8/18/2017,No
CUST-14864,Male,0,Y,YES,16,ONE YEAR,Mailed check,No,No,No,No,Y,30.55,482.64,54,East,10/27/2020,Yes
CUST-14115,Female,0,yes,YES,51,Month-to-month,Mailed check,No,No,No,No,N,38.46,1969.26,25,Central,1/30/2023,Yes
CUST-11920,Female,0,Yes,Y,47, Month-to-month ,Mailed check,DSL,NO,Yes,NO,YES,35.49,1678.13,34,Central,9/23/2021,No
CUST-13272,Male,1,N,Yes,51,month-to-month,Bank transfer,Fiber optic,no,NO,Yes,No,75.39,3828.7,80,NORTH,4/21/2018,Yes
CUST-14815,Male,0,yes,YES,38,Two year,Electronic check,DSL,YES,yes,YES,YES,53.6,2040.34,38,South,4/6/2018,No
CUST-15727,Female,0,no,No,22,One year,Electronic check,DSL,YES,Y,N,no,45.77,1006.02,56,west,2/4/2018,No
CUST-15570,Female,0,N,YES,29,One year,Bank transfer,No,No,No,No,Yes,10.52,292.45,20, Central ,5/21/2018,Yes
CUST-12705,Male,1,NO,NO,59,Month-to-month,Mailed check,Fiber optic,Y,YES,Y,Y,78.07,4615.84,78,WEST,2/8/2023,Yes
CUST-11608,Male,0,no,yes,42,ONE YEAR,Bank transfer,DSL,NO,No,no,No,40.46,1685.86,58,East,10/16/2022,Yes
CUST-15282,Male,1,Y,N,56,Month-to-month,Bank transfer,No,No,No,No,N,25.05,1392.37,81,South,4/22/2020,No
CUST-14938,Female,0,yes,No,55,Month-to-month,Credit card,Fiber optic,no,Y,YES,No,80.22,4429.43,18, Central ,5/23/2018,Yes
CUST-10015,Male,0,NO,NO,55,One year,Electronic check,Fiber optic,NO,Y,yes,Yes,108.21,5968.38,57,East,5/26/2020,Yes
CUST-14268,Male,0,Yes,N,57,One year,Bank transfer,Fiber optic,N,no,N,YES,92.53,5275.42,27,North,9/5/2022,Yes
CUST-15935,Female,0,N,Y,46,Month-to-month,Mailed check,No,No,No,No,YES,26.28,1202.49,35,central,10/5/2018,Yes
CUST-13956,Female,0,NO,yes,65,Month-to-month,Bank transfer,DSL,no,NO,no,Yes,52.73,3423.68,49,South,4/21/2023,No
CUST-15770,Female,0,Y,no,19, Month-to-month ,Credit card,Fiber optic,no,Y,Yes,YES,97.53,1871.24,55,North,4/25/2017,No
CUST-13243,Male,0,Yes,yes,9, Month-to-month ,Electronic check,Fiber optic,Yes,YES,NO,Yes,86.64,772.76,51,North,4/21/2020,Yes
CUST-10867,Male,1,Y,YES,67,Month-to-month,Bank transfer,Fiber optic,Y,yes,NO,Y,86.58,5782.95,83,WEST,8/29/2019,No
CUST-15492,Male,0,Yes,yes,54,One year,Bank transfer,No,No,No,No,N,31.14,1695.04,23,central,1/25/2021,No
CUST-10218,Female,0,Yes,NO,32,Month-to-month,Bank transfer,DSL,Yes,no,NO,NO,62.39,1985.93,29,North,1/2/2018,Yes
CUST-15604,Female,0,YES,no,7,One year,Bank transfer,No,No,No,No,N,25.92,196.6,46,NORTH,8/8/2023,Yes
CUST-14112,Male,0,NO,No,61,One year,Credit card,Fiber optic,Yes,no,Yes,Y,97.48,5950.75,60,SOUTH,1/17/2019,No
CUST-12701,Female,0,YES,Yes,56,Month-to-month,Credit card,DSL,Y,Y,YES,No,48.48,2715.64,63,West,7/22/2020,No
CUST-11365,Male,1,No,No,-3,ONE YEAR,Electronic check,No,No,No,No,no,19.91,108.09,73,West,11/30/2021,Yes
CUST-12995,Female,0,no,Yes,23,Two year,Electronic check,Fiber optic,No,NO,Yes,Y,75.99,1766.94,55,East,9/8/2019,Yes
CUST-14825,Female,0,no,Yes,49,One year,Mailed check,DSL,YES,N,no,Y,60.74,2984.98,27,South,10/21/2019,No
CUST-15566,Female,0,YES,no,53,MONTH-TO-MONTH,Mailed check,DSL,no,No,No,no,53.93,2876.61,32,EAST,7/20/2021,No
CUST-15630,Female,0,NO,N,42,One year,Mailed check,No,No,No,No,YES,13.8,588.41,26,Central,12/14/2018,No
CUST-12793,Male,1,no,No,56, Month-to-month ,Bank transfer,Fiber optic,Y,NO,Y,N,93.06,5221.69,78, South ,1/9/2021,Yes
CUST-15682,Female,1,No,YES,1,ONE YEAR,Bank transfer,Fiber optic,NO,NO,no,no,66,73.91,71,east,3/4/2021,Yes
CUST-14350,Male,1,no,YES,28,TWO YEAR,Credit card,No,No,No,No,Y,30.67,840.09,80,EAST,2/7/2021,Yes
CUST-13476,Male,0,yes,NO,54, Two year ,Credit card,DSL,NO,N,No,No,49.42,2650.77,52,Central,7/27/2020,Yes
CUST-11941,Male,0,yes,NO,62,Month-to-month,Electronic check,DSL,No,Yes,yes,Y,54.55,3387.26,59,West,5/1/2017,No
CUST-12549,Male,0,Y,Yes,50,Two year,Bank transfer,Fiber optic,yes,NO,Yes,Yes,81.11,4069.96,51,Central,11/18/2021,No
CUST-11486,Male,1,No,No,69,Month-to-month,Credit card,Fiber optic,NO,NO,No,Yes,68.81,4750.37,83,east,6/19/2018,No
CUST-15577,Male,0,N,YES,45, Month-to-month ,Mailed check,No,No,No,No,no,42.87,1914.99,25,East,11/28/2017,No
CUST-10920,Male,0,YES,no,4,MONTH-TO-MONTH,Credit card,No,No,No,No,N,42.06,188.21,65,south,2/9/2023,Yes
CUST-10573,Female,0,Y,Y,41,Month-to-month,Bank transfer,Fiber optic,NO,no,yes,N,78.26,3223.68,39,Central,4/5/2022,Yes
CUST-13883,Male,1,Y,Yes,64,Two year,Bank transfer,Fiber optic,NO,no,No,Yes,80.03,5106.58,75,East,7/16/2021,Yes
CUST-10463,Female,0,No,NO,18,ONE YEAR,Bank transfer,Fiber optic,N,yes,no,NO,83.32,1494.88,49,West,1/9/2022,No
CUST-14602,Male,0,yes,Y,31,Month-to-month,Electronic check,DSL,N,YES,YES,no,67.55,2078.49,68, East ,3/5/2017,No
CUST-12472,Male,0,Yes,yes,14,MONTH-TO-MONTH,Electronic check,DSL,Y,No,YES,NO,65.49,921.06,44,South,3/29/2023,Yes
CUST-13109,Male,0,no,Y,50,Two year,Bank transfer,No,No,No,No,Y,31.13,1553.69,27,North,9/16/2017,No
CUST-14236,Female,1,Yes,No,3,Month-to-month,Electronic check,DSL,N,Y,yes,yes,52.13,173.86,83,NORTH,7/17/2022,No
CUST-13830,Male,0,no,N,68,Month-to-month,Electronic check,No,No,No,No,N,13.62,928.16,46,east,3/8/2021,No
CUST-11329,Female,0,Y,Yes,56,One year,Credit card,Fiber optic,NO,N,Yes,No,76.91,4312.79,45,East,10/15/2018,No
CUST-11932,Male,0,YES,N,55,Month-to-month,Credit card,No,No,No,No,Yes,28.9,1600.96,58,WEST,7/23/2017,No
CUST-12170,Male,1,N,No,47,ONE YEAR,Electronic check,DSL,Y,N,No,N,52.75,2484.92,81,SOUTH,5/15/2019,No
CUST-13052,Female,0,Y,no,7,Month-to-month,Bank transfer,Fiber optic,No,Y,Y,yes,105.91,757.88,47,north,1/7/2023,Yes
CUST-10756,Female,0,YES,no,56,Two year,Bank transfer,Fiber optic,N,No,N,Yes,66.09,3706.28,31,north,2/15/2019,No
CUST-13194,Female,1,Y,YES,64,Month-to-month,Electronic check,Fiber optic,No,No,YES,Y,78.66,5036.7,83,EAST,2/17/2021,No
CUST-14658,Male,0,YES,NO,47,MONTH-TO-MONTH,Credit card,Fiber optic,no,No,No,Yes,70.28,3315.74,38, West ,1/29/2021,Yes
CUST-14514,Male,0,Y,no,13,Month-to-month,Mailed check,Fiber optic,yes,N,No,Y,73.89,963.8,29,South,12/12/2020,Yes
CUST-14455,Female,1,Yes,Y,9,Month-to-month,Credit card,No,No,No,No,N,16.08,149.67,80,South,9/30/2018,No
CUST-14438,Female,0,yes,Yes,22,Month-to-month,Electronic check,Fiber optic,Y,N,yes,Y,95.08,2085.76,36,North,10/25/2017,Yes
CUST-15316,Female,0,Y,Yes,14,Month-to-month,Electronic check,Fiber optic,Yes,No,N,NO,85.6,1211.17,68,East,6/4/2021,Yes
CUST-12222,Male,1,N,YES,13,One year,Electronic check,Fiber optic,no,N,Y,Y,87.21,1149.32,74,South,10/3/2019,No
CUST-14735,Male,1,Yes,Y,38,Month-to-month,Mailed check,Fiber optic,N,Yes,yes,N,101.64,3845.9,80,EAST,7/15/2020,Yes
CUST-14075,Male,1,YES,No,30,One year,Bank transfer,DSL,Yes,NO,yes,No,60.12,1797.34,71,West,9/18/2020,No
CUST-15187,Male,0,Yes,no,21,month-to-month,Credit card,No,No,No,No,yes,13.48,265.93,64,Central,11/18/2023,No
CUST-10871,Female,0,no,No,72, Month-to-month ,Electronic check,Fiber optic,yes,yes,N,yes,72.36,5229.85,43,Central,9/4/2020,Yes
CUST-15828,Male,0,no,Yes,16,MONTH-TO-MONTH,Mailed check,Fiber optic,Yes,Y,N,YES,66.37,1066.41,69,East,1/13/2018,No
CUST-12197,Male,0,Yes,NO,60, Two year ,Electronic check,Fiber optic,No,N,No,No,99.37,5966.36,52,Central,5/31/2022,No
CUST-13601,Female,0,YES,YES,62,Month-to-month,Credit card,DSL,no,No,N,no,57.05,3536.41,69,South,4/17/2022,No
CUST-14746,Female,0,Yes,YES,19,Two year,Electronic check,No,No,No,No,No,22.64,438.55,61,North,1/23/2019,No
CUST-13021,Female,1,YES,no,55,month-to-month,Bank transfer,Fiber optic,Y,NO,YES,YES,77.88,4283.89,79,north,11/16/2020,Yes
CUST-10842,Female,0,no,No,59,One year,Electronic check,Fiber optic,No,Y,NO,No,77.03,4550.58,55,East,5/4/2023,No
CUST-10978,Female,0,Yes,yes,31,Month-to-month,Credit card,DSL,No,N,Y,no,71.64,2211.13,24,East,12/21/2021,Yes
CUST-10952,Female,0,Y,N,56,MONTH-TO-MONTH,Mailed check,Fiber optic,Yes,Yes,No,yes,78.12,4364.94,59,East,11/15/2017,Yes
CUST-15517,Male,1,NO,no,52,Month-to-month,Mailed check,Fiber optic,Yes,No,No,no,97.74,5064.2,77,East,8/15/2021,Yes
CUST-13853,Female,1,No,Y,1,Month-to-month,Mailed check,DSL,YES,Yes,Yes,no,71,88.2,71,South,9/7/2019,No
CUST-15513,Female,0,N,yes,72,Two year,Electronic check,Fiber optic,yes,Y,N,no,87.22,6293.9,27,CENTRAL,8/13/2021,No
CUST-10220,Female,0,Y,YES,67,One year,Electronic check,DSL,NO,N,NO,YES,63.08,4216.57,55,South,7/14/2019,No
CUST-10606,Female,1,Y,no,50,Month-to-month,Bank transfer,DSL,YES,No,NO,YES,42.9,2140.88,85,west,1/28/2020,No
CUST-12838,Male,0,YES,Y,47,Two year,Mailed check,DSL,yes,NO,NO,Y,39.65,1845.47,20,North,7/25/2022,No
CUST-15182,Male,0,no,Y,39,Month-to-month,Credit card,No,No,No,No,N,35.27,1369.7,25,CENTRAL,12/22/2019,No
CUST-10858,Female,0,Yes,No,62,TWO YEAR,Electronic check,DSL,yes,No,NO,No,53.89,3360.57,66,CENTRAL,2/17/2021,No
CUST-14130,Male,0,YES,NO,7,Month-to-month,Credit card,No,No,No,No,Y,13.42,74.25,38,West,4/21/2017,Yes
CUST-10838,Female,0,no,yes,65,ONE YEAR,Credit card,No,No,No,No,YES,37.96,2472.91,19,North,7/11/2020,Yes
CUST-15858,Male,0,N,YES,34,Month-to-month,Bank transfer,Fiber optic,No,no,NO,YES,86.93,2943.93,23,North,12/27/2022,No
CUST-15851,Female,0,YES,no,6,Month-to-month,Bank transfer,DSL,Y,Yes,No,no,63.79,378.35,49,South,3/6/2019,No
CUST-10464,Male,0,yes,YES,15,One year,Bank transfer,Fiber optic,No,no,NO,N,86.92,1321.88,50,Central,3/2/2023,No
CUST-14404,Female,0,N,No,67,One year,Credit card,No,No,No,No,Y,20.8,1380.24,25,Central,5/13/2022,No
CUST-13281,Female,0,NO,No,19,two year,Electronic check,Fiber optic,Y,Yes,no,no,79.32,1501.51,52,CENTRAL,4/26/2019,Yes
CUST-14168,Female,0,No,No,30,Two year,Electronic check,DSL,No,no,Y,NO,65.49,1947.67,43,East,3/19/2023,No
CUST-10086,Female,0,Y,Yes,67,MONTH-TO-MONTH,Electronic check,No,No,No,No,No,24.43,1650.51,32,Central,2/27/2023,Yes
CUST-15817,Female,0,N,no,20,Two year,Mailed check,DSL,Y,YES,no,Yes,35.05,691.89,37,central,12/30/2021,No
CUST-12337,Female,0,yes,NO,69, Two year ,Credit card,Fiber optic,No,N,YES,Y,84.04,5813.96,28,east,10/15/2021,No
CUST-13837,Female,1,No,no,36,Two year,Bank transfer,DSL,NO,yes,no,N,46.99,1697.13,70,East,5/30/2017,No
CUST-14757,Male,0,Yes,no,29, Two year ,Mailed check,DSL,Yes,Y,yes,No,45.17,1324.5,25,East,4/3/2018,No
CUST-12532,Male,0,Y,Yes,63, Month-to-month ,Mailed check,Fiber optic,N,No,Y,N,90.24,5683.07,56,WEST,10/6/2023,Yes
CUST-12539,Female,1,YES,Y,-3,Two year,Electronic check,No,No,No,No,no,42.64,1234.57,74,NORTH,11/14/2022,No
CUST-11265,Female,0,NO,no,23,ONE YEAR,Credit card,No,No,No,No,yes,16.52,379.56,55,South,5/21/2023,Yes
CUST-11633,Male,0,yes,N,3,Two year,Mailed check,No,No,No,No,NO,42.8,126.15,39,west,8/30/2019,No
CUST-14498,Male,0,N,N,49,Two year,Electronic check,DSL,Yes,NO,No,YES,65.75,3235.48,23,South,6/12/2018,No
CUST-12226,Male,0,Y,N,44,one year,Electronic check,DSL,yes,YES,yes,N,70.6,3101.89,68,South,10/20/2018,No
CUST-12703,Female,0,Yes,NO,66,MONTH-TO-MONTH,Electronic check,Fiber optic,No,NO,Y,yes,80.63,5304.54,50,East,10/27/2023,Yes
CUST-13579,Female,0,YES,YES,30,two year,Credit card,Fiber optic,NO,No,Y,Yes,107.49,3224.65,23,West,6/30/2018,Yes
CUST-15015,Female,0,N,no,61,MONTH-TO-MONTH,Mailed check,DSL,YES,Yes,N,yes,38.36,2347.5,68,South,4/2/2020,No
CUST-11526,Female,1,Yes,yes,12,Month-to-month,Electronic check,DSL,No,yes,No,YES,69.79,852.95,83,South,12/28/2018,No
CUST-12633,Male,0,No,no,49,Month-to-month,Bank transfer,No,No,No,No,no,35.62,1749.97,26,North,5/13/2020,No
CUST-14764,Female,0,no,No,31,Month-to-month,Bank transfer,No,No,No,No,YES,28.87,876.19,62,East,12/8/2021,Yes
CUST-11972,Female,0,No,yes,14,Two year,Credit card,DSL,No,N,YES,no,69.43,988.99,29,Central,2/13/2019,No
CUST-15197,Male,0,NO,Yes,7,MONTH-TO-MONTH,Bank transfer,Fiber optic,N,No,NO,YES,69.88,481.25,51,WEST,7/25/2021,Yes
CUST-11980,Female,0,yes,Y,55,One year,Mailed check,Fiber optic,yes,NO,Yes,no,75.51,4157.53,57,North,12/6/2017,No
CUST-12292,Male,0,No,no,14,Two year,Credit card,DSL,N,no,Yes,NO,68.73,945.15,36,North,8/19/2022,Yes
CUST-11627,Female,1,NO,no,36,TWO YEAR,Electronic check,DSL,YES,Y,YES,N,51.23,1830.37,79,East,7/6/2020,No
CUST-13337,Female,0,Yes,No,46,month-to-month,Bank transfer,Fiber optic,No,NO,Yes,No,95.97,4418.99,68, South ,1/4/2022,No
CUST-15669,Female,0,No,Y,54,Month-to-month,Credit card,Fiber optic,yes,yes,no,No,71.54,3850.85,55,South,10/7/2018,No
CUST-12975,Male,1,Yes,Yes,69, One year ,Electronic check,Fiber optic,Yes,Y,yes,NO,109.03,7507.36,72,south,2/13/2020,No
CUST-12625,Male,0,YES,yes,31,one year,Electronic check,DSL,Yes,Y,No,No,54.09,1677.68,55,East,3/13/2021,No
CUST-14589,Female,0,no,NO,55,Two year,Credit card,DSL,yes,Yes,Yes,yes,73.09,4025.73,61,East,7/2/2023,No
CUST-13226,Male,1,NO,NO,16,Month-to-month,Mailed check,Fiber optic,yes,N,Yes,yes,81.56,1311.57,76,East,10/28/2020,No
CUST-15631,Male,0,yes,no,35,Month-to-month,Electronic check,Fiber optic,yes,YES,NO,Y,80.92,2819.18,43,East,12/28/2022,Yes
CUST-11808,Female,0,No,NO,42,One year,Mailed check,Fiber optic,N,yes,YES,N,96.8,4071.62,57,West,5/17/2017,No
CUST-13744,Female,0,NO,Yes,46, Two year ,Bank transfer,Fiber optic,NO,N,Y,NO,108.96,4992.37,27,West,9/16/2019,No
CUST-15486,Male,0,NO,YES,53,MONTH-TO-MONTH,Electronic check,DSL,yes,Y,YES,N,63.23,3349.04,28,Central,2/19/2020,No
CUST-10775,Female,0,yes,No,64,Month-to-month,Credit card,Fiber optic,no,no,Y,YES,78.3,5019.9,56,east,10/12/2023,Yes
CUST-15464,Female,0,Y,NO,69,month-to-month,Bank transfer,DSL,yes,NO,N,Y,65.28,4507.64,67,East,3/22/2019,Yes
CUST-11711,Female,0,no,yes,37,TWO YEAR,Bank transfer,DSL,Y,Y,no,Y,45.01,1657.43,56,East,8/31/2021,No
CUST-11665,Male,0,No,NO,44,TWO YEAR,Mailed check,Fiber optic,no,yes,Y,Y,76.8,3368.74,50,Central,6/7/2020,No
CUST-14105,Female,0,NO,N,70,ONE YEAR,Electronic check,DSL,Yes,yes,Y,No,75.99,5315.66,58,West,10/6/2018,No
CUST-15198,Male,0,Yes,No,42,Month-to-month,Bank transfer,DSL,N,Y,No,Yes,42.66,1806.98,51,east,12/9/2021,No
CUST-15507,Female,0,NO,N,51,One year,Electronic check,DSL,N,YES,No,no,69.33,3520.47,23,Central,7/27/2021,No
CUST-13683,Male,0,no,no,33,two year,Credit card,DSL,NO,Y,N,NO,41.59,1377.54,29,North,3/27/2017,No
CUST-15615,Female,1,Yes,yes,65,Month-to-month,Mailed check,No,No,No,No,N,22.34,1449.97,70,Central,4/11/2019,Yes
CUST-13383,Female,1,Y,NO,44,one year,Electronic check,Fiber optic,NO,Y,no,Y,97.75,4317.31,77,NORTH,5/22/2019,No
CUST-12073,Female,0,NO,Yes,70, One year ,Credit card,Fiber optic,NO,Yes,N,Y,79.82,5581.25,63,south,11/30/2023,No
CUST-10001,Male,0,YES,NO,5,One year,Electronic check,No,No,No,No,YES,39.03,199.89,41,South,6/12/2017,Yes
CUST-10039,Male,0,NO,Y,1,MONTH-TO-MONTH,Electronic check,Fiber optic,NO,NO,yes,YES,107.03,95.88,22,WEST,9/18/2018,Yes
CUST-13712,Female,0,Y,Y,30,Month-to-month,Credit card,Fiber optic,YES,NO,NO,yes,67.6,2019.69,20,South,12/10/2017,Yes
CUST-11320,Female,0,Yes,no,18,Two year,Bank transfer,No,No,No,No,yes,23.79,434.85,26,East,8/2/2018,No
CUST-14078,Female,0,yes,yes,48,Month-to-month,Bank transfer,No,No,No,No,Y,21.12,1032.09,50,South,11/22/2020,No
CUST-14376,Male,1,yes,yes,37,month-to-month,Mailed check,DSL,Yes,No,N,YES,46.31,1731.28,77,central,7/28/2017,Yes
CUST-10870,Male,1,N,YES,51,One year,Credit card,DSL,no,YES,N,Y,48.86,2510.05,81,South,8/31/2018,No
CUST-10316,Male,0,no,Yes,66,ONE YEAR,Electronic check,Fiber optic,Yes,No,no,NO,96.81,6377.46,19,South,3/11/2019,Yes
CUST-14067,Male,0,no,Yes,20,month-to-month,Electronic check,No,No,No,No,Y,24.89,515.89,35,North,8/1/2018,Yes
CUST-11351,Male,1,N,NO,18,month-to-month,Electronic check,Fiber optic,yes,Y,yes,Y,92.8,1684.29,84,North,10/21/2017,Yes
CUST-13350,Female,0,No,N,60,month-to-month,Credit card,DSL,No,Yes,yes,no,56.98,3429.91,52,South,10/8/2019,No
CUST-15542,Female,1,YES,yes,53,Month-to-month,Mailed check,DSL,Y,YES,NO,YES,63.88,3400.5,72,west,1/27/2022,Yes
CUST-11692,Female,1,no,No,44,One year,Bank transfer,Fiber optic,YES,Yes,Yes,N,78.8,3472.17,81, South ,4/13/2017,No
CUST-15977,Female,0,NO,Y,68,Month-to-month,Mailed check,No,No,No,No,no,39.01,2667.66,22,South,11/7/2018,No
CUST-14135,Female,0,NO,YES,62,One year,Mailed check,DSL,Y,yes,Y,NO,51.2,3165.9,20,North,4/27/2017,No
CUST-15599,Female,0,YES,YES,45, Two year ,Mailed check,DSL,no,NO,N,N,50.22,2259.44,44,East,9/14/2020,No
CUST-12677,Female,0,NO,YES,48,Month-to-month,Electronic check,No,No,No,No,yes,16.47,792.98,53,Central,3/9/2018,Yes
CUST-10019,Female,0,no,YES,69,MONTH-TO-MONTH,Mailed check,DSL,no,Y,Y,yes,74.15,5111.93,67,Central,5/15/2017,Yes
CUST-15256,Female,0,no,no,33,MONTH-TO-MONTH,Credit card,Fiber optic,No,Yes,No,NO,83.21,2731.37,43,East,11/5/2023,Yes
CUST-11374,Female,0,NO,yes,56,Month-to-month,Mailed check,DSL,yes,YES,no,N,62.43,3490.51,50,South,4/29/2018,No
CUST-14342,Male,0,no,Y,49,One year,Electronic check,Fiber optic,NO,Y,yes,Yes,106.63,5222.28,54,Central,11/9/2019,Yes
CUST-13276,Male,0,No,yes,14,MONTH-TO-MONTH,Credit card,Fiber optic,Yes,Y,Yes,YES,82.41,1135.3,57,East,3/24/2019,No
CUST-11461,Male,0,No,No,43,Month-to-month,Mailed check,Fiber optic,N,No,No,No,68.4,2949.27,54,north,7/8/2020,No
CUST-13666,Male,0,N,NO,45,Two year,Bank transfer,DSL,Yes,N,No,No,66.52,2974.99,43,South,9/2/2018,No
CUST-12827,Female,0,yes,NO,39,Month-to-month,Mailed check,No,No,No,No,yes,15.41,595.53,28,CENTRAL,9/17/2019,No
CUST-11993,Female,1,Yes,NO,16,Month-to-month,Credit card,DSL,NO,yes,no,N,68.15,1080.86,80,Central,9/22/2020,No
CUST-14879,Female,0,N,NO,7,ONE YEAR,Mailed check,No,No,No,No,Yes,21.22,158.11,28,South,2/28/2017,Yes
CUST-11598,Female,0,Y,YES,5,MONTH-TO-MONTH,Electronic check,DSL,NO,yes,yes,no,79.62,402.75,69,Central,8/23/2021,No
CUST-14635,Female,0,No,Yes,70,Month-to-month,Electronic check,No,No,No,No,yes,20.54,1433.16,60,North,7/24/2023,No
CUST-11061,Female,0,No,N,2,Two year,Bank transfer,DSL,YES,NO,N,No,38.76,76.88,54,east,8/14/2018,No
CUST-12490,Male,0,Y,Yes,33,month-to-month,Bank transfer,DSL,yes,NO,N,YES,66.95,2203.68,31,NORTH,8/11/2018,No
CUST-13358,Male,1,yes,No,57,One year,Mailed check,Fiber optic,NO,Y,YES,Y,80.04,4559.9,76,north,3/17/2023,No
CUST-11055,Male,1,N,NO,72,Month-to-month,Credit card,Fiber optic,yes,Yes,N,No,84.33,6081.26,81,CENTRAL,8/27/2017,Yes
CUST-14017,Male,0,Y,yes,7,One year,Mailed check,Fiber optic,YES,No,no,Yes,83.62,572.03,48,North,6/20/2018,No
CUST-10734,Male,0,Y,No,27, Month-to-month ,Electronic check,DSL,YES,Y,Yes,N,72.42,1949.95,18,West,1/5/2019,Yes
CUST-10482,Male,0,Yes,N,36,Two year,Electronic check,DSL,YES,Y,NO,no,46.48,1668.27,27,West,6/3/2017,No
CUST-12585,Female,1,no,NO,62,Month-to-month,Credit card,DSL,NO,yes,no,yes,43.81,2723.19,72,North,11/3/2019,Yes
CUST-14233,Male,1,NO,N,39,Month-to-month,Mailed check,DSL,No,Yes,No,Y,43.97,1714.87,71,East,8/23/2021,Yes
CUST-11196,Male,0,N,no,27,Month-to-month,Bank transfer,DSL,YES,N,NO,No,39.47,1046.16,45,Central,1/18/2019,No
CUST-15564,Male,0,N,yes,42,one year,Bank transfer,DSL,Y,yes,YES,Yes,54.93,2295.43,38,West,10/8/2021,No
CUST-11606,Male,0,Yes,Yes,2,Month-to-month,Credit card,Fiber optic,yes,no,no,YES,69.59,124.33,26,Central,3/3/2019,Yes
CUST-10715,Male,0,No,yes,4,Month-to-month,Mailed check,Fiber optic,yes,N,Yes,no,95.15,385.85,49,Central,2/27/2021,No
CUST-12039,Female,1,No,No,72,Two year,Bank transfer,DSL,no,yes,YES,no,47.56,3407.41,73,NORTH,3/20/2018,No
CUST-14667,Male,0,Yes,No,11,Month-to-month,Credit card,Fiber optic,no,No,YES,No,103.64,1131.2,19,South,11/15/2017,Yes
CUST-15249,Male,1,yes,N,61,Month-to-month,Bank transfer,DSL,YES,N,no,No,55.89,3403.71,70,Central,10/20/2019,No
CUST-15313,Male,1,yes,NO,23,Two year,Mailed check,No,No,No,No,YES,26.6,625.09,75,WEST,1/21/2020,No
CUST-11643,Male,1,Yes,NO,49,One year,Electronic check,No,No,No,No,Y,11.25,549.87,74,East,6/1/2018,No
CUST-13886,Female,0,Y,N,53,Month-to-month,Bank transfer,Fiber optic,N,No,N,no,81.11,4282.69,22,South,6/5/2018,Yes
CUST-12765,Female,0,N,No,60, Month-to-month ,Bank transfer,DSL,YES,yes,YES,Yes,58.98,3555.74,55,Central,12/2/2019,No
CUST-12564,Male,0,N,N,1,Month-to-month,Bank transfer,Fiber optic,N,YES,no,N,84.42,68.34,64,south,4/16/2022,Yes
CUST-13317,Female,0,N,no,69,MONTH-TO-MONTH,Bank transfer,DSL,YES,N,N,N,69.3,4796.28,54,central,4/7/2023,No
CUST-12686,Male,0,YES,Y,63,One year,Mailed check,DSL,No,YES,NO,N,56.96,3575.81,49,West,5/28/2022,No
CUST-14056,Male,0,Y,Y,36,two year,Credit card,Fiber optic,N,no,N,NO,94.84,3430.81,46,central,1/7/2021,No
CUST-12299,Female,0,yes,no,54,MONTH-TO-MONTH,Electronic check,No,No,No,No,no,21.75,1189.36,64,South,11/18/2022,No
CUST-13663,Male,0,yes,no,44,month-to-month,Electronic check,No,No,No,No,N,22.46,974.51,67,West,12/4/2018,No
CUST-13655,Male,0,Yes,No,35,Two year,Bank transfer,No,No,No,No,No,44.23,1533.56,40,North,3/28/2018,No
CUST-11783,Female,0,Y,no,70,Month-to-month,Bank transfer,No,No,No,No,YES,12.12,853.01,67, North ,1/3/2021,No
CUST-11798,Male,0,Yes,no,65,ONE YEAR,Electronic check,Fiber optic,N,Yes,NO,YES,88.68,5778.22,42,South,12/20/2017,Yes
CUST-15466,Female,0,yes,N,69,Month-to-month,Bank transfer,DSL,No,Y,No,NO,36.84,2552.62,42, East ,5/18/2022,Yes
CUST-10866,Female,0,Y,Y,37,ONE YEAR,Bank transfer,No,No,No,No,no,11.53,418.04,53,South,10/5/2020,No
CUST-10061,Female,0,YES,N,35,One year,Electronic check,DSL,NO,no,no,N,36.22,1250.39,67,North,10/24/2019,No
CUST-15398,Male,0,N,Y,35,One year,Mailed check,Fiber optic,YES,no,Y,No,109.11,3821.9,20,WEST,3/12/2022,Yes
CUST-10098,Male,1,yes,yes,58,MONTH-TO-MONTH,Credit card,Fiber optic,N,No,Y,NO,107.15,6218.31,74,South,5/29/2020,Yes
CUST-11044,Male,0,Y,Y,68,Month-to-month,Bank transfer,Fiber optic,NO,yes,NO,Yes,94.19,6411.89,55,West,1/23/2020,No
CUST-10354,Female,0,YES,Yes,1,Two year,Mailed check,Fiber optic,YES,No,N,NO,95.45,100.82,53,east,8/10/2021,Yes
CUST-15261,Female,0,NO,No,46,Two year,Electronic check,Fiber optic,yes,N,YES,no,104.59,4803.27,32,East,12/29/2017,No
CUST-12582,Male,1,Yes,Yes,27,Two year,Credit card,No,No,No,No,no,35.47,951.29,73,SOUTH,4/22/2023,No
CUST-15477,Male,0,Y,Yes,38,MONTH-TO-MONTH,Mailed check,Fiber optic,yes,Y,NO,Y,79.34,3032.19,23,East,6/30/2020,No
CUST-12664,Female,0,No,YES,14, One year ,Bank transfer,No,No,No,No,Y,42.31,577.29,18,East,2/28/2022,No
CUST-13981,Female,0,Yes,Y,20,Month-to-month,Bank transfer,Fiber optic,NO,Yes,Y,yes,103.2,2075.37,26,East,11/21/2022,Yes
CUST-14482,Female,0,N,No,56,One year,Mailed check,Fiber optic,N,N,No,Y,84.99,4756.64,19,WEST,8/6/2018,No
CUST-15110,Male,1,NO,NO,25,Two year,Mailed check,Fiber optic,YES,N,YES,no,107.54,2690.15,73,EAST,1/9/2022,Yes
CUST-11865,Male,0,Yes,YES,49,one year,Electronic check,Fiber optic,YES,YES,NO,no,74.16,3640.74,36,NORTH,11/29/2019,No
CUST-10366,Male,0,Y,Yes,29,two year,Mailed check,Fiber optic,YES,yes,YES,N,76.4,2224.11,61,CENTRAL,7/29/2019,No
CUST-11827,Female,0,YES,no,20,one year,Bank transfer,No,No,No,No,no,25.26,485.76,55,EAST,8/23/2017,No
CUST-14295,Female,0,Y,No,19,One year,Bank transfer,Fiber optic,YES,Yes,Yes,YES,100.81,1907.2,67,North,5/5/2017,No
CUST-10264,Male,0,no,No,1,One year,Credit card,Fiber optic,N,yes,YES,Y,88.37,85.62,31,South,3/11/2017,No
CUST-13786,Male,0,yes,NO,0,Month-to-month,Electronic check,Fiber optic,yes,yes,No,NO,97.93,,40,WEST,7/27/2023,No
CUST-15279,Male,0,No,No,72,Month-to-month,Mailed check,DSL,no,no,N,N,59.08,4237.56,65,West,10/30/2020,Yes
CUST-13525,Female,1,NO,YES,58,Month-to-month,Bank transfer,No,No,No,No,Y,35.36,2035.64,75,SOUTH,1/22/2019,Yes
CUST-14334,Male,1,yes,no,34,Month-to-month,Mailed check,Fiber optic,YES,no,Yes,NO,107.15,3660.14,83,South,2/22/2021,Yes
CUST-11557,Female,0,YES,N,61,TWO YEAR,Electronic check,DSL,Y,N,No,YES,69.86,4271.45,62,East,12/17/2022,No
CUST-13749,Male,0,No,yes,49,One year,Credit card,Fiber optic,N,no,Y,yes,107.03,5225.92,58,North,4/20/2023,No
CUST-15048,Female,0,NO,No,31,Month-to-month,Credit card,DSL,no,Yes,N,NO,39.77,1240.03,44,central,1/24/2021,Yes
CUST-14981,Female,0,N,No,1,month-to-month,Credit card,DSL,No,yes,No,Y,67.6,71.55,21,East,3/31/2023,Yes
CUST-10812,Female,0,No,YES,52,MONTH-TO-MONTH,Credit card,Fiber optic,N,NO,Y,No,83.44,4350.13,34,West,4/9/2022,Yes
CUST-10071,Male,1,No,Y,40,Month-to-month,Credit card,Fiber optic,Y,No,no,N,83.39,3328.15,75,East,10/7/2018,Yes
CUST-11677,Male,0,yes,yes,39,one year,Credit card,Fiber optic,Yes,No,NO,No,75.1,2920.47,19,East,10/3/2021,No
CUST-11337,Female,1,no,No,51,One year,Bank transfer,Fiber optic,N,N,N,N,90.19,4595.08,78,EAST,7/13/2018,Yes
CUST-13763,Female,0,NO,Yes,57,month-to-month,Bank transfer,Fiber optic,Yes,No,No,No,87.01,4974.52,54,East,9/2/2023,Yes
CUST-15146,Male,0,NO,No,71,TWO YEAR,Credit card,Fiber optic,no,NO,Yes,yes,87.27,6203.25,31, Central ,11/24/2022,No
CUST-14351,Female,0,YES,YES,64,Two year,Credit card,No,No,No,No,Y,15.29,982.12,49,East,2/7/2023,No
CUST-13114,Female,1,no,NO,5,TWO YEAR,Mailed check,No,No,No,No,Yes,18.16,91.89,71,central,4/27/2019,No
CUST-15042,Female,0,N,YES,12,TWO YEAR,Electronic check,Fiber optic,no,Y,no,Y,76.48,899.78,23,North,9/14/2022,No
CUST-12595,Female,0,NO,NO,27,One year,Electronic check,DSL,No,Yes,no,Yes,66.48,1779.15,67,West,2/18/2019,No
CUST-14316,Male,0,Yes,Y,0,TWO YEAR,Bank transfer,DSL,no,No,N,no,35.4,,61,East,12/31/2017,No
CUST-14878,Male,0,NO,Yes,26,One year,Mailed check,Fiber optic,Yes,YES,Yes,Y,101,2623.32,56,South,1/30/2023,No
CUST-13198,Male,0,N,N,17,Month-to-month,Mailed check,Fiber optic,YES,N,N,Yes,74.25,1253,51,West,7/21/2021,Yes
CUST-12041,Male,0,no,N,53,Month-to-month,Credit card,Fiber optic,NO,Y,no,yes,69.24,3650.52,40,EAST,4/29/2023,Yes
CUST-12172,Male,0,Y,yes,15,Two year,Mailed check,No,No,No,No,no,40.12,602.15,54,South,3/26/2023,No
CUST-13135,Female,1,NO,No,64,One year,Bank transfer,No,No,No,No,yes,29.04,1845.19,85,south,8/19/2020,No
CUST-11470,Female,0,Y,yes,58,Month-to-month,Bank transfer,Fiber optic,yes,NO,Yes,NO,93.42,5415.64,20,South,5/16/2021,Yes
CUST-13541,Male,0,Yes,No,45,One year,Credit card,Fiber optic,yes,No,YES,N,94.11,4226.3,49,west,6/28/2022,No
CUST-12116,Female,0,Yes,Y,66,month-to-month,Bank transfer,No,No,No,No,Yes,41.69,2736.25,51,East,5/19/2018,No
CUST-14208,Female,0,Y,Yes,63,Month-to-month,Credit card,DSL,No,No,Yes,NO,62.83,3958.49,37,west,12/7/2017,No
CUST-14313,Male,1,No,no,45,MONTH-TO-MONTH,Mailed check,DSL,Yes,yes,no,YES,37.31,1691.47,75,NORTH,8/14/2020,No
CUST-14656,Male,0,No,NO,53,One year,Credit card,No,No,No,No,N,20.68,1080.72,46, North ,4/22/2017,Yes
CUST-10469,Female,0,N,NO,47,month-to-month,Bank transfer,Fiber optic,NO,Y,N,Y,66.94,3142.53,59,North,5/8/2022,No
CUST-10420,Male,1,yes,N,1,month-to-month,Credit card,DSL,N,no,N,yes,69.65,54.95,82,central,3/9/2019,Yes
CUST-15376,Male,0,NO,Y,18,month-to-month,Bank transfer,No,No,No,No,YES,21.96,382.62,29,south,7/2/2019,No
CUST-10872,Male,0,N,yes,33,MONTH-TO-MONTH,Credit card,No,No,No,No,no,17.83,589.79,39,SOUTH,5/5/2022,Yes
CUST-11019,Male,0,no,No,23,One year,Mailed check,Fiber optic,No,Y,N,yes,67.35,1531.24,22,WEST,6/30/2021,No
CUST-13264,Female,0,N,N,46,Month-to-month,Mailed check,No,No,No,No,no,44.66,2053.76,65,West,2/28/2020,Yes
CUST-13841,Male,0,NO,No,22,One year,Electronic check,Fiber optic,No,Yes,no,NO,98.92,2159.19,24,East,3/31/2022,No
CUST-14373,Male,1,yes,YES,16,Month-to-month,Electronic check,No,No,No,No,yes,29.36,454.25,72,East,5/23/2020,No
CUST-15160,Male,0,Yes,no,51,Month-to-month,Credit card,DSL,no,no,Y,no,57.85,2938.61,41,West,8/31/2022,Yes
CUST-12331,Male,0,YES,No,22,Month-to-month,Credit card,No,No,No,No,no,11.55,255.59,36,EAST,9/13/2018,No
CUST-10378,Male,0,No,yes,2,One year,Electronic check,DSL,No,YES,yes,Y,74.56,165.63,31,WEST,7/16/2019,No
CUST-13225,Female,1,No,no,41,One year,Electronic check,Fiber optic,no,No,N,Y,66.01,2698.12,74,North,9/18/2020,No
CUST-14698,Female,0,yes,Y,49,one year,Mailed check,DSL,Y,no,No,NO,62.55,3049.61,56,Central,12/9/2018,No
CUST-13271,Female,0,No,NO,27,Month-to-month,Mailed check,No,No,No,No,NO,14.67,396.16,21,west,8/17/2023,No
CUST-13199,Male,0,N,yes,52,Two year,Bank transfer,DSL,YES,yes,yes,yes,79.88,4139.64,52,East,3/9/2022,No
CUST-11373,Female,0,Y,No,61,Month-to-month,Mailed check,No,No,No,No,YES,21.59,1334.27,48,South,9/8/2018,Yes
CUST-15343,Female,0,no,Yes,14,MONTH-TO-MONTH,Electronic check,Fiber optic,YES,Y,no,No,80.03,1100.91,50,East,11/4/2019,Yes
CUST-10014,Female,0,no,yes,51,Month-to-month,Electronic check,No,No,No,No,Y,33.78,1736.53,39,South,8/11/2023,No
CUST-11040,Female,0,YES,No,20,Month-to-month,Credit card,DSL,NO,YES,Y,Yes,74.09,1495.01,23,Central,8/11/2017,No
CUST-10285,Female,0,N,N,53,TWO YEAR,Mailed check,Fiber optic,Y,Yes,N,yes,98.04,5190.89,25,East,3/4/2017,Yes
CUST-11201,Female,1,no,NO,46,One year,Bank transfer,DSL,No,No,N,Y,45.24,2098.55,81,West,8/25/2017,No
CUST-12237,Male,0,YES,yes,52,Month-to-month,Credit card,Fiber optic,no,yes,No,yes,94.93,4932.57,37,East,4/8/2021,Yes
CUST-12974,Male,0,Y,No,34,MONTH-TO-MONTH,Mailed check,DSL,NO,yes,no,Y,58.76,2006.75,20,Central,10/8/2019,Yes
CUST-11913,Male,0,YES,no,15,month-to-month,Bank transfer,Fiber optic,yes,N,Yes,yes,87.2,1315.85,50,East,5/13/2017,Yes
CUST-13165,Female,1,No,N,58,Month-to-month,Electronic check,DSL,No,Yes,Y,YES,57.17,3302.65,85,South,2/26/2018,No
CUST-14616,Male,0,yes,No,39,Month-to-month,Mailed check,DSL,No,YES,Yes,N,77.18,3028.07,58,South,7/3/2023,No
CUST-13829,Male,1,NO,NO,61,Two year,Electronic check,Fiber optic,Y,Yes,No,Yes,99.68,6068.68,78,East,8/15/2018,No
CUST-10881,Female,1,N,yes,0,Two year,Credit card,DSL,Yes,Yes,no,Y,49.03,,70,East,10/23/2022,No
CUST-12100,Male,0,yes,no,1,MONTH-TO-MONTH,Mailed check,DSL,Yes,Y,N,Y,62.8,55.38,31,South,7/4/2017,No
CUST-11629,Male,0,NO,NO,25,One year,Bank transfer,Fiber optic,yes,No,YES,NO,91.71,2296.83,67,north,10/20/2022,No
CUST-11362,Male,0,No,yes,12,month-to-month,Bank transfer,DSL,yes,Yes,yes,yes,53.48,654.8,58,North,6/27/2021,Yes
CUST-12733,Female,0,Y,YES,37,One year,Credit card,DSL,NO,Y,No,N,59.34,2186.87,51,west,8/24/2022,No
CUST-14291,Male,0,No,No,28,Month-to-month,Electronic check,Fiber optic,no,NO,YES,No,104.77,2934.05,44,East,3/3/2023,Yes
CUST-15807,Male,0,No,no,16,Two year,Electronic check,Fiber optic,YES,No,YES,yes,109.35,1755.11,46,EAST,4/25/2019,No
CUST-10823,Female,0,NO,yes,65,ONE YEAR,Credit card,DSL,yes,N,yes,yes,68.09,4441.02,35,south,5/20/2020,No
CUST-15287,Male,0,no,No,56,Month-to-month,Bank transfer,DSL,No,N,N,NO,58.95,3295.01,41,West,12/13/2019,No
CUST-13900,Female,0,YES,Y,62,Two year,Mailed check,Fiber optic,Yes,Y,N,yes,70.88,4391.19,52,East,11/12/2020,Yes
CUST-11900,Female,0,no,yes,47,Month-to-month,Electronic check,Fiber optic,NO,N,no,yes,65.58,3065.86,31,Central,6/17/2022,Yes
CUST-10248,Male,0,N,yes,56,One year,Electronic check,DSL,Y,yes,YES,Yes,63.19,3538.47,41,East,9/8/2020,Yes
CUST-13556,Male,0,YES,N,30,Month-to-month,Electronic check,Fiber optic,Y,NO,Yes,YES,95.19,2841.74,59,east,5/10/2018,Yes
CUST-14608,Male,1,Y,Y,25,Month-to-month,Mailed check,DSL,NO,Yes,Y,YES,70.42,1751.53,81,Central,10/22/2022,No
CUST-14121,Male,0,yes,Yes,12,two year,Electronic check,Fiber optic,Y,No,no,N,84.27,998.74,45,South,3/12/2018,No
CUST-12177,Female,0,NO,No,4,Month-to-month,Credit card,DSL,Yes,no,yes,NO,52,217.05,24, South ,9/14/2023,Yes
CUST-12916,Female,0,Yes,NO,30,Two year,Mailed check,Fiber optic,N,No,Yes,NO,83.39,2510.63,52,South,1/22/2022,No
CUST-11276,Male,0,No,No,71,Month-to-month,Credit card,DSL,no,Y,No,Y,51.27,3639.81,49,WEST,5/13/2023,No
CUST-15813,Male,1,Y,Y,55,ONE YEAR,Credit card,DSL,yes,Y,yes,YES,61.44,3367.78,84,east,10/30/2023,No
CUST-14719,Female,0,Yes,N,15, Month-to-month ,Bank transfer,No,No,No,No,Y,11.44,158.67,52,west,10/14/2023,Yes
CUST-15128,Female,0,Yes,No,57,month-to-month,Bank transfer,DSL,Y,Yes,Yes,Y,78.9,4503.45,46, West ,1/4/2018,No
CUST-14732,Male,0,Yes,Yes,7,Month-to-month,Credit card,Fiber optic,yes,yes,yes,Y,93.42,635.44,25,West,7/25/2017,No
CUST-13717,Male,0,Yes,No,31,Month-to-month,Bank transfer,Fiber optic,YES,Y,No,No,66.41,2051.88,33,North,8/10/2022,Yes
CUST-15640,Female,0,Yes,Yes,24,one year,Mailed check,DSL,N,YES,Yes,Yes,51.32,1226.29,63, South ,8/3/2023,No
CUST-11782,Female,0,yes,No,8,Two year,Credit card,Fiber optic,no,No,yes,NO,106.66,839.15,51,central,11/12/2018,No
CUST-14834,Male,0,YES,No,43,ONE YEAR,Credit card,No,No,No,No,Yes,24.9,1058.38,56,North,1/2/2022,No
CUST-12364,Female,0,Yes,Y,22,Two year,Electronic check,DSL,N,yes,no,Y,61.12,1330.48,21,Central,11/18/2023,No
CUST-12126,Male,1,Y,no,18,One year,Electronic check,Fiber optic,yes,Y,Y,N,91.9,1648.74,81,North,5/25/2017,No
CUST-10013,Male,0,no,No,22,One year,Bank transfer,No,No,No,No,yes,19.34,436.97,24,south,8/19/2019,No
CUST-12213,Female,0,N,Y,66,One year,Mailed check,No,No,No,No,Yes,34.77,2281.22,45,CENTRAL,6/7/2020,No
CUST-10340,Female,0,no,Yes,68, Month-to-month ,Credit card,DSL,NO,NO,yes,Yes,58.2,3976.35,42,Central,9/28/2022,Yes
CUST-10879,Male,0,yes,yes,67,One year,Bank transfer,No,No,No,No,yes,21.94,1478.59,65,Central,4/8/2018,Yes
CUST-14420,Male,0,Y,Yes,36,Month-to-month,Bank transfer,No,No,No,No,Yes,36.83,1339.28,42, South ,9/16/2017,Yes
CUST-11464,Female,0,Y,YES,24, Two year ,Mailed check,Fiber optic,No,yes,N,Yes,97.09,2326.69,31,East,7/18/2017,No
CUST-10331,Male,1,No,N,48,ONE YEAR,Credit card,No,No,No,No,Yes,20.18,953.1,80,North,4/12/2017,No
CUST-12277,Male,0,Y,Yes,28,Month-to-month,Credit card,Fiber optic,yes,No,No,no,68.52,1932.87,63,West,11/5/2019,No
CUST-12447,Female,0,NO,yes,47,one year,Credit card,Fiber optic,Yes,no,No,YES,89.01,4181.68,69,Central,4/19/2017,No
CUST-11454,Female,0,Yes,N,28,Month-to-month,Mailed check,DSL,No,N,Y,YES,55.03,1521.01,32,North,11/30/2021,No
CUST-11442,Female,1,YES,Y,34,month-to-month,Mailed check,Fiber optic,yes,NO,YES,Y,76.46,2605.78,81,West,10/23/2021,No
CUST-12676,Female,0,Y,no,63,Month-to-month,Bank transfer,No,No,No,No,no,32.75,2064.88,24,West,5/27/2017,No
CUST-13249,Male,0,Y,no,7,TWO YEAR,Mailed check,Fiber optic,N,N,no,No,78.51,560.16,31,West,2/10/2018,No
CUST-11517,Female,0,N,No,50,Month-to-month,Electronic check,DSL,N,no,N,N,67.65,3364.48,52,West,7/7/2021,Yes
CUST-11870,Male,0,yes,Y,41,Two year,Mailed check,DSL,yes,Yes,N,Y,65.74,2705.82,27,west,6/6/2018,No
CUST-11747,Female,0,YES,yes,23,One year,Mailed check,DSL,Y,no,no,NO,36.21,829.43,28,EAST,10/19/2021,No
CUST-13529,Female,0,YES,YES,9,Month-to-month,Credit card,DSL,yes,N,No,Yes,50.67,456.01,24,West,10/27/2019,No
CUST-14910,Male,0,no,yes,72,Month-to-month,Mailed check,DSL,yes,Y,YES,YES,64.13,4597.48,55,Central,9/11/2022,No
CUST-10581,Male,0,No,N,63,One year,Bank transfer,DSL,NO,Y,Yes,YES,68.27,4320.95,62, East ,1/9/2021,No
CUST-13060,Male,0,yes,Yes,2,two year,Electronic check,No,No,No,No,Yes,40.76,64.97,38,South,12/6/2017,No
CUST-14306,Male,0,yes,Yes,2,two year,Mailed check,DSL,YES,Yes,No,NO,57.33,99.99,47,East,1/26/2021,Yes
CUST-12819,Male,0,YES,N,34,MONTH-TO-MONTH,Electronic check,Fiber optic,YES,N,NO,NO,96.6,3270.09,50,Central,6/3/2019,No
CUST-14284,Female,0,NO,Yes,11,Two year,Mailed check,Fiber optic,yes,no,No,No,73.49,800.67,39,east,6/2/2019,Yes
CUST-11364,Male,0,YES,no,22,TWO YEAR,Bank transfer,Fiber optic,yes,N,Yes,Y,85.66,1889.27,25,Central,9/14/2018,Yes
CUST-10558,Male,0,no,Yes,32,Month-to-month,Bank transfer,Fiber optic,Y,yes,YES,Yes,83.11,2643.21,21,south,7/1/2017,No
CUST-10515,Female,0,yes,no,20,MONTH-TO-MONTH,Credit card,DSL,N,NO,no,no,66.82,1320.28,20,west,5/26/2022,No
CUST-10652,Female,0,N,yes,10,Month-to-month,Electronic check,Fiber optic,N,Yes,N,Yes,75.87,751.91,55,North,8/22/2023,No
CUST-10321,Male,0,yes,no,30,Month-to-month,Credit card,Fiber optic,yes,yes,NO,Y,98.87,2954.16,68,West,7/11/2018,No
CUST-15905,Male,0,Yes,N,39,month-to-month,Electronic check,Fiber optic,Y,NO,no,YES,77.6,3008.81,38,South,10/31/2021,No
CUST-11723,Male,0,YES,No,9, One year ,Electronic check,Fiber optic,YES,YES,N,YES,66.5,580.26,29,Central,3/15/2019,No
CUST-12264,Male,0,N,Yes,40,One year,Bank transfer,DSL,No,yes,YES,No,50.9,2020.29,52,north,7/17/2019,No
CUST-15959,Male,0,Yes,Yes,60,One year,Electronic check,Fiber optic,N,N,yes,Y,89.29,5349.28,18,EAST,3/30/2023,Yes
CUST-15067,Male,1,No,YES,54,One year,Mailed check,Fiber optic,No,NO,NO,NO,67.81,3660.32,83,East,2/4/2020,No
CUST-14573,Male,1,yes,no,20,month-to-month,Bank transfer,No,No,No,No,no,15.25,315.31,70,East,12/19/2019,Yes
CUST-12632,Female,0,no,No,4,Two year,Bank transfer,DSL,No,YES,YES,no,46.46,187.43,67,south,5/11/2023,No
CUST-10467,Male,0,NO,NO,33,Two year,Mailed check,Fiber optic,NO,No,no,YES,96.27,3177.29,49,EAST,2/2/2022,No
CUST-15873,Female,0,no,yes,8,One year,Credit card,No,No,No,No,YES,23.99,195.66,30,WEST,9/23/2022,Yes
CUST-15487,Male,0,Yes,no,27,one year,Credit card,DSL,YES,YES,Y,No,75.26,2035.35,53,South,10/27/2021,No
CUST-13111,Female,1,no,YES,66,two year,Mailed check,Fiber optic,YES,NO,N,no,77.79,5125.95,79,South,5/4/2021,No
CUST-15337,Female,0,N,Yes,25,Month-to-month,Mailed check,Fiber optic,no,yes,YES,no,81.03,2012.55,26,South,6/30/2017,Yes
CUST-12623,Female,0,Yes,Y,18,Month-to-month,Mailed check,No,No,No,No,Y,33.66,612.85,41,East,3/10/2020,Yes
CUST-11806,Female,1,yes,No,20,month-to-month,Mailed check,Fiber optic,N,N,Yes,no,100.16,1989.02,79,North,2/27/2020,Yes
CUST-10891,Female,0,yes,N,52,Month-to-month,Electronic check,No,No,No,No,N,23.95,1231.44,55,CENTRAL,6/12/2019,Yes
CUST-14932,Male,0,No,no,65,month-to-month,Mailed check,Fiber optic,YES,yes,no,No,81.3,5264.56,39,West,11/3/2021,Yes
CUST-14961,Male,1,NO,yes,55,Month-to-month,Mailed check,DSL,Yes,Yes,No,no,53.11,2914.47,73,Central,11/9/2017,Yes
CUST-14014,Male,0,yes,no,54,Month-to-month,Electronic check,DSL,YES,No,Yes,Y,69.82,3788.4,48, South ,6/23/2020,Yes
CUST-11771,Male,0,N,NO,24,Two year,Electronic check,Fiber optic,YES,N,YES,yes,100.62,2428.77,60,North,12/21/2018,No
CUST-12404,Female,0,No,N,15,Two year,Electronic check,DSL,NO,no,yes,Yes,46.61,707.26,68,East,2/1/2018,No
CUST-14621,Male,1,NO,N,10,One year,Mailed check,DSL,YES,YES,No,N,35.55,344.3,80,north,4/14/2019,No
CUST-11609,Male,0,Y,no,59, One year ,Credit card,DSL,Yes,YES,No,no,48.47,2848.42,46,SOUTH,5/20/2019,No
CUST-11657,Male,1,Y,YES,44,Two year,Bank transfer,DSL,Yes,no,N,YES,43.6,1929.27,80,East,9/28/2019,No
CUST-14720,Female,1,Yes,YES,6,Month-to-month,Bank transfer,DSL,N,NO,yes,N,48.13,303.31,71,West,8/11/2018,Yes
CUST-11502,Male,0,No,Yes,49,Month-to-month,Bank transfer,Fiber optic,YES,No,no,N,72.39,3535.81,36, East ,6/16/2018,Yes
CUST-14559,Female,0,no,yes,67,Month-to-month,Mailed check,DSL,No,NO,NO,YES,42.94,2870.42,33,Central,3/8/2019,No
CUST-12999,Female,0,yes,Yes,30,month-to-month,Electronic check,DSL,Y,yes,Y,No,62.64,1889.21,40,central,9/10/2019,No
CUST-13147,Female,0,No,YES,61, Two year ,Electronic check,No,No,No,No,Yes,23.33,1415.26,67,WEST,8/2/2019,Yes
CUST-15731,Female,0,no,Yes,33,month-to-month,Credit card,No,No,No,No,N,42.94,1430.42,64,central,8/17/2018,Yes
CUST-12188,Male,0,NO,Yes,39,MONTH-TO-MONTH,Credit card,DSL,Yes,no,NO,no,57.74,2233.06,25,east,5/14/2023,Yes
CUST-12785,Female,0,Yes,YES,59,Month-to-month,Mailed check,DSL,no,Y,no,no,69.18,4062.6,24,South,8/27/2022,No
CUST-14751,Male,0,yes,Yes,45,One year,Electronic check,DSL,Y,no,no,No,66.12,2967.65,67,east,11/10/2020,Yes
CUST-15745,Male,0,Y,Y,54,Month-to-month,Bank transfer,Fiber optic,NO,YES,YES,NO,91.33,4923.39,36,west,9/4/2023,No
CUST-13161,Male,0,N,NO,17,month-to-month,Credit card,No,No,No,No,Y,23.32,398.87,67,north,7/17/2023,No
CUST-13694,Female,0,N,N,23,Month-to-month,Electronic check,DSL,yes,N,Y,Yes,63.27,1444.52,65,West,9/14/2019,Yes
CUST-13398,Female,0,YES,no,34,Month-to-month,Electronic check,Fiber optic,N,No,no,No,93.26,3165.62,24,East,6/14/2017,Yes
CUST-14330,Male,0,YES,Yes,40,One year,Bank transfer,DSL,yes,yes,YES,yes,75.3,3023.05,52,NORTH,6/28/2020,No
CUST-15189,Male,1,Y,N,56,One year,Electronic check,Fiber optic,NO,yes,NO,No,79.35,4454.36,81, East ,4/22/2023,No
CUST-14871,Female,1,N,no,27,Month-to-month,Bank transfer,No,No,No,No,yes,36.77,1001.3,78,SOUTH,7/28/2017,No
CUST-10574,Male,0,Yes,NO,47,Month-to-month,Electronic check,Fiber optic,no,YES,NO,no,80.22,3788.33,69,central,6/24/2023,No
CUST-12154,Male,1,No,yes,21,One year,Credit card,Fiber optic,Yes,N,NO,No,78.7,1671.66,85,South,6/20/2018,No
CUST-13939,Female,1,No,NO,37,ONE YEAR,Bank transfer,DSL,No,YES,YES,N,76.37,2810.16,85,South,11/13/2022,No
CUST-14437,Female,0,YES,NO,47,Month-to-month,Credit card,DSL,Y,Y,NO,no,44.39,2100.52,29,south,6/2/2023,No
CUST-10993,Female,1,N,N,42,ONE YEAR,Bank transfer,No,No,No,No,YES,30.36,1273.07,71,North,5/18/2020,No
CUST-10705,Male,0,no,Yes,33,Month-to-month,Bank transfer,DSL,yes,Yes,no,N,52.04,1717.36,41,West,5/15/2019,No
CUST-11393,Female,1,YES,NO,25,Month-to-month,Electronic check,DSL,Y,NO,yes,no,51.72,1282.98,72, North ,8/12/2021,No
CUST-13323,Male,0,YES,yes,62,Month-to-month,Mailed check,No,No,No,No,yes,21.21,1320.99,37,South,1/29/2020,No
CUST-10542,Female,0,N,No,54,One year,Bank transfer,No,No,No,No,No,23.3,1276.71,66,north,12/12/2022,No
CUST-11407,Male,0,YES,NO,43,month-to-month,Mailed check,No,No,No,No,Yes,35.1,1516.01,56,South,10/19/2020,Yes
CUST-15510,Male,1,no,no,2,Month-to-month,Credit card,Fiber optic,no,N,No,NO,73.95,147.91,70,Central,2/24/2021,Yes
CUST-14953,Female,0,YES,yes,40,One year,Credit card,DSL,N,No,YES,Y,45.63,1810.64,51,EAST,5/10/2022,No
CUST-13408,Male,0,Y,No,34,Month-to-month,Electronic check,No,No,No,No,Y,40.47,1357.39,42,NORTH,2/20/2019,No
CUST-15606,Female,0,Y,YES,23,Two year,Electronic check,DSL,YES,yes,no,Y,43.46,995.17,30,East,6/10/2019,No
CUST-13405,Male,0,N,no,26,Month-to-month,Mailed check,No,No,No,No,yes,41.81,1076.73,35,EAST,10/21/2023,Yes
CUST-15248,Female,0,Yes,NO,3,ONE YEAR,Credit card,No,No,No,No,no,12.31,37.54,60,Central,9/29/2023,No
CUST-13335,Female,1,No,yes,1,MONTH-TO-MONTH,Credit card,DSL,no,YES,NO,No,49.12,62.73,80,Central,3/23/2017,No
CUST-12639,Male,0,no,Y,24,Month-to-month,Mailed check,DSL,Yes,yes,Yes,YES,47.13,1129.76,40,South,10/21/2020,No
CUST-12630,Male,0,N,YES,58,ONE YEAR,Credit card,DSL,Yes,N,no,no,63.72,3683.04,38,CENTRAL,10/19/2019,No
CUST-14931,Female,0,NO,no,61,MONTH-TO-MONTH,Electronic check,Fiber optic,N,N,YES,Yes,83.51,5099.86,40,Central,7/30/2023,Yes
CUST-12616,Female,0,Y,N,56,Month-to-month,Mailed check,DSL,No,yes,no,NO,54.03,3020.34,46,west,6/3/2020,No
CUST-15399,Female,0,Y,NO,69,Month-to-month,Electronic check,Fiber optic,yes,Y,no,yes,96.25,6643.19,65,East,12/1/2017,Yes
CUST-10140,Female,0,No,No,1,Two year,Mailed check,DSL,NO,No,YES,Y,59.01,57.27,42,SOUTH,7/23/2018,No
CUST-10781,Female,0,NO,No,63,MONTH-TO-MONTH,Mailed check,Fiber optic,No,Yes,YES,Yes,109.41,6878.62,32,south,7/15/2020,No
CUST-12905,Female,0,NO,Yes,66,One year,Credit card,Fiber optic,Yes,N,no,no,93.82,6207.93,45,east,2/27/2019,No
CUST-12131,Male,0,no,yes,13,Month-to-month,Bank transfer,No,No,No,No,YES,29.28,381.23,64,West,10/20/2017,No
CUST-15910,Male,1,No,Yes,31,Month-to-month,Mailed check,Fiber optic,N,No,Yes,N,80.67,2483.42,76,South,6/20/2018,Yes
CUST-10664,Female,0,N,no,50,one year,Credit card,DSL,NO,No,YES,No,48.87,2448.05,64,West,3/15/2017,Yes
CUST-11607,Male,0,No,YES,60,One year,Electronic check,Fiber optic,NO,YES,NO,no,99.79,5976.32,31,West,12/11/2020,No
CUST-10540,Female,1,N,YES,52,one year,Electronic check,DSL,no,no,No,Yes,59.32,3076.9,82,North,7/10/2020,No
CUST-12495,Female,0,No,Y,57,MONTH-TO-MONTH,Bank transfer,No,No,No,No,yes,20.97,1198.56,30,central,3/25/2018,Yes
CUST-15319,Female,0,N,yes,60,One year,Bank transfer,DSL,no,N,N,YES,46.31,2792.28,61,Central,12/21/2019,No
CUST-15871,Female,0,NO,N,58,month-to-month,Electronic check,DSL,Yes,N,NO,Y,49.8,2876.79,44,Central,6/19/2017,No
CUST-10887,Male,0,yes,NO,66,Two year,Bank transfer,DSL,yes,no,Y,YES,70.29,4634.21,57,west,10/12/2020,No
CUST-13477,Female,1,yes,YES,39,Month-to-month,Bank transfer,No,No,No,No,no,25.43,995.52,80,West,8/11/2018,No
CUST-10533,Male,0,NO,no,38,Month-to-month,Electronic check,Fiber optic,YES,Yes,yes,NO,82.22,3142.23,42,South,4/1/2020,Yes
CUST-12882,Male,0,N,Yes,63,Two year,Bank transfer,DSL,YES,No,Y,Y,66.08,4175.49,36,West,7/29/2023,No
CUST-14739,Male,0,NO,N,16,Month-to-month,Electronic check,DSL,no,Yes,Yes,N,59.98,968.31,23,South,6/1/2017,No
CUST-14709,Female,0,N,N,1, Month-to-month ,Mailed check,DSL,Yes,N,no,yes,38.9,29.36,53,NORTH,10/18/2017,Yes
CUST-10784,Female,0,Y,No,64,Month-to-month,Bank transfer,Fiber optic,yes,Yes,No,N,75.21,4827.29,26,West,12/16/2022,Yes
CUST-13359,Female,0,yes,no,72,Two year,Bank transfer,DSL,NO,yes,YES,no,46.45,3339.6,63,South,3/30/2020,No
CUST-11903,Female,0,YES,yes,22, Month-to-month ,Credit card,Fiber optic,yes,N,YES,YES,79.48,1763.01,67,West,4/4/2017,Yes
CUST-14587,Female,0,No,Y,3,MONTH-TO-MONTH,Electronic check,No,No,No,No,N,36.46,110.88,55,North,10/4/2019,Yes
CUST-10977,Male,1,yes,NO,44,Month-to-month,Electronic check,DSL,No,No,NO,Y,58.29,2581.69,81,West,11/29/2019,No
CUST-12109,Female,0,yes,YES,25, Month-to-month ,Bank transfer,Fiber optic,N,Y,N,Yes,72.37,1792.7,50,East,12/14/2021,Yes
CUST-11016,Female,0,YES,no,16,Two year,Credit card,No,No,No,No,No,40.16,624.03,47,NORTH,8/6/2023,No
CUST-13004,Male,0,N,NO,19,Two year,Bank transfer,Fiber optic,YES,Y,No,NO,68.19,1295.73,54,Central,9/21/2020,No
CUST-12775,Male,0,NO,YES,35,month-to-month,Mailed check,DSL,Yes,No,NO,No,41.92,1448.86,45,East,10/2/2019,Yes
CUST-15954,Male,0,yes,No,30,Month-to-month,Bank transfer,No,No,No,No,Y,29.23,892.23,41, South ,4/8/2017,No
CUST-12593,Male,1,no,Y,35,TWO YEAR,Bank transfer,DSL,no,no,N,no,40.52,1414.65,84,South,3/19/2023,No
CUST-13279,Male,0,Y,No,72,One year,Bank transfer,No,No,No,No,yes,32.29,2329.92,35,North,9/25/2020,No
CUST-14568,Male,0,NO,Y,57,Two year,Electronic check,Fiber optic,N,No,Yes,yes,93.86,5354.02,22,Central,12/20/2019,No
CUST-15020,Female,0,N,Yes,46,two year,Bank transfer,DSL,NO,Yes,yes,yes,66.88,3087.94,44,Central,12/24/2022,No
CUST-12777,Male,0,no,Y,12,month-to-month,Bank transfer,Fiber optic,Yes,Y,no,Yes,84.61,1015.61,23,WEST,6/27/2021,No
CUST-13572,Male,0,yes,Y,46,Month-to-month,Mailed check,DSL,Yes,no,no,N,42.9,1956.23,65, South ,9/18/2020,Yes
CUST-15836,Male,0,no,No,6,Month-to-month,Mailed check,Fiber optic,No,N,yes,N,84.27,486.99,42,Central,4/25/2022,Yes
CUST-15315,Female,0,YES,YES,53,month-to-month,Bank transfer,Fiber optic,Yes,YES,NO,Yes,98.49,5206.37,28,East,7/13/2018,No
CUST-11467,Male,1,Y,Yes,53,month-to-month,Bank transfer,Fiber optic,no,NO,yes,no,84.72,4509.92,79,south,2/25/2021,Yes
CUST-12624,Male,0,Yes,YES,53,Two year,Bank transfer,Fiber optic,YES,YES,yes,no,106.02,5617.04,18,south,8/3/2018,No
CUST-13307,Male,0,No,N,31,Month-to-month,Credit card,Fiber optic,Y,yes,Y,NO,108.58,3376.87,47,NORTH,9/28/2023,No
CUST-15163,Female,0,Y,no,24,Two year,Bank transfer,DSL,N,YES,No,yes,46.61,1126.31,21,North,9/2/2018,No
CUST-15408,Female,0,yes,yes,63,One year,Electronic check,Fiber optic,No,Yes,yes,No,95.53,6023.32,41,north,4/16/2019,No
CUST-11795,Female,1,No,No,8,Month-to-month,Bank transfer,DSL,NO,no,YES,NO,63.97,499.92,82,North,8/22/2023,No
CUST-15989,Male,0,no,NO,72,Two year,Credit card,Fiber optic,Y,no,Yes,NO,94.46,6801.86,32,South,5/23/2023,No
CUST-13706,Female,0,Yes,no,60,Month-to-month,Electronic check,Fiber optic,Y,no,N,YES,74.92,4510.61,53,West,7/18/2020,Yes
CUST-15557,Female,0,NO,Yes,33,Month-to-month,Mailed check,Fiber optic,no,NO,no,YES,75.7,2488.89,59,North,4/11/2020,Yes
CUST-11074,Female,0,No,NO,23,Month-to-month,Credit card,No,No,No,No,no,23.49,534.1,23,north,2/13/2018,Yes
CUST-13607,Female,1,Y,no,72,Month-to-month,Bank transfer,DSL,No,N,Y,NO,58.75,4213.31,84,East,1/8/2021,Yes
CUST-11243,Female,0,No,Y,59,MONTH-TO-MONTH,Bank transfer,No,No,No,No,yes,41.82,2457.32,44,Central,4/22/2018,Yes
CUST-11192,Female,0,NO,YES,71,Month-to-month,Electronic check,DSL,no,Y,no,Y,50.21,3553.59,34,west,6/20/2022,No
CUST-10470,Female,0,No,Y,41,One year,Mailed check,No,No,No,No,N,39.97,1623.04,33,Central,2/13/2022,No
CUST-11004,Male,1,NO,yes,38,One year,Mailed check,No,No,No,No,Y,22.98,890.8,82,North,1/11/2019,No
CUST-12420,Female,1,N,Yes,18,Month-to-month,Bank transfer,No,No,No,No,No,17.99,317.75,84, South ,6/16/2022,Yes
CUST-10557,Male,0,No,YES,46,Month-to-month,Credit card,Fiber optic,Y,YES,YES,YES,91.75,4207.24,55,North,2/13/2018,No
CUST-15465,Male,0,yes,Yes,58,Two year,Credit card,DSL,No,NO,YES,yes,75.37,4380.39,45,Central,7/27/2017,No
CUST-13108,Male,0,yes,No,26,One year,Electronic check,No,No,No,No,N,28.4,751.54,49,Central,8/25/2018,Yes
CUST-13513,Female,0,no,Yes,33,Month-to-month,Mailed check,Fiber optic,No,Yes,yes,Yes,109.31,3600.82,28,west,5/10/2023,No
CUST-14389,Female,0,no,Y,48,Month-to-month,Credit card,No,No,No,No,No,16.1,763.05,59,north,8/22/2020,Yes
CUST-11788,Female,1,no,No,72,month-to-month,Credit card,DSL,No,Yes,Y,no,73.93,5307.64,73,South,7/14/2019,Yes
CUST-13711,Female,0,yes,YES,17,Month-to-month,Electronic check,Fiber optic,No,Yes,N,N,82.87,1391.3,37, Central ,11/7/2019,Yes
CUST-12662,Female,0,no,Yes,69,Month-to-month,Bank transfer,Fiber optic,NO,yes,Y,YES,78.94,5440.73,47,Central,9/11/2017,Yes
CUST-13801,Male,0,no,yes,38,Month-to-month,Credit card,Fiber optic,yes,YES,yes,Y,84.26,3187.76,18,Central,5/6/2023,Yes
CUST-10592,Male,0,no,NO,0,month-to-month,Bank transfer,No,No,No,No,no,10.94,,24,South,7/5/2017,Yes
CUST-12470,Male,0,NO,yes,32,Month-to-month,Credit card,Fiber optic,yes,YES,NO,no,79.57,2532.73,20,East,3/31/2023,No
CUST-12278,Female,0,NO,No,34,Month-to-month,Mailed check,DSL,Yes,N,NO,NO,45.91,1572.87,60,WEST,9/6/2018,Yes
CUST-10913,Female,0,Y,NO,28, Month-to-month ,Bank transfer,DSL,NO,N,YES,NO,52.29,1467.34,62,Central,5/7/2019,No
CUST-10988,Female,0,Y,YES,10,One year,Electronic check,Fiber optic,NO,YES,Y,Y,87.04,865.98,25,north,3/11/2017,No
CUST-15467,Female,0,Yes,No,66,ONE YEAR,Credit card,No,No,No,No,no,18.51,1219.36,47,North,6/19/2023,Yes
CUST-11355,Female,1,yes,yes,23,TWO YEAR,Mailed check,DSL,NO,YES,no,yes,43.04,985.78,71, West ,11/9/2020,Yes
CUST-12283,Male,1,YES,No,37,Month-to-month,Electronic check,No,No,No,No,no,19.78,726.96,71,Central,1/23/2020,Yes
CUST-11328,Female,0,NO,Yes,36,one year,Mailed check,DSL,no,NO,NO,NO,66.73,2388.13,49,East,8/4/2019,No
CUST-10800,Female,0,NO,N,67,month-to-month,Bank transfer,No,No,No,No,No,17.21,1150.57,32,North,2/18/2020,No
CUST-14191,Female,0,YES,Y,47,One year,Credit card,DSL,no,YES,No,Yes,66.86,3128.14,65, Central ,12/29/2021,No
CUST-15474,Female,0,no,Y,34,Month-to-month,Credit card,Fiber optic,YES,yes,no,yes,98.83,3365.42,55,West,6/28/2017,Yes
CUST-11026,Male,0,Yes,N,48,One year,Electronic check,DSL,no,YES,Yes,yes,59.61,2861.42,26,West,3/20/2022,No
CUST-10436,Male,0,Y,NO,47,One year,Credit card,No,No,No,No,no,12.71,583.47,64,NORTH,6/29/2021,No
CUST-12088,Female,0,YES,No,57,Two year,Bank transfer,DSL,Y,Yes,yes,NO,66.29,3793.8,38,East,5/7/2018,No
CUST-14643,Female,0,Yes,N,58,month-to-month,Bank transfer,DSL,No,Y,yes,Yes,76.7,4452.56,41,East,9/13/2022,No
CUST-11277,Male,0,YES,Y,39,Month-to-month,Credit card,Fiber optic,NO,Yes,no,YES,95.29,3732.37,25,Central,8/16/2021,Yes
CUST-12824,Female,0,No,N,6, Two year ,Mailed check,Fiber optic,YES,NO,N,Yes,97.78,587.91,22,South,4/19/2019,No
CUST-10720,Male,0,no,NO,15,One year,Bank transfer,DSL,No,Y,Yes,NO,68.24,1012.77,64,East,8/11/2018,No
CUST-14511,Female,0,NO,No,34,Month-to-month,Credit card,Fiber optic,YES,Yes,yes,no,107.67,3643.21,31,West,12/28/2020,Yes
CUST-11577,Female,0,no,NO,46,MONTH-TO-MONTH,Electronic check,Fiber optic,Y,Yes,Y,Yes,96.14,4408.81,29,north,9/18/2017,Yes
CUST-13240,Female,0,NO,NO,25,month-to-month,Credit card,Fiber optic,Y,Y,N,No,90.21,2256.39,46,NORTH,5/10/2018,Yes
CUST-10338,Female,0,no,Yes,31,month-to-month,Bank transfer,Fiber optic,Y,NO,no,No,73.3,2259.82,37,South,7/4/2021,No
CUST-12496,Female,0,N,YES,29,Month-to-month,Electronic check,DSL,no,N,no,Y,49.26,1446.67,67,West,6/18/2021,No
CUST-15787,Female,1,yes,YES,34,Month-to-month,Mailed check,Fiber optic,Y,no,no,Yes,79.6,2718.98,72, South ,10/29/2020,No
CUST-12162,Male,0,Y,no,46,Month-to-month,Mailed check,Fiber optic,no,no,N,no,95.31,4377.75,45,South,8/2/2021,Yes
CUST-12834,Male,0,NO,no,25,TWO YEAR,Bank transfer,No,No,No,No,YES,40.24,995.73,64,East,2/12/2018,Yes
CUST-14729,Female,1,Yes,No,2,One year,Electronic check,Fiber optic,Yes,yes,NO,yes,68.7,152.24,71,Central,5/10/2019,No
CUST-15666,Female,0,no,No,67,Month-to-month,Credit card,DSL,no,YES,no,NO,39.67,2646.1,18,South,4/28/2018,Yes
CUST-11664,Male,1,No,Yes,29,Month-to-month,Mailed check,DSL,Yes,Y,yes,no,64.63,1893.22,73,West,8/21/2021,No
CUST-11977,Male,0,Yes,no,43,Two year,Electronic check,DSL,N,no,yes,NO,48.46,2102.83,28,West,5/1/2019,No
CUST-13044,Female,1,No,N,0,month-to-month,Electronic check,No,No,No,No,NO,39.32,,83,NORTH,9/8/2019,Yes
CUST-10481,Female,0,Yes,Y,59,two year,Credit card,DSL,No,Y,NO,YES,68.49,4047.65,24,central,7/24/2018,No
CUST-10306,Female,0,Y,No,26, Month-to-month ,Mailed check,Fiber optic,yes,Y,NO,Yes,69.7,1795.56,46,West,2/6/2018,No
CUST-13206,Female,0,YES,YES,17,Two year,Bank transfer,DSL,Y,no,No,No,67.55,1136.73,62,North,5/12/2020,No
CUST-11837,Male,0,yes,YES,12,Month-to-month,Mailed check,Fiber optic,yes,NO,yes,Y,78.54,934.42,31,West,4/20/2020,Yes
CUST-12169,Male,0,NO,No,34,One year,Bank transfer,Fiber optic,yes,Y,Yes,Yes,86.09,2910.2,63,NORTH,1/11/2020,No
CUST-13389,Female,0,YES,no,31,MONTH-TO-MONTH,Mailed check,DSL,YES,yes,Yes,Y,76.76,2392.22,37,CENTRAL,3/31/2017,Yes
CUST-12209,Female,0,yes,Yes,22,Two year,Mailed check,Fiber optic,YES,YES,No,no,65.34,1438.74,41,West,10/15/2021,No
CUST-14816,Male,0,yes,NO,48,TWO YEAR,Mailed check,DSL,no,Yes,no,YES,47.2,2250.17,30,North,7/7/2023,No
CUST-14253,Male,0,Y,Y,1,ONE YEAR,Electronic check,Fiber optic,Y,No,Yes,Y,87.84,89.36,47,SOUTH,4/28/2020,No
CUST-15480,Male,0,YES,No,17,Month-to-month,Electronic check,Fiber optic,YES,Yes,Y,Yes,90.64,1535.99,59,Central,8/14/2022,Yes
CUST-11180,Female,1,YES,No,41,two year,Credit card,DSL,no,Yes,YES,Yes,47.44,1941.51,78,East,9/15/2023,No
CUST-12260,Female,0,No,yes,54,TWO YEAR,Mailed check,DSL,N,YES,No,No,49.25,2661.56,29,north,10/13/2018,No
CUST-10474,Female,0,No,No,71,One year,Mailed check,No,No,No,No,No,30.09,2135.13,59,West,10/12/2021,No
CUST-12090,Female,0,N,Y,27, Two year ,Electronic check,Fiber optic,Y,yes,NO,yes,68.63,1872.09,38,West,7/12/2018,No
CUST-13096,Male,0,no,Yes,39,one year,Electronic check,Fiber optic,Yes,yes,no,yes,80.13,3135.57,64,central,8/8/2022,No
CUST-10538,Male,1,Y,NO,18,Two year,Credit card,Fiber optic,Y,YES,NO,N,80.78,1455.61,75,South,6/10/2023,No
CUST-10486,Female,0,Y,Y,60,month-to-month,Mailed check,Fiber optic,Yes,YES,Yes,Y,79.91,4793.84,28,West,3/14/2021,Yes
CUST-13118,Male,0,Y,Yes,19,MONTH-TO-MONTH,Credit card,Fiber optic,yes,Y,No,NO,72.01,1379.06,26, West ,2/10/2021,No
CUST-10923,Female,0,no,No,4,Two year,Credit card,DSL,N,YES,yes,YES,75.69,285.81,33,North,12/30/2022,Yes
CUST-10737,Male,0,YES,no,68,Two year,Credit card,DSL,no,Yes,YES,NO,58.48,3986.97,36,South,1/23/2021,No
CUST-12852,Female,0,yes,No,11,Month-to-month,Electronic check,DSL,Yes,Yes,No,yes,54.86,594.35,66,South,9/4/2017,Yes
CUST-11434,Male,0,Yes,NO,19,Two year,Mailed check,Fiber optic,No,Yes,No,no,86.58,1640.01,28,East,3/9/2021,Yes
CUST-10547,Male,0,no,yes,61,two year,Mailed check,Fiber optic,yes,Y,No,yes,95.02,5782.04,66,North,2/27/2023,No
CUST-11077,Female,0,YES,No,28,month-to-month,Mailed check,DSL,NO,No,NO,yes,38.81,1095.11,66,East,10/5/2018,Yes
CUST-10786,Male,0,No,no,0,MONTH-TO-MONTH,Electronic check,Fiber optic,YES,N,Yes,No,93.07,,54,North,7/19/2017,Yes
CUST-11056,Male,0,Yes,no,8,ONE YEAR,Credit card,Fiber optic,NO,N,no,Y,85,697.17,19,East,9/30/2017,No
CUST-10753,Female,0,NO,Yes,65,Month-to-month,Bank transfer,DSL,YES,NO,Yes,NO,72.17,4692.4,34,South,9/1/2020,No
CUST-13457,Male,1,NO,Yes,41, One year ,Bank transfer,DSL,No,Yes,Y,N,77.27,3184.56,84,south,3/3/2021,No
CUST-10162,Male,0,No,Y,16,Month-to-month,Mailed check,Fiber optic,N,No,Yes,No,78.26,1258.54,56,West,11/15/2017,No
CUST-10276,Female,0,No,YES,70,month-to-month,Credit card,No,No,No,No,YES,25.69,1795.75,28,west,9/9/2020,Yes
CUST-11583,Male,0,no,Y,1,Month-to-month,Electronic check,DSL,YES,yes,Yes,Yes,76.4,61.13,57, West ,10/20/2017,Yes
CUST-15629,Female,0,no,yes,66,Month-to-month,Electronic check,No,No,No,No,no,42.36,2783.4,45,West,9/28/2021,No
CUST-15721,Female,1,no,yes,19,MONTH-TO-MONTH,Mailed check,Fiber optic,no,Yes,YES,Yes,80.16,1513.95,74,East,5/21/2021,Yes
CUST-14201,Female,1,NO,No,7,one year,Credit card,No,No,No,No,YES,16.33,95.85,80,North,9/26/2020,Yes
CUST-15201,Female,0,no,YES,14,One year,Bank transfer,Fiber optic,No,No,No,NO,89.19,1254.73,58,South,7/8/2023,No
CUST-14542,Male,1,no,yes,42,Month-to-month,Mailed check,Fiber optic,yes,N,yes,No,82.92,3485.92,80,west,7/1/2022,Yes
CUST-13184,Male,0,No,yes,61,MONTH-TO-MONTH,Electronic check,DSL,N,N,N,YES,55.94,3421.87,37,South,5/28/2018,Yes
CUST-12156,Male,0,No,Y,37,Month-to-month,Electronic check,Fiber optic,Y,Yes,YES,yes,78.33,2883.49,31,south,6/4/2021,Yes
CUST-11300,Male,0,No,N,20,Two year,Electronic check,No,No,No,No,NO,37.35,750.26,34,CENTRAL,8/17/2023,No
CUST-10950,Male,0,Yes,Yes,34,Month-to-month,Bank transfer,Fiber optic,NO,yes,no,No,74.61,2542.57,48,north,6/10/2020,Yes
CUST-15926,Male,0,YES,YES,18,month-to-month,Bank transfer,Fiber optic,YES,Yes,No,Yes,68.53,1231.99,46,West,7/31/2020,No
CUST-11334,Male,0,No,N,39,Two year,Bank transfer,DSL,No,N,Y,Yes,76.73,3008.15,63,east,6/5/2018,No
CUST-14217,Female,1,N,Yes,48,TWO YEAR,Mailed check,Fiber optic,Yes,yes,yes,no,98.73,4741.55,73,East,1/8/2022,No
CUST-10074,Female,0,Yes,No,29,MONTH-TO-MONTH,Electronic check,No,No,No,No,yes,42.69,1219.46,43,East,5/13/2018,No
CUST-15674,Female,0,No,No,3,MONTH-TO-MONTH,Electronic check,No,No,No,No,Yes,22.08,55.06,26,WEST,7/22/2023,Yes
CUST-11456,Female,0,YES,Y,1,Two year,Bank transfer,Fiber optic,No,yes,NO,Y,83.61,99.19,35,East,9/4/2020,No
CUST-11398,Male,0,NO,N,61,Two year,Electronic check,No,No,No,No,YES,34.54,2103.87,61,EAST,2/19/2021,Yes
CUST-14323,Male,0,YES,NO,21,Month-to-month,Mailed check,No,No,No,No,YES,18.46,376.34,19,central,9/7/2021,No
CUST-10253,Female,1,No,Y,48,One year,Bank transfer,Fiber optic,Yes,Yes,YES,Yes,101.78,4890.45,82,West,10/30/2022,No
CUST-14684,Female,1,yes,yes,29,Two year,Credit card,Fiber optic,No,No,No,Yes,68.19,1970.91,83,North,6/27/2018,No
CUST-10275,Male,0,N,N,2,Two year,Mailed check,DSL,N,Yes,Y,N,70.8,145.43,53,Central,8/28/2020,No
CUST-11897,Male,1,Yes,No,15,TWO YEAR,Electronic check,Fiber optic,No,no,No,Y,97.06,1453.35,85,East,3/12/2023,No
CUST-11955,Female,0,N,NO,3,Two year,Electronic check,No,No,No,No,NO,34.37,100.24,49,West,11/21/2017,Yes
CUST-12247,Male,0,Yes,no,18,One year,Electronic check,DSL,yes,NO,NO,Y,46.18,844.6,36,east,12/8/2019,No
CUST-15008,Male,0,N,YES,64,month-to-month,Credit card,DSL,Y,NO,yes,NO,65.38,4197.32,41,Central,2/21/2021,No
CUST-13651,Male,0,NO,N,3,Two year,Mailed check,DSL,No,N,No,Y,46.4,138.36,68,East,9/18/2021,Yes
CUST-13588,Male,0,No,YES,33,Month-to-month,Credit card,DSL,YES,YES,no,YES,64.6,2146.89,44,Central,12/26/2021,Yes
CUST-15396,Male,0,Yes,N,42,Month-to-month,Mailed check,DSL,Y,No,Y,no,51.29,2160.65,68,Central,5/8/2018,No
CUST-13510,Female,0,yes,Y,67,two year,Bank transfer,Fiber optic,NO,Y,No,Yes,79.39,5308.44,58,Central,10/27/2023,Yes
CUST-15761,Female,0,Y,YES,16,ONE YEAR,Electronic check,DSL,Y,No,No,no,43.33,696.67,59,east,5/6/2020,No
CUST-10309,Male,0,Y,N,43,Two year,Bank transfer,No,No,No,No,Y,17.34,743.62,53, South ,8/1/2023,No
CUST-12273,Male,0,N,Y,66,MONTH-TO-MONTH,Mailed check,Fiber optic,No,No,Y,N,80.53,5313.33,41,West,3/10/2019,No
CUST-10777,Female,0,Y,NO,12,One year,Mailed check,DSL,no,No,Y,NO,48.46,586.89,27,WEST,4/21/2022,No
CUST-10000,Male,0,no,Yes,69,Month-to-month,Credit card,DSL,yes,No,N,YES,63.33,4350.03,69,south,2/17/2022,Yes
CUST-14899,Female,0,yes,N,55,ONE YEAR,Mailed check,DSL,YES,Yes,No,no,44.4,2458.94,54,Central,5/17/2021,No
CUST-14467,Male,1,YES,yes,37,Month-to-month,Mailed check,Fiber optic,no,Y,YES,YES,108.01,4001.72,71,north,4/17/2018,Yes
CUST-14675,Female,0,Y,NO,5,Month-to-month,Credit card,Fiber optic,YES,Yes,Yes,NO,96.29,492.86,25,West,3/27/2023,No
CUST-15129,Female,0,N,No,39,One year,Electronic check,Fiber optic,N,no,Y,YES,108.88,4241.73,47,south,8/18/2020,No
CUST-13673,Female,0,YES,no,18,One year,Credit card,DSL,Yes,no,no,no,52.82,961.36,35,West,9/8/2022,No
CUST-12606,Female,0,Yes,Y,70,One year,Electronic check,DSL,YES,N,YES,no,52.71,3693.68,44,north,4/18/2022,No
CUST-11425,Female,0,YES,NO,60,Two year,Mailed check,Fiber optic,No,no,NO,no,81.24,4869.5,60,South,1/11/2018,No
CUST-13098,Male,0,NO,no,38,One year,Mailed check,DSL,No,N,YES,N,58.19,2213.72,46, West ,9/24/2021,No
CUST-13843,Male,0,YES,Y,6,Two year,Electronic check,DSL,No,Y,N,Y,69.67,426.33,37,NORTH,6/8/2021,No
CUST-10762,Female,1,no,yes,53,Month-to-month,Electronic check,Fiber optic,yes,Yes,no,No,77.34,4085.98,85,west,9/19/2021,No
CUST-12132,Female,0,yes,no,61,Month-to-month,Mailed check,No,No,No,No,Y,17.37,1062.69,58,West,6/26/2023,Yes
CUST-14222,Male,0,yes,Yes,7, Month-to-month ,Electronic check,Fiber optic,No,NO,no,N,87.15,604.92,40,South,6/13/2018,No
CUST-13621,Male,0,no,Y,0,Two year,Electronic check,Fiber optic,yes,yes,Yes,YES,100.63,,48,North,1/3/2018,No
CUST-15812,Male,0,yes,yes,66,MONTH-TO-MONTH,Bank transfer,DSL,N,N,Yes,NO,63.74,4205.14,22,North,9/25/2020,No
CUST-15332,Female,0,yes,no,23,Two year,Electronic check,Fiber optic,N,No,NO,N,96.96,2221.39,27,South,9/12/2022,Yes
CUST-12406,Male,0,YES,No,24,one year,Bank transfer,Fiber optic,no,yes,YES,YES,90.63,2159.3,69, South ,12/28/2017,No
CUST-14913,Female,1,YES,yes,55,One year,Bank transfer,DSL,Yes,YES,Yes,NO,57.53,3147.51,83,South,8/3/2022,No
CUST-11428,Male,0,No,NO,51,Month-to-month,Mailed check,No,No,No,No,yes,25.09,1267.22,60,West,7/10/2020,Yes
CUST-15730,Female,0,yes,No,63,TWO YEAR,Bank transfer,No,No,No,No,NO,26.44,1674.5,21,north,6/25/2018,No
CUST-11354,Male,1,Y,Y,45,One year,Bank transfer,No,No,No,No,Y,10.44,481.23,77,South,6/19/2021,No
CUST-14992,Male,1,Yes,NO,37,Month-to-month,Electronic check,DSL,no,no,N,YES,53.41,1958.18,80,West,2/3/2018,No
CUST-11841,Male,0,YES,N,57,month-to-month,Credit card,Fiber optic,Yes,Y,yes,Yes,97.57,5577.04,53,Central,11/6/2018,No
CUST-10263,Female,0,yes,YES,36,Month-to-month,Credit card,Fiber optic,Y,no,Yes,no,106.74,3861.61,30,West,12/25/2020,Yes
CUST-11597,Male,0,YES,Y,17,MONTH-TO-MONTH,Credit card,Fiber optic,Y,yes,YES,NO,80.24,1357.44,68,South,3/10/2019,Yes
CUST-13634,Male,0,No,YES,8,Month-to-month,Bank transfer,No,No,No,No,yes,21.52,152.97,56,north,11/24/2019,No
CUST-11448,Male,0,NO,Yes,34,One year,Electronic check,DSL,NO,Y,Yes,Yes,46.78,1587.43,67,west,6/20/2023,No
CUST-13657,Male,0,Y,YES,16,TWO YEAR,Electronic check,DSL,N,Yes,No,no,68.67,1091.39,35,Central,12/13/2020,No
CUST-13563,Female,0,Y,N,64,Month-to-month,Mailed check,Fiber optic,yes,no,No,yes,86.96,5551.77,63,South,6/28/2021,No
CUST-14280,Male,0,NO,YES,72,One year,Electronic check,DSL,Y,Y,no,no,38.74,2776.87,25,west,11/6/2021,No
CUST-11721,Female,0,yes,yes,49,Month-to-month,Credit card,Fiber optic,YES,Yes,yes,no,107.91,5281.97,51,South,4/7/2018,No
CUST-12608,Female,0,Yes,no,44,One year,Mailed check,Fiber optic,N,No,no,no,93.92,4118.69,33,West,11/24/2023,Yes
CUST-12561,Female,0,no,yes,64,Two year,Credit card,Fiber optic,No,No,Y,Y,88.56,5679.76,67,North,3/13/2017,No
CUST-13993,Male,0,Y,YES,48,Month-to-month,Electronic check,DSL,yes,Y,YES,NO,49.02,2353.36,23,SOUTH,10/25/2021,Yes
CUST-15326,Female,0,yes,Y,70,Month-to-month,Credit card,No,No,No,No,N,10.6,744.91,66, North ,11/24/2018,Yes
CUST-11558,Female,0,no,yes,62,Month-to-month,Bank transfer,No,No,No,No,NO,21.78,1343.83,60,west,8/11/2018,No
CUST-10512,Female,0,Y,yes,31,month-to-month,Mailed check,Fiber optic,NO,N,YES,yes,91.46,2836.97,46,Central,7/20/2020,No
CUST-12350,Female,0,no,Yes,63,Month-to-month,Electronic check,DSL,YES,yes,Y,no,48.08,3035.61,27,North,8/9/2022,No
CUST-11172,Male,0,No,Yes,40, One year ,Credit card,No,No,No,No,no,36.59,1466.53,42,WEST,8/12/2021,No
CUST-12494,Male,0,YES,No,61,two year,Mailed check,No,No,No,No,NO,43.26,2650.22,30,south,11/23/2020,No
CUST-11888,Female,0,NO,Y,49,One year,Mailed check,DSL,N,Y,Y,NO,73.17,3605.13,39,South,1/21/2022,No
CUST-12607,Female,0,no,yes,68,Two year,Mailed check,DSL,Yes,Y,YES,No,70.87,4822.54,34,north,8/2/2022,No
CUST-12163,Male,0,No,Y,32,MONTH-TO-MONTH,Bank transfer,No,No,No,No,no,28.56,925.68,38,East,8/11/2020,Yes
CUST-12396,Male,1,N,No,20,Month-to-month,Mailed check,Fiber optic,Yes,NO,YES,N,81.27,1627.09,81,Central,4/2/2018,Yes
CUST-15244,Female,0,No,N,13, Month-to-month ,Electronic check,DSL,No,YES,N,yes,49.07,657.49,41,East,12/10/2022,No
CUST-15227,Female,0,No,No,6,One year,Mailed check,Fiber optic,yes,Yes,Y,N,90.37,532.74,53,North,10/23/2020,No
CUST-15285,Male,0,No,Yes,68,ONE YEAR,Electronic check,DSL,Y,NO,yes,YES,72.82,4949.49,48,West,4/18/2019,No
CUST-15206,Male,0,no,N,25,one year,Bank transfer,DSL,no,Y,No,N,39.48,1001.95,28,North,5/15/2018,No
CUST-14687,Female,0,No,yes,20,MONTH-TO-MONTH,Mailed check,Fiber optic,no,No,no,No,82.14,1644.75,18,West,3/27/2020,Yes
CUST-10307,Female,0,YES,NO,34,Month-to-month,Mailed check,Fiber optic,Yes,Yes,Yes,no,78.44,2649.81,20,east,10/18/2017,Yes
CUST-13009,Male,0,yes,YES,10,One year,Credit card,Fiber optic,yes,Yes,YES,N,101.99,1002.68,40,South,1/28/2020,Yes
CUST-12849,Male,1,YES,yes,24,One year,Bank transfer,No,No,No,No,YES,34.05,814.97,72,EAST,8/5/2021,Yes
CUST-15195,Female,0,Yes,N,20,Two year,Mailed check,Fiber optic,no,NO,NO,NO,88.3,1758.12,43,NORTH,11/26/2020,No
CUST-15230,Male,0,Y,no,1,ONE YEAR,Electronic check,DSL,Y,NO,YES,Yes,59.5,65.8,52,Central,3/23/2017,Yes
CUST-15495,Male,0,NO,Yes,26,One year,Electronic check,Fiber optic,NO,no,yes,no,80.64,2100.69,18,North,5/14/2021,No
CUST-14091,Female,0,yes,yes,18,two year,Mailed check,Fiber optic,Y,Yes,Yes,yes,88.27,1582.01,41,West,8/27/2018,Yes
CUST-14501,Female,0,no,no,6,Two year,Bank transfer,DSL,Y,Y,YES,no,73.12,438.3,21,north,10/3/2022,No
CUST-11399,Male,0,YES,YES,22,MONTH-TO-MONTH,Bank transfer,Fiber optic,no,N,YES,NO,98.8,2170.52,43,East,1/28/2018,Yes
CUST-14629,Male,0,No,No,47,One year,Electronic check,Fiber optic,yes,Y,NO,no,83.63,3936.63,28,Central,2/25/2019,No
CUST-14025,Male,0,NO,Yes,57, Month-to-month ,Bank transfer,Fiber optic,No,no,YES,N,92.23,5239.13,28, South ,11/29/2019,Yes
CUST-14586,Male,0,YES,YES,65,Month-to-month,Mailed check,DSL,no,No,Y,Y,57.52,3723.39,57,north,8/21/2018,No
CUST-12450,Female,1,Y,No,44,ONE YEAR,Bank transfer,DSL,no,yes,No,Yes,54.55,2390.56,75,North,11/1/2022,No
CUST-12433,Male,1,no,yes,52,Month-to-month,Bank transfer,No,No,No,No,yes,45,2322.23,71,West,6/10/2018,Yes
CUST-15966,Male,1,yes,no,38,Month-to-month,Electronic check,No,No,No,No,NO,18.83,728.56,76,West,11/11/2017,No
CUST-10064,Female,0,no,No,8,Month-to-month,Credit card,Fiber optic,No,YES,N,YES,69.49,569.08,53,West,4/30/2017,No
CUST-13935,Male,0,no,no,48,TWO YEAR,Bank transfer,Fiber optic,Y,NO,no,No,80.38,3846.67,69,Central,7/23/2023,Yes
CUST-13392,Female,0,no,Y,27,ONE YEAR,Electronic check,DSL,YES,YES,no,YES,44.4,1190.99,66,Central,3/10/2022,No
CUST-12233,Male,0,no,YES,3,One year,Electronic check,DSL,Yes,YES,NO,YES,40.86,110.97,38,North,7/20/2017,No
CUST-14060,Female,0,N,YES,68,Month-to-month,Electronic check,Fiber optic,N,YES,N,Y,89.31,6060.46,42,CENTRAL,5/3/2018,No
CUST-10373,Female,1,yes,no,53,One year,Mailed check,Fiber optic,yes,No,YES,YES,92.57,4920.92,85,Central,10/22/2018,No
CUST-13648,Male,0,yes,no,47,MONTH-TO-MONTH,Bank transfer,No,No,No,No,Y,26.59,1232.85,43,North,5/8/2019,Yes
CUST-13649,Male,0,YES,NO,21,MONTH-TO-MONTH,Credit card,DSL,N,Yes,No,no,61.97,1317.06,30,West,1/24/2019,No
CUST-14886,Male,0,no,NO,17,Month-to-month,Electronic check,DSL,Y,Yes,no,NO,44.07,729.38,35,South,2/16/2021,No
CUST-15362,Female,0,Y,NO,36,One year,Mailed check,Fiber optic,Y,Y,Y,Yes,84.52,3031.9,48,Central,3/11/2017,No
CUST-11554,Female,1,YES,NO,67,Two year,Bank transfer,DSL,YES,YES,no,no,57.55,3847.42,85,South,8/21/2017,No
CUST-13430,Female,0,yes,N,44,MONTH-TO-MONTH,Credit card,No,No,No,No,N,33.82,1485.06,35,Central,9/18/2021,Yes
CUST-15346,Male,0,N,YES,32,MONTH-TO-MONTH,Electronic check,Fiber optic,YES,No,NO,yes,96.17,3087.66,32,central,10/18/2017,No
CUST-13338,Male,0,yes,N,26,TWO YEAR,Mailed check,Fiber optic,No,N,no,NO,79.08,2063.32,39,Central,5/24/2019,No
CUST-10633,Female,0,YES,N,57,MONTH-TO-MONTH,Bank transfer,DSL,Y,NO,NO,NO,60.65,3453.93,41,east,5/12/2020,No
CUST-15886,Female,0,NO,yes,49,month-to-month,Electronic check,Fiber optic,yes,NO,NO,yes,92.55,4528.24,20,Central,5/8/2018,No
CUST-15814,Male,0,Y,Yes,60,month-to-month,Electronic check,DSL,NO,yes,Y,No,64.04,3850.24,66,west,7/3/2022,No
CUST-11148,Male,1,Y,NO,28, Two year ,Electronic check,DSL,N,yes,Y,no,67.78,1905.57,70,west,6/22/2023,Yes
CUST-11696,Male,0,N,NO,51,One year,Electronic check,No,No,No,No,NO,40.42,2047.71,38,South,9/10/2019,Yes
CUST-13448,Male,0,Yes,yes,55,Month-to-month,Electronic check,DSL,N,N,N,N,57.62,3187.94,38,NORTH,12/22/2018,Yes
CUST-13049,Male,0,YES,Y,40,Month-to-month,Electronic check,DSL,Y,YES,Yes,NO,53.57,2149.15,19,West,4/13/2022,No
CUST-15852,Male,0,N,YES,13,MONTH-TO-MONTH,Electronic check,Fiber optic,No,N,Yes,no,76.9,1002.27,42,North,9/24/2023,Yes
CUST-12592,Female,0,NO,N,36,Month-to-month,Electronic check,DSL,yes,no,Y,yes,52.76,1897.05,37,East,6/18/2020,No
CUST-15205,Male,1,No,Y,35,Month-to-month,Electronic check,No,No,No,No,NO,17.68,620.04,81,East,9/7/2018,Yes
CUST-13686,Female,0,Yes,N,53,ONE YEAR,Credit card,DSL,YES,NO,No,N,41.49,2191.58,60,South,2/14/2023,No
CUST-12787,Male,0,Y,Y,6,Two year,Bank transfer,Fiber optic,Yes,No,YES,NO,108.64,642.23,41,south,2/10/2018,No
CUST-15634,Female,0,Y,Yes,69,Month-to-month,Credit card,DSL,Y,YES,N,NO,46.14,3202.2,35,South,5/1/2017,No
CUST-10883,Male,0,NO,Y,37,month-to-month,Mailed check,DSL,Y,yes,N,No,50.84,1899.41,44,east,9/29/2021,No
CUST-12717,Male,0,No,NO,25,two year,Mailed check,DSL,no,Yes,Yes,yes,79.37,2000,64,West,6/2/2017,No
CUST-11146,Female,0,Yes,N,38,One year,Electronic check,No,No,No,No,N,28.07,1049.81,35,South,4/28/2017,No
CUST-15835,Female,0,yes,No,8,month-to-month,Bank transfer,No,No,No,No,YES,36.69,282.43,47, North ,11/26/2018,No
CUST-14460,Female,0,yes,no,14,ONE YEAR,Credit card,Fiber optic,no,no,N,Y,79.8,1113.38,36, South ,4/11/2017,No
CUST-11496,Female,1,Y,NO,0,Month-to-month,Bank transfer,Fiber optic,No,Y,Y,yes,105.46,,81, North ,7/19/2023,Yes
CUST-13691,Male,0,yes,N,15,One year,Credit card,DSL,Y,No,NO,NO,52.56,807.58,24,North,8/30/2021,No
CUST-14002,Male,1,N,Y,40,Month-to-month,Electronic check,No,No,No,No,NO,25.45,1004.77,77,West,1/25/2022,Yes
CUST-13544,Female,0,YES,no,4, One year ,Credit card,DSL,N,no,Y,YES,65.41,253.03,23,South,6/23/2020,No
CUST-15716,Male,0,no,No,70,One year,Bank transfer,Fiber optic,NO,YES,Yes,Yes,84.24,5908.54,57,west,7/22/2022,No
CUST-11270,Male,0,NO,no,29,one year,Mailed check,DSL,NO,NO,N,Yes,66.37,1928,30,SOUTH,4/16/2022,No
CUST-15498,Female,0,yes,no,56,Two year,Credit card,Fiber optic,no,N,Y,NO,82.56,4621.57,39,West,3/18/2021,Yes
CUST-10337,Male,0,No,Y,8,MONTH-TO-MONTH,Electronic check,Fiber optic,Yes,yes,Y,No,76.37,613.96,59,NORTH,2/10/2022,Yes
CUST-10396,Female,0,No,NO,39,Month-to-month,Credit card,Fiber optic,yes,no,Y,NO,85.67,3333.02,58,WEST,10/1/2018,Yes
CUST-13239,Female,1,no,N,56,Month-to-month,Credit card,DSL,yes,no,YES,Yes,48.9,2725.62,77,Central,12/2/2018,No
CUST-11391,Male,0,no,No,36,month-to-month,Electronic check,Fiber optic,N,yes,yes,YES,85.22,3051.39,59,WEST,7/16/2020,No
CUST-15626,Male,0,No,yes,63,month-to-month,Credit card,Fiber optic,Yes,Y,Y,N,93.31,5868.59,40,north,5/20/2020,Yes
CUST-14507,Female,0,NO,Yes,41,ONE YEAR,Electronic check,No,No,No,No,Yes,30.66,1268.79,54,East,7/5/2018,No
CUST-15846,Female,1,no,YES,8,Month-to-month,Mailed check,Fiber optic,YES,No,NO,No,94.55,766.27,82,West,11/13/2020,Yes
CUST-14819,Male,0,No,Yes,65, Two year ,Credit card,DSL,yes,N,Yes,Yes,45.41,2948.81,61,East,9/21/2020,No
CUST-12192,Female,1,Yes,No,72,Month-to-month,Credit card,DSL,YES,NO,Yes,Y,62.61,4510.08,83, Central ,10/28/2018,Yes
CUST-11303,Female,0,N,no,6,One year,Mailed check,Fiber optic,yes,NO,Y,Yes,92.12,564.52,22,Central,1/21/2018,No
CUST-14909,Male,0,No,yes,69,Month-to-month,Electronic check,No,No,No,No,N,26.04,1783.32,54,Central,6/15/2020,Yes
CUST-13143,Male,0,YES,YES,62,One year,Credit card,Fiber optic,Yes,YES,Y,yes,83.08,5131.28,33,South,2/20/2020,No
CUST-10440,Female,0,NO,Yes,3,Two year,Credit card,No,No,No,No,N,16.08,58.24,59,North,10/20/2017,Yes
CUST-13520,Male,0,No,No,62,ONE YEAR,Electronic check,Fiber optic,Y,YES,YES,NO,99.18,6144.59,38,NORTH,2/12/2023,No
CUST-13331,Male,0,N,No,61,Two year,Electronic check,Fiber optic,Y,N,Yes,yes,81.43,4975.26,19,East,8/30/2018,No
CUST-13629,Male,0,yes,Yes,39,Two year,Credit card,Fiber optic,no,no,Yes,N,95.14,3709.45,63,South,8/21/2018,No
CUST-11668,Male,0,yes,Yes,49,Month-to-month,Electronic check,DSL,N,Yes,Yes,No,53.94,2640.56,28,WEST,7/3/2023,Yes
CUST-13842,Female,0,Yes,NO,9,MONTH-TO-MONTH,Mailed check,Fiber optic,NO,Yes,Y,YES,87.76,799.76,66,WEST,11/28/2021,Yes
CUST-14796,Female,1,Yes,N,29,Month-to-month,Credit card,No,No,No,No,yes,23.6,686.7,77,North,3/8/2021,Yes
CUST-11142,Female,0,Yes,NO,71,Month-to-month,Credit card,DSL,N,Y,Yes,Yes,61.78,4392.33,64,east,4/22/2023,Yes
CUST-14394,Male,1,Yes,No,42,two year,Credit card,No,No,No,No,yes,25.03,1045.29,80,East,1/6/2019,No
CUST-15529,Female,0,Y,Yes,46,One year,Mailed check,DSL,Yes,yes,YES,YES,63.75,2940.47,24,SOUTH,4/20/2017,No
CUST-10249,Female,1,N,Y,37,Two year,Credit card,DSL,Y,NO,Y,N,60.33,2238.55,72,Central,8/1/2022,No
CUST-14790,Male,0,Y,N,15, Month-to-month ,Bank transfer,Fiber optic,no,no,No,N,67.54,1028.33,38,North,2/21/2023,Yes
CUST-14800,Female,0,Yes,No,19,month-to-month,Credit card,Fiber optic,no,Y,Y,NO,104.48,1969.92,56,north,3/22/2022,No
CUST-10322,Female,1,N,N,2,One year,Credit card,No,No,No,No,NO,30.83,47.77,75,East,1/13/2021,Yes
CUST-12647,Male,0,Yes,yes,9,One year,Credit card,Fiber optic,no,YES,Y,N,80.17,727.55,22,North,3/8/2017,Yes
CUST-13616,Female,0,No,Y,0,ONE YEAR,Electronic check,Fiber optic,Y,Yes,yes,yes,103.43,,42,South,4/14/2022,Yes
CUST-14980,Male,0,YES,N,60,Month-to-month,Bank transfer,No,No,No,No,yes,19.85,1197.89,57,South,1/26/2021,Yes
CUST-12137,Male,0,Yes,No,10,one year,Electronic check,DSL,N,No,no,no,51.68,506.81,55,South,11/12/2017,No
CUST-10682,Male,0,Y,No,12,Month-to-month,Mailed check,DSL,N,N,yes,Y,56.7,683.91,46,East,4/28/2023,No
CUST-13700,Male,0,Yes,No,59,Month-to-month,Credit card,Fiber optic,N,NO,Y,N,102.17,6011.69,59,north,10/11/2020,No
CUST-15369,Female,1,N,No,68,month-to-month,Mailed check,No,No,No,No,YES,28.91,1970.83,84,North,12/24/2022,No
CUST-10468,Female,1,no,no,27,Month-to-month,Bank transfer,DSL,No,no,no,yes,61.82,1680.57,75,West,2/27/2022,Yes
CUST-12384,Female,0,yes,Y,36,Two year,Credit card,DSL,yes,Yes,Y,yes,49.09,1777.18,20,North,2/23/2019,No
CUST-15865,Female,0,yes,N,0,Month-to-month,Electronic check,No,No,No,No,no,24.72,,33,Central,6/9/2023,Yes
CUST-15231,Female,0,No,N,8,One year,Credit card,DSL,NO,yes,No,YES,42.62,358.81,53,North,11/17/2017,No
CUST-14094,Female,0,Yes,YES,4,ONE YEAR,Mailed check,No,No,No,No,No,10.03,51.54,55,West,1/14/2019,No
CUST-12577,Female,0,N,Y,64,Two year,Electronic check,No,No,No,No,No,34.77,2215.37,57,North,4/29/2020,Yes
CUST-14917,Male,0,no,no,8,month-to-month,Bank transfer,Fiber optic,YES,yes,NO,Yes,97.32,770.13,46,East,1/15/2023,No
CUST-15219,Male,0,no,yes,67, Two year ,Bank transfer,Fiber optic,No,No,Y,YES,85.49,5725.78,39,East,6/10/2020,No
CUST-11632,Female,1,yes,N,2,One year,Mailed check,Fiber optic,Y,N,Yes,yes,103.92,193.28,74,West,8/24/2021,No
CUST-15358,Male,0,No,Y,58,Month-to-month,Mailed check,Fiber optic,no,yes,No,N,72.71,4208.08,36,West,8/6/2021,Yes
CUST-11784,Female,1,No,N,51,Month-to-month,Bank transfer,No,No,No,No,yes,20.76,1070.97,73,South,9/2/2022,No
CUST-11091,Female,0,yes,Y,61,MONTH-TO-MONTH,Mailed check,DSL,Y,Y,yes,No,57.99,3539.29,61,East,3/13/2022,Yes
CUST-14312,Male,0,No,Yes,9,Month-to-month,Mailed check,DSL,Yes,Y,no,Y,61.35,540.98,23,North,4/5/2023,No
CUST-15345,Male,0,NO,no,20,Month-to-month,Credit card,DSL,YES,no,Y,no,78.61,1580.75,69,central,4/30/2018,No
CUST-10279,Male,0,N,No,13,One year,Electronic check,No,No,No,No,Yes,15.85,190.77,31,West,11/12/2019,No
CUST-11684,Male,1,NO,Y,61,One year,Bank transfer,Fiber optic,no,Y,No,no,79.22,4841.66,83,South,2/19/2023,Yes
CUST-10283,Male,1,NO,YES,66,Month-to-month,Mailed check,DSL,NO,YES,No,NO,44.09,2910.24,73,west,5/21/2023,No
CUST-13930,Male,1,NO,yes,22,one year,Electronic check,Fiber optic,no,yes,No,N,77.7,1717.17,85,South,8/23/2017,No
CUST-14497,Female,0,Yes,yes,54,One year,Bank transfer,Fiber optic,yes,Yes,Yes,No,94.27,5109.51,65,SOUTH,12/21/2019,No
CUST-12953,Female,0,No,Yes,4, Month-to-month ,Credit card,No,No,No,No,No,16.53,56.56,35,North,3/21/2022,Yes
CUST-14489,Male,0,N,N,52,Month-to-month,Electronic check,No,No,No,No,YES,31.25,1631.82,46,Central,2/28/2019,No
CUST-13482,Female,0,no,No,17,One year,Electronic check,DSL,Y,YES,yes,Yes,74.97,1274.4,41,East,5/1/2022,No
CUST-13675,Male,0,Y,no,67,Month-to-month,Mailed check,Fiber optic,no,No,NO,N,71.16,4772.75,58,North,10/25/2023,No
CUST-15752,Female,0,Yes,no,50,month-to-month,Bank transfer,Fiber optic,No,no,N,YES,65.87,3298.14,21,North,7/31/2019,No
CUST-15653,Male,0,Y,No,1,One year,Credit card,DSL,NO,NO,No,No,39.46,19.57,34,North,12/22/2018,Yes
CUST-15450,Female,0,Y,no,23,month-to-month,Bank transfer,DSL,NO,YES,NO,Y,68.14,1568.07,43,Central,6/26/2020,No
CUST-11067,Male,0,YES,no,67,Two year,Bank transfer,DSL,YES,NO,Yes,Y,64.27,4311.59,46,north,10/25/2017,No
CUST-11120,Female,0,NO,No,55,One year,Mailed check,No,No,No,No,No,40.49,2235.33,32,West,7/13/2022,No
CUST-14397,Female,0,N,N,28,Two year,Bank transfer,DSL,Yes,no,Yes,no,53.82,1493.05,49,North,9/23/2018,No
CUST-12301,Female,0,Y,NO,41,month-to-month,Bank transfer,DSL,N,yes,No,Yes,44.53,1809.69,60,East,5/19/2019,Yes
CUST-10328,Female,0,Yes,NO,12,Month-to-month,Credit card,Fiber optic,no,Yes,NO,no,77.9,939.53,60,North,8/4/2018,No
CUST-13362,Male,1,Yes,YES,71,Two year,Mailed check,Fiber optic,yes,Y,No,N,99.42,7058.58,71,west,8/20/2017,No
CUST-14868,Female,0,No,NO,14,Month-to-month,Credit card,DSL,NO,no,no,yes,35.4,490.11,69,South,7/13/2018,No
CUST-14119,Male,0,no,YES,5,Month-to-month,Bank transfer,DSL,No,yes,Yes,yes,71.56,354.71,18,Central,9/6/2019,No
CUST-12348,Male,1,YES,yes,12,MONTH-TO-MONTH,Electronic check,Fiber optic,NO,NO,no,No,86.27,1032.82,83,South,7/13/2019,No
CUST-14162,Male,0,yes,Y,13,Month-to-month,Electronic check,Fiber optic,no,N,NO,Yes,96.29,1268.46,54, Central ,4/28/2023,Yes
CUST-10875,Female,0,Yes,Yes,50,Month-to-month,Bank transfer,Fiber optic,Y,YES,Y,NO,96.5,4811.78,50,North,7/4/2020,Yes
CUST-10154,Female,0,NO,N,48,Month-to-month,Electronic check,Fiber optic,no,NO,no,YES,98.51,4708.93,53,Central,5/2/2022,Yes
CUST-15749,Female,0,YES,Yes,66,Month-to-month,Electronic check,DSL,No,N,Yes,Y,66.93,4429.75,21,south,2/26/2021,Yes
CUST-14509,Male,0,N,N,16,Month-to-month,Electronic check,Fiber optic,yes,Yes,N,N,94.06,1513.05,62,north,3/25/2017,No
CUST-11602,Male,0,no,Y,50,month-to-month,Credit card,Fiber optic,Y,Y,No,N,68.26,3419.76,34,North,11/29/2023,Yes
CUST-10679,Male,0,NO,No,28,Two year,Electronic check,No,No,No,No,No,23.96,683.6,55,Central,11/26/2020,No
CUST-14049,Male,0,No,NO,55,Month-to-month,Electronic check,DSL,No,Y,YES,YES,60.9,3355.61,57,South,5/10/2023,No
CUST-13313,Female,0,Y,Y,7,month-to-month,Bank transfer,DSL,N,YES,Y,No,72.97,522.84,51,Central,11/12/2022,No
CUST-10168,Female,0,No,YES,8,month-to-month,Mailed check,Fiber optic,YES,YES,No,NO,73.69,573.24,61, West ,2/1/2020,No
CUST-10176,Female,1,yes,N,72,Month-to-month,Bank transfer,No,No,No,No,yes,38.16,2745.19,81,North,4/19/2019,Yes
CUST-14048,Male,0,no,YES,67,month-to-month,Mailed check,Fiber optic,Y,Y,NO,No,89.22,5961.85,58,WEST,7/10/2022,Yes
CUST-14985,Male,0,Yes,No,17,MONTH-TO-MONTH,Bank transfer,Fiber optic,YES,No,yes,Y,90.38,1519.16,47,South,7/14/2018,No
CUST-15175,Male,1,NO,NO,3,month-to-month,Credit card,No,No,No,No,YES,40.78,131.52,82,central,6/16/2017,No
CUST-12478,Male,0,N,Yes,9,One year,Mailed check,DSL,yes,N,yes,No,47.11,405.26,69,North,11/10/2020,No
CUST-13908,Female,0,yes,N,1,One year,Mailed check,No,No,No,No,no,13.1,30.61,19,Central,9/7/2023,No
CUST-13063,Male,0,YES,No,35,One year,Bank transfer,Fiber optic,NO,Yes,Y,no,88.16,3092.92,40,South,6/21/2020,Yes
CUST-12737,Female,0,No,Y,50,Month-to-month,Mailed check,Fiber optic,N,No,yes,yes,82.93,4129.28,47,South,10/17/2018,No
CUST-14332,Female,0,yes,yes,12,TWO YEAR,Mailed check,No,No,No,No,no,14.24,188.32,27,East,5/9/2018,No
CUST-14804,Male,1,yes,N,25,month-to-month,Bank transfer,DSL,No,no,Yes,No,62.47,1576.27,82,West,7/8/2018,No
CUST-15703,Female,1,No,YES,4,MONTH-TO-MONTH,Bank transfer,Fiber optic,Yes,NO,Y,N,94.86,391.31,76,north,12/28/2022,Yes
CUST-10710,Female,0,Y,No,55,Month-to-month,Bank transfer,DSL,YES,Yes,NO,NO,41.49,2277.91,27,West,4/18/2020,No
CUST-12216,Male,0,No,YES,1,MONTH-TO-MONTH,Bank transfer,No,No,No,No,Y,15.89,29.97,31,east,2/2/2021,No
CUST-13124,Male,0,Yes,N,18,One year,Bank transfer,Fiber optic,Yes,no,N,N,79.63,1431.63,29,South,3/29/2023,Yes
CUST-11622,Female,0,YES,NO,2,Month-to-month,Mailed check,No,No,No,No,no,23.46,61.24,64,West,12/8/2022,Yes
CUST-12168,Female,0,NO,N,55,two year,Bank transfer,No,No,No,No,N,39.98,2215.24,55,Central,2/28/2023,No
CUST-14610,Female,0,YES,no,32,Month-to-month,Credit card,Fiber optic,Yes,YES,Yes,yes,106.38,3406.8,57,east,1/14/2020,Yes
CUST-13236,Male,0,N,NO,65,One year,Electronic check,Fiber optic,NO,NO,Y,yes,76.36,4945.62,28, Central ,3/17/2017,No
CUST-13697,Female,0,no,YES,2,month-to-month,Mailed check,Fiber optic,No,Y,no,Y,93.7,173.01,55,Central,5/12/2020,Yes
CUST-14400,Male,1,Y,YES,48,MONTH-TO-MONTH,Credit card,No,No,No,No,Y,28.24,1346.76,77,East,1/18/2021,Yes
CUST-10954,Female,0,Y,Y,55,ONE YEAR,Mailed check,DSL,YES,No,yes,NO,78.02,4288.16,33,South,11/14/2023,No
CUST-10156,Male,0,YES,NO,19,One year,Bank transfer,No,No,No,No,no,10.17,183.08,32,East,1/11/2019,No
CUST-12140,Male,1,Yes,Yes,20,two year,Mailed check,DSL,No,Y,yes,N,51,1028.38,73,Central,9/5/2021,No
CUST-12121,Male,0,NO,yes,57,month-to-month,Credit card,Fiber optic,NO,NO,YES,N,95.98,5461.42,47,West,4/5/2020,Yes
CUST-14652,Male,1,N,No,69,One year,Electronic check,Fiber optic,N,N,yes,no,85.26,5883.16,76,EAST,7/12/2017,No
CUST-10765,Female,0,Yes,N,66,MONTH-TO-MONTH,Bank transfer,DSL,YES,NO,N,N,40.97,2720.45,41,East,6/3/2018,No
CUST-11078,Female,0,No,No,66,month-to-month,Mailed check,DSL,YES,YES,yes,NO,66.58,4401.66,62,North,7/10/2018,No
CUST-13008,Male,0,Yes,Yes,21, Month-to-month ,Electronic check,DSL,Y,Yes,yes,YES,47.36,1012.83,35,WEST,4/17/2019,No
CUST-11164,Female,1,NO,YES,41,Two year,Mailed check,Fiber optic,Yes,YES,NO,no,86.85,3578.53,80,EAST,6/14/2022,No
CUST-12721,Male,0,Y,yes,38,One year,Electronic check,Fiber optic,Yes,No,yes,NO,109.43,4161.33,68,Central,6/20/2017,No
CUST-10517,Male,0,N,Y,21, Month-to-month ,Bank transfer,DSL,Yes,yes,yes,NO,60.71,1272.23,20,West,11/10/2020,No
CUST-14485,Male,1,NO,no,20,ONE YEAR,Bank transfer,DSL,yes,no,N,NO,69.06,1368.67,77,West,9/24/2020,No
CUST-13624,Female,0,No,No,15,Two year,Electronic check,DSL,Y,No,YES,N,65.07,988.14,18,West,10/25/2021,No
CUST-13897,Female,0,yes,NO,32,month-to-month,Mailed check,Fiber optic,Yes,Y,N,N,71.44,2275.48,40,North,12/17/2022,Yes
CUST-11313,Male,0,Y,N,31,One year,Bank transfer,No,No,No,No,no,21.06,649.84,25,Central,5/1/2019,No
CUST-15527,Female,0,Yes,No,69,One year,Credit card,No,No,No,No,No,18.62,1284.46,35,SOUTH,10/5/2019,Yes
CUST-11790,Female,1,N,yes,12,One year,Credit card,DSL,yes,yes,Yes,no,56.54,673.32,76,Central,6/24/2019,No
CUST-12881,Female,0,Y,no,38,Two year,Electronic check,Fiber optic,N,yes,no,Y,74.1,2822.39,41,North,6/11/2023,No
CUST-10531,Male,0,yes,no,17,Month-to-month,Bank transfer,Fiber optic,N,YES,Y,No,82,1375.44,32,North,5/21/2017,Yes
CUST-14401,Female,1,Y,YES,31,Month-to-month,Bank transfer,DSL,No,Y,Yes,yes,60.42,1853.82,82,East,12/13/2020,Yes
CUST-13480,Female,0,yes,N,56, Two year ,Bank transfer,DSL,YES,No,N,N,58.46,3270.12,37,West,10/26/2022,Yes
CUST-13992,Male,0,Y,yes,28,Month-to-month,Credit card,DSL,N,Y,Y,NO,79.54,2238.76,24,SOUTH,2/6/2018,No
CUST-10382,Female,0,NO,No,57,Month-to-month,Electronic check,No,No,No,No,Y,20.27,1168.46,59,South,12/21/2017,Yes
CUST-15258,Female,0,N,N,71,month-to-month,Bank transfer,No,No,No,No,No,30.86,2175.95,67,East,5/5/2017,Yes
CUST-14146,Male,1,yes,YES,4,Month-to-month,Credit card,Fiber optic,Yes,N,Y,YES,103.81,406.01,79,south,8/14/2022,Yes
CUST-11069,Female,0,Yes,Y,39,Month-to-month,Credit card,DSL,yes,No,Yes,Yes,51.26,1998.65,39,South,1/12/2023,Yes
CUST-12363,Female,0,YES,Y,22,Month-to-month,Bank transfer,Fiber optic,NO,NO,yes,N,91.89,2002.91,41,Central,5/10/2017,Yes
CUST-14216,Female,0,no,Yes,3,MONTH-TO-MONTH,Mailed check,Fiber optic,NO,yes,yes,YES,76.95,212.19,43,East,7/9/2017,Yes
CUST-11964,Female,0,no,N,13,One year,Bank transfer,Fiber optic,Yes,yes,NO,Yes,68.02,865.76,38,south,12/30/2020,Yes
CUST-14465,Male,1,Yes,Yes,40,Two year,Credit card,No,No,No,No,Y,39.14,1559.46,83,Central,8/1/2021,No
CUST-12434,Male,0,Y,YES,58, One year ,Credit card,Fiber optic,N,N,yes,Yes,108.13,6277.91,26,East,9/22/2021,No
CUST-15808,Female,0,No,No,13,MONTH-TO-MONTH,Credit card,No,No,No,No,N,39.85,508.27,68,Central,3/15/2017,Yes
CUST-10165,Female,1,No,Yes,11,Two year,Credit card,No,No,No,No,Yes,19.21,206.14,71,central,8/11/2019,No
CUST-13905,Male,0,Y,YES,13,MONTH-TO-MONTH,Credit card,DSL,Y,No,yes,Yes,66.73,878.17,53,Central,8/20/2017,No
CUST-10122,Female,0,N,NO,69,month-to-month,Credit card,No,No,No,No,no,15.69,1065.56,20,NORTH,8/12/2020,Yes
CUST-13893,Female,0,Y,No,14,month-to-month,Bank transfer,DSL,yes,Y,No,yes,39.13,545.39,58,South,6/29/2023,No
CUST-14199,Female,1,N,NO,4,Two year,Bank transfer,DSL,Y,No,N,N,45.73,189.72,79,north,3/12/2021,No
CUST-12566,Male,0,Y,yes,53,ONE YEAR,Bank transfer,No,No,No,No,Y,37,1958.71,19, South ,12/11/2022,Yes
CUST-11983,Female,1,YES,NO,27,Month-to-month,Credit card,DSL,Y,Yes,YES,no,72.55,1976.25,81,East,8/31/2020,Yes
CUST-11654,Female,0,YES,YES,6,One year,Bank transfer,DSL,NO,yes,Yes,no,63.01,362.85,27,north,1/29/2018,No
CUST-14012,Female,0,yes,Y,16,ONE YEAR,Credit card,Fiber optic,YES,Yes,N,N,96.56,1546.95,53,central,4/4/2019,Yes
CUST-12473,Female,0,YES,Yes,62,Two year,Bank transfer,DSL,Yes,YES,YES,Y,57.72,3567.13,68,East,8/8/2022,No
CUST-12285,Female,1,Yes,N,68,One year,Electronic check,No,No,No,No,No,35.5,2399.74,72,West,5/13/2021,Yes
CUST-12193,Female,1,YES,no,5,Month-to-month,Credit card,No,No,No,No,no,14.41,81.31,77,West,11/4/2017,No
CUST-10588,Female,0,Y,No,30,One year,Credit card,DSL,no,YES,No,YES,61.12,1814.41,54,South,9/20/2022,No
CUST-11087,Male,1,Yes,no,4,Month-to-month,Credit card,Fiber optic,yes,No,Y,NO,78.1,325.09,81,East,3/16/2019,Yes
CUST-13407,Male,0,N,NO,60,month-to-month,Credit card,No,No,No,No,Y,13.56,811.11,67,East,3/21/2019,No
CUST-10552,Female,0,N,yes,32,Two year,Credit card,No,No,No,No,NO,27.89,889.3,35,West,5/8/2023,No
CUST-13677,Female,1,Yes,Yes,47,One year,Bank transfer,Fiber optic,yes,Yes,YES,N,99.29,4648.94,82, North ,3/29/2021,No
CUST-10234,Male,0,NO,NO,54,ONE YEAR,Mailed check,No,No,No,No,YES,35.75,1912.69,61,East,11/3/2019,Yes
CUST-13713,Male,0,N,Yes,52,TWO YEAR,Mailed check,DSL,YES,N,No,Y,64.56,3347.46,20,WEST,12/29/2022,No
CUST-11005,Female,0,yes,no,49,Two year,Mailed check,Fiber optic,Y,YES,No,NO,70.71,3475.15,53,central,1/20/2018,No
CUST-13167,Female,0,YES,N,57,Month-to-month,Mailed check,DSL,No,No,N,yes,37.12,2115.25,45,Central,1/8/2021,Yes
CUST-10445,Male,0,Yes,no,60,Month-to-month,Bank transfer,Fiber optic,Yes,Yes,No,Y,76.71,4608.52,24,West,10/27/2021,Yes
CUST-14950,Male,0,No,NO,18,One year,Electronic check,DSL,no,No,no,NO,49.71,877.52,52, West ,2/21/2021,No
CUST-13427,Male,0,NO,no,60,TWO YEAR,Credit card,Fiber optic,YES,No,N,no,90.02,5411.8,39,West,8/23/2020,No
CUST-15544,Male,0,NO,Y,62,One year,Electronic check,DSL,Y,Yes,no,No,61.59,3807.54,18,East,6/19/2021,No
CUST-10016,Female,0,no,Y,22,One year,Bank transfer,Fiber optic,NO,Y,NO,Y,88.65,1950.75,68, Central ,1/6/2022,No
CUST-10811,Female,1,No,Yes,33, Month-to-month ,Credit card,Fiber optic,Yes,NO,NO,Yes,89.06,2956.72,74,North,8/8/2018,Yes
CUST-11729,Female,1,yes,Yes,22, Month-to-month ,Bank transfer,Fiber optic,yes,Y,NO,YES,87.24,1938.31,79,North,9/10/2020,Yes
CUST-11205,Male,0,yes,YES,5,two year,Mailed check,Fiber optic,N,NO,N,No,87.35,452.87,20,East,6/12/2023,Yes
CUST-10684,Female,0,yes,Y,22,MONTH-TO-MONTH,Bank transfer,No,No,No,No,NO,10.18,207.52,51,west,2/15/2018,No
CUST-10886,Female,1,no,YES,2,Month-to-month,Bank transfer,DSL,Y,N,Y,YES,78.45,141.45,79,East,3/4/2023,Yes
CUST-14275,Female,0,No,Y,30,Month-to-month,Credit card,No,No,No,No,Yes,15.67,474.69,67,North,12/25/2017,No
CUST-15416,Female,0,Y,no,59,One year,Mailed check,No,No,No,No,Y,14.46,864.46,58,West,10/30/2018,No
CUST-10325,Female,0,No,no,54,MONTH-TO-MONTH,Credit card,DSL,Y,N,No,YES,63.5,3419.76,31,South,6/16/2019,Yes
CUST-14385,Female,0,No,Y,21,MONTH-TO-MONTH,Electronic check,Fiber optic,Y,no,N,Yes,66.31,1373.63,58,East,7/24/2020,No
CUST-11524,Female,0,no,no,53,Two year,Bank transfer,Fiber optic,Y,yes,yes,No,80.25,4240.68,51,West,9/13/2019,Yes
CUST-13522,Male,1,Y,no,40,Month-to-month,Bank transfer,DSL,Y,yes,Y,N,69.01,2757.64,83,West,3/17/2023,Yes
CUST-12913,Male,0,yes,YES,65,two year,Electronic check,Fiber optic,N,YES,No,Y,76.21,4946.88,61,South,11/3/2017,No
CUST-15957,Female,1,YES,no,23,two year,Credit card,Fiber optic,NO,yes,No,NO,99.73,2309.09,78,Central,3/14/2017,No
CUST-12716,Male,0,NO,NO,1,one year,Electronic check,Fiber optic,Yes,No,no,NO,70.06,55.3,40,south,12/13/2020,Yes
CUST-11024,Male,0,No,YES,19,Month-to-month,Mailed check,DSL,NO,No,Yes,YES,57.69,1110.07,22,east,4/28/2020,Yes
CUST-10676,Male,1,Y,no,72,MONTH-TO-MONTH,Mailed check,Fiber optic,No,no,Yes,Yes,75.52,5426.64,70,West,9/27/2023,Yes
CUST-15908,Female,0,yes,Yes,45,Two year,Bank transfer,Fiber optic,Y,Y,Yes,NO,92.09,4133.11,27,West,8/14/2022,No
CUST-13415,Male,1,yes,No,25,Month-to-month,Credit card,Fiber optic,YES,YES,yes,Y,84.03,2093.97,74,North,5/7/2023,Yes
CUST-10893,Male,0,no,Y,38,one year,Credit card,No,No,No,No,YES,11.55,438.53,47,South,3/10/2018,No
CUST-11615,Female,0,N,NO,49,Month-to-month,Bank transfer,Fiber optic,No,no,N,No,94.53,4629.99,32,WEST,4/12/2019,Yes
CUST-12856,Female,0,Y,No,13,TWO YEAR,Credit card,Fiber optic,Y,N,Yes,Yes,76.81,986.42,43,North,7/10/2020,No
CUST-15224,Male,0,Yes,N,68,Month-to-month,Bank transfer,No,No,No,No,YES,28.73,1939.73,28,CENTRAL,9/26/2020,No
CUST-14209,Female,1,no,YES,55,Two year,Mailed check,DSL,Y,Y,YES,yes,70.67,3871.06,72, West ,7/6/2021,No
CUST-10778,Female,0,NO,N,26,Month-to-month,Bank transfer,DSL,YES,no,YES,no,51.03,1310.77,52,Central,5/5/2023,Yes
CUST-15870,Male,0,No,no,12,Month-to-month,Electronic check,No,No,No,No,no,30.15,356.38,29,South,11/28/2017,Yes
CUST-10817,Female,0,no,no,16,MONTH-TO-MONTH,Mailed check,No,No,No,No,Yes,15.6,252.5,42,Central,6/5/2021,Yes
CUST-14973,Male,0,N,yes,36,Month-to-month,Bank transfer,No,No,No,No,Y,16.45,591.88,23,East,7/15/2018,Yes
CUST-10128,Male,0,NO,NO,49,One year,Credit card,DSL,yes,N,YES,No,71.1,3500.73,41,east,9/11/2023,No
CUST-12259,Male,0,no,yes,61,One year,Mailed check,Fiber optic,Y,no,Y,no,85.68,5236.29,34,north,1/10/2022,No
CUST-10738,Male,0,No,No,16,MONTH-TO-MONTH,Electronic check,DSL,Yes,YES,N,No,58.44,950.67,22,west,10/28/2018,No
CUST-11101,Male,0,Y,Yes,10,Month-to-month,Credit card,Fiber optic,Yes,yes,Y,No,77.15,769.13,51,Central,6/8/2019,Yes
CUST-10719,Male,0,no,no,22,One year,Bank transfer,Fiber optic,YES,Yes,no,N,95.26,2085.51,59,west,8/20/2022,No
CUST-12518,Male,0,No,YES,20,Month-to-month,Mailed check,DSL,Y,Yes,Y,yes,69.93,1385.46,26,NORTH,11/10/2022,No
CUST-12758,Male,0,YES,No,72,Two year,Mailed check,DSL,No,N,No,YES,65.09,4669.66,69,Central,1/13/2023,No
CUST-13943,Female,0,Y,Y,38,ONE YEAR,Mailed check,DSL,No,N,no,YES,61.87,2343.04,20,South,8/6/2020,Yes
CUST-10313,Female,0,Yes,NO,58,Month-to-month,Bank transfer,Fiber optic,no,yes,N,yes,89.45,5171.92,62,East,6/7/2023,No
CUST-12781,Male,0,YES,No,6,TWO YEAR,Credit card,Fiber optic,N,YES,Y,Yes,89.18,537.01,53,east,1/18/2018,No
CUST-12136,Female,0,NO,N,36,Two year,Electronic check,Fiber optic,no,Y,N,YES,91.48,3289.3,28,West,7/5/2022,No
CUST-10810,Female,0,no,NO,5,month-to-month,Credit card,DSL,Y,no,Yes,no,78.01,378.38,53,East,6/4/2019,No
CUST-13163,Female,1,Y,N,36,Two year,Mailed check,Fiber optic,No,No,yes,yes,88.21,3185.79,75,West,9/25/2022,Yes
CUST-14226,Male,0,YES,YES,72,Month-to-month,Credit card,DSL,yes,Yes,NO,yes,41.23,2986.84,36,NORTH,9/12/2023,No
CUST-10708,Male,1,no,NO,10,ONE YEAR,Credit card,DSL,YES,no,NO,no,66.11,667.77,81,South,12/16/2017,No
CUST-12832,Male,0,N,No,49,MONTH-TO-MONTH,Mailed check,No,No,No,No,NO,35.91,1745.14,55,North,3/27/2018,No
CUST-12281,Male,0,Y,NO,52,month-to-month,Mailed check,DSL,Y,No,NO,Yes,67.87,3531.92,69,south,5/28/2017,No
CUST-11858,Male,0,Y,Y,68,one year,Mailed check,DSL,YES,Yes,no,YES,54.66,3722.44,41,North,6/17/2019,No
CUST-14749,Male,1,yes,Yes,38,One year,Mailed check,DSL,NO,Yes,yes,No,54.57,2088.69,71,west,10/17/2022,No
CUST-12696,Male,0,Y,yes,65,MONTH-TO-MONTH,Credit card,DSL,Y,Y,YES,NO,76.78,4988.72,46,CENTRAL,6/26/2023,Yes
CUST-11477,Male,0,Y,NO,0,Month-to-month,Credit card,DSL,no,No,N,Yes,51.85,,34,West,7/1/2019,No
CUST-13936,Female,0,No,yes,52,One year,Electronic check,Fiber optic,yes,No,Y,Yes,86.84,4518.14,22,north,5/9/2017,Yes
CUST-14085,Male,0,no,Y,64,Month-to-month,Bank transfer,Fiber optic,Yes,NO,Yes,Yes,76.47,4899.04,36,East,1/2/2021,No
CUST-11383,Male,0,Y,NO,70,Month-to-month,Bank transfer,DSL,Y,N,NO,Yes,57.66,4027.64,35,west,11/23/2020,No
CUST-12035,Female,1,N,no,34,Month-to-month,Mailed check,Fiber optic,no,YES,no,no,89.13,3011.26,73,East,12/3/2020,No
CUST-11034,Female,0,yes,YES,35,One year,Credit card,DSL,YES,No,NO,NO,55.99,1946,50,EAST,6/10/2018,No
CUST-10029,Female,0,YES,NO,64,Month-to-month,Credit card,DSL,Y,NO,yes,No,79.99,5126.25,35,West,6/16/2017,No
CUST-10305,Male,0,YES,N,26,One year,Credit card,No,No,No,No,no,27.8,732.85,59, South ,3/18/2018,No
CUST-14918,Male,0,No,YES,16,One year,Credit card,Fiber optic,no,no,N,Yes,88.39,1395.27,50,North,5/3/2018,No
CUST-12305,Female,1,N,N,59,MONTH-TO-MONTH,Credit card,No,No,No,No,no,18.61,1078.68,72,EAST,3/30/2020,No
CUST-10589,Male,0,No,Yes,41,one year,Credit card,Fiber optic,yes,YES,N,YES,85.52,3511.47,60,West,3/4/2017,No
CUST-15853,Male,1,YES,NO,20,One year,Bank transfer,DSL,no,N,NO,YES,47.57,970.06,70,EAST,4/8/2018,No
CUST-15921,Female,0,NO,No,58,MONTH-TO-MONTH,Electronic check,Fiber optic,yes,no,yes,no,102.63,5962.91,57,South,10/31/2022,Yes
CUST-12302,Male,0,no,No,36,month-to-month,Electronic check,DSL,YES,Y,No,NO,38.42,1378.58,44,WEST,3/28/2019,No
CUST-12369,Female,0,no,NO,3, Two year ,Credit card,Fiber optic,no,YES,No,Yes,96.28,307.81,32,West,4/2/2017,Yes
CUST-13879,Male,0,Yes,yes,43,one year,Credit card,DSL,NO,N,yes,Yes,71.18,3059.18,47,EAST,8/8/2018,No
CUST-14182,Male,0,yes,no,53,Month-to-month,Electronic check,DSL,N,yes,NO,YES,68.18,3615.92,59,Central,9/12/2017,No
CUST-14773,Male,0,Y,N,71,two year,Credit card,Fiber optic,Yes,YES,Yes,yes,80.75,5746.24,44,west,1/26/2023,Yes
CUST-13941,Male,0,N,Y,41,One year,Credit card,Fiber optic,NO,YES,NO,N,81.6,3363.7,19,East,12/21/2017,No
CUST-15171,Male,1,N,yes,45,Two year,Electronic check,No,No,No,No,yes,39.99,1780.21,75,CENTRAL,3/30/2018,Yes
CUST-10549,Male,1,yes,No,47,Month-to-month,Bank transfer,Fiber optic,NO,YES,N,N,91.51,4314.55,74,East,8/28/2018,No
CUST-15704,Male,0,no,NO,40,Month-to-month,Credit card,No,No,No,No,NO,21.69,869.4,66,NORTH,3/5/2020,Yes
CUST-11879,Female,0,YES,Yes,67,Month-to-month,Mailed check,No,No,No,No,YES,33.88,2271.8,68,South,11/28/2021,No
CUST-13668,Female,0,yes,YES,4,One year,Credit card,DSL,Y,yes,no,NO,68.19,276.33,53,SOUTH,3/13/2021,No
CUST-10008,Male,0,No,no,21,Month-to-month,Credit card,DSL,Yes,Yes,NO,N,44.98,952.44,64,south,9/8/2017,No
CUST-11209,Female,0,no,Yes,60,Month-to-month,Bank transfer,Fiber optic,NO,N,Yes,no,106.68,6412.36,65,North,6/13/2022,No
CUST-11945,Male,0,Yes,yes,30,month-to-month,Credit card,Fiber optic,Yes,NO,No,N,91.4,2725.24,27,East,5/31/2017,Yes
CUST-14827,Male,0,No,no,65,Month-to-month,Bank transfer,Fiber optic,yes,NO,no,Yes,69.52,4507.11,68,South,2/13/2019,Yes
CUST-12731,Female,0,Y,No,3,Month-to-month,Bank transfer,Fiber optic,no,no,N,No,67.17,203.21,24, Central ,9/23/2020,Yes
CUST-12001,Male,0,N,NO,43,Month-to-month,Bank transfer,DSL,no,yes,No,YES,69.18,2980.73,66,West,9/2/2022,Yes
CUST-13641,Male,1,yes,No,45,One year,Credit card,DSL,NO,No,no,no,55.33,2503.97,72, North ,11/6/2023,No
CUST-13131,Female,0,NO,no,15,MONTH-TO-MONTH,Bank transfer,Fiber optic,N,No,no,YES,82.28,1225.56,24,EAST,2/16/2018,Yes
CUST-14402,Male,0,Yes,NO,39,MONTH-TO-MONTH,Electronic check,DSL,Y,Yes,NO,yes,57.29,2228.58,34,East,6/8/2022,No
CUST-11214,Male,0,YES,yes,2,Month-to-month,Bank transfer,Fiber optic,N,no,yes,NO,90.89,191.89,56,SOUTH,12/17/2022,No
CUST-11981,Female,1,Y,no,67,Two year,Electronic check,No,No,No,No,NO,29.67,2000.61,84,North,11/10/2020,Yes
CUST-11713,Female,0,Y,yes,16,Month-to-month,Credit card,Fiber optic,Yes,yes,YES,Yes,83.66,1346.07,27,WEST,9/18/2017,Yes
CUST-13311,Male,0,yes,YES,8,MONTH-TO-MONTH,Mailed check,DSL,YES,Yes,Y,NO,50.15,402.7,29,EAST,7/4/2023,No
CUST-14921,Female,0,no,Y,69,Two year,Mailed check,Fiber optic,yes,N,YES,No,102.52,7081.96,35,east,1/29/2021,No
CUST-15690,Male,0,Y,no,55,MONTH-TO-MONTH,Mailed check,DSL,No,YES,Yes,NO,55.38,3057.19,35,north,7/23/2017,No
CUST-10972,Female,0,YES,YES,28,Month-to-month,Electronic check,DSL,N,yes,NO,NO,54.65,1544.45,60,South,12/17/2019,No
CUST-14705,Male,0,YES,Y,7,Month-to-month,Electronic check,Fiber optic,Yes,no,NO,YES,71.21,499.99,41,East,3/22/2023,No
CUST-12407,Male,0,Y,Y,23,Month-to-month,Credit card,Fiber optic,Yes,yes,Y,Yes,98.93,2284.35,39,South,12/11/2019,No
CUST-11348,Male,0,Yes,yes,27,Two year,Mailed check,Fiber optic,Yes,No,Yes,YES,104.07,2798.79,33,Central,7/14/2017,Yes
CUST-11318,Male,0,Y,N,17,Month-to-month,Electronic check,Fiber optic,Yes,No,YES,yes,101.23,1740.05,67,Central,5/13/2017,No
CUST-10450,Female,0,Y,No,59,Two year,Bank transfer,Fiber optic,Y,No,yes,N,99.02,5822.64,59,west,6/1/2019,Yes
CUST-15032,Male,0,Y,yes,6,Month-to-month,Credit card,Fiber optic,Y,Y,Y,No,78.3,466.92,64,Central,1/7/2023,Yes
CUST-13220,Female,0,Yes,no,1,month-to-month,Bank transfer,Fiber optic,YES,Yes,NO,yes,94.9,89.99,52,SOUTH,4/12/2017,No
CUST-12031,Female,0,YES,Yes,7, Month-to-month ,Electronic check,Fiber optic,yes,N,Y,YES,92.57,649.27,54,east,4/20/2017,Yes
CUST-14220,Male,1,No,Yes,12,One year,Credit card,DSL,no,yes,Y,YES,71.62,851.33,77,West,4/26/2023,No
CUST-14525,Male,0,Yes,yes,67,Month-to-month,Credit card,DSL,N,no,Y,yes,64.17,4288.78,58,Central,7/23/2020,Yes
CUST-15878,Male,0,No,yes,21,Month-to-month,Bank transfer,No,No,No,No,no,10.05,216.84,26,West,8/13/2018,No
CUST-10546,Male,0,yes,yes,25,month-to-month,Bank transfer,Fiber optic,yes,No,no,YES,69.66,1749.56,18,North,10/1/2019,No
CUST-14161,Female,1,YES,YES,55,Month-to-month,Mailed check,Fiber optic,YES,no,NO,Y,74.54,4089.1,79,Central,12/3/2022,No
CUST-10789,Male,0,Yes,Y,32,Month-to-month,Bank transfer,No,No,No,No,yes,35.06,1105.74,53,North,5/16/2022,No
CUST-10215,Female,0,no,yes,17,Month-to-month,Electronic check,DSL,N,no,Y,N,66.81,1133.95,45,south,9/23/2017,Yes
CUST-14707,Female,0,no,Y,39,One year,Credit card,No,No,No,No,Y,32.56,1271.15,24,WEST,7/19/2020,No
CUST-15320,Male,0,N,Y,33,two year,Mailed check,Fiber optic,yes,YES,N,YES,76.33,2522,35,south,5/28/2023,No
CUST-12990,Male,0,yes,Y,65,month-to-month,Credit card,Fiber optic,N,YES,No,no,96.58,6297.54,69,North,12/14/2022,No
CUST-13873,Female,0,No,YES,14,Month-to-month,Credit card,DSL,YES,no,yes,YES,67.64,936.53,62,East,5/23/2020,No
CUST-15387,Male,0,NO,yes,38,month-to-month,Credit card,DSL,N,No,Yes,N,59.84,2255.77,58,South,7/7/2022,No
CUST-11840,Female,0,N,YES,49,Month-to-month,Electronic check,Fiber optic,YES,Y,N,no,78.39,3824.24,49,East,1/3/2021,Yes
CUST-10841,Male,0,Y,Y,22,Month-to-month,Bank transfer,No,No,No,No,Yes,22.88,523.21,51,Central,2/5/2022,Yes
CUST-15062,Male,0,no,no,12,one year,Credit card,Fiber optic,yes,Y,YES,Y,78.13,920.46,30,East,10/11/2018,No
CUST-12134,Male,0,No,no,43,Month-to-month,Mailed check,No,No,No,No,yes,32.42,1393.08,69,east,11/26/2021,No
CUST-11250,Male,1,YES,Y,53,one year,Electronic check,DSL,Yes,Yes,NO,NO,60.96,3229.02,73,East,2/15/2020,No
CUST-11427,Male,0,Yes,N,23,Month-to-month,Bank transfer,No,No,No,No,YES,19.61,445.75,22,Central,11/15/2017,Yes
CUST-14069,Male,0,YES,Yes,22,Month-to-month,Credit card,Fiber optic,Yes,No,Yes,YES,88.83,1953.01,64,West,5/25/2019,No
CUST-11655,Male,0,no,yes,69,One year,Bank transfer,No,No,No,No,Yes,40.14,2772.17,51,South,7/11/2023,Yes
CUST-10620,Female,0,Yes,no,41,month-to-month,Credit card,DSL,Yes,YES,no,YES,64.12,2624.85,52,West,9/15/2022,No
CUST-11939,Female,1,no,yes,21,Month-to-month,Credit card,Fiber optic,yes,YES,N,NO,76.47,1614.08,82,East,4/13/2020,No
CUST-14036,Female,0,YES,Yes,31,Two year,Mailed check,Fiber optic,no,NO,NO,Yes,79.55,2468.21,36,East,11/16/2018,No
CUST-11986,Female,0,yes,Y,38,month-to-month,Bank transfer,Fiber optic,no,yes,N,YES,69.43,2619.39,23,South,11/1/2018,No
CUST-10238,Male,1,NO,yes,19,Month-to-month,Electronic check,DSL,yes,YES,Yes,NO,50.18,951.36,75,West,12/8/2017,No
CUST-11437,Male,0,Yes,YES,30,Month-to-month,Mailed check,Fiber optic,no,Y,no,NO,75.35,2270.85,61,east,4/26/2021,Yes
CUST-14020,Male,0,no,no,1,Two year,Bank transfer,Fiber optic,NO,no,YES,YES,99.4,112.43,38,East,8/26/2021,Yes
CUST-11974,Female,0,Yes,YES,55, Month-to-month ,Mailed check,Fiber optic,YES,No,Yes,yes,96.96,5322.62,59,east,2/19/2018,No
CUST-10594,Female,0,yes,yes,53,month-to-month,Mailed check,Fiber optic,YES,no,no,N,71.02,3777.53,46,north,10/15/2020,No
CUST-11273,Male,1,no,N,11,Month-to-month,Bank transfer,Fiber optic,Y,NO,Yes,yes,108.88,1208.65,77,North,7/30/2023,Yes
CUST-11918,Male,0,NO,N,62,month-to-month,Bank transfer,DSL,N,NO,no,yes,42.02,2592.24,41,South,6/7/2021,No
CUST-11512,Male,1,NO,N,58,one year,Mailed check,No,No,No,No,yes,37.56,2166.53,85,West,1/13/2020,No
CUST-15645,Female,0,NO,yes,70,One year,Bank transfer,DSL,N,yes,no,No,60.61,4229,55,East,1/16/2020,No
CUST-12043,Female,0,No,YES,1,Month-to-month,Electronic check,No,No,No,No,Y,19.21,17.1,35,west,6/8/2018,Yes
CUST-13028,Female,0,Yes,Yes,13,two year,Bank transfer,DSL,N,NO,N,yes,45.97,602.48,61, Central ,7/28/2023,No
CUST-12802,Male,0,Yes,yes,38,Two year,Credit card,DSL,Y,no,No,NO,60.78,2298.84,21,Central,7/31/2021,No
CUST-11402,Female,1,N,NO,67,MONTH-TO-MONTH,Credit card,Fiber optic,Y,No,Y,NO,99.8,6682.15,75,North,11/23/2021,No
CUST-15243,Female,0,yes,No,61,One year,Bank transfer,Fiber optic,N,Yes,N,No,65.88,4023.83,38,East,1/11/2022,Yes
CUST-10889,Female,0,Y,Yes,19,Two year,Mailed check,Fiber optic,No,Y,YES,N,76.95,1477.59,35,EAST,9/11/2018,No
CUST-12685,Male,0,yes,no,70,Month-to-month,Credit card,DSL,N,NO,yes,no,55.85,3921.45,44,West,2/5/2018,Yes
CUST-11845,Female,1,NO,NO,47,Two year,Credit card,Fiber optic,NO,no,N,Yes,86.24,4062.52,74,EAST,1/30/2018,No
CUST-15695,Female,0,NO,Yes,43,month-to-month,Electronic check,DSL,yes,Yes,yes,N,74.42,3218.39,52,West,2/20/2018,No
CUST-11412,Male,0,N,no,18,Two year,Bank transfer,No,No,No,No,no,23.43,402.35,25,WEST,6/4/2017,Yes
CUST-11735,Male,0,yes,YES,66,Month-to-month,Mailed check,DSL,Y,Yes,no,N,44.45,2922.01,24,west,9/29/2020,No
CUST-13953,Male,0,NO,NO,57,ONE YEAR,Credit card,Fiber optic,YES,YES,YES,yes,87.67,4985.34,29,West,1/17/2022,No
CUST-11088,Female,0,no,yes,67,Month-to-month,Credit card,No,No,No,No,no,38.84,2611.24,53,East,8/30/2022,No
CUST-12065,Female,0,YES,N,35,One year,Electronic check,Fiber optic,YES,No,no,No,94.17,3287.04,42,East,7/31/2021,No
CUST-13345,Male,0,Y,no,9,two year,Credit card,No,No,No,No,Yes,27.62,267.42,23,East,5/10/2019,No
CUST-10125,Male,0,Y,yes,34,One year,Mailed check,Fiber optic,No,N,no,N,93.64,3180.51,52,EAST,8/6/2018,Yes
CUST-14300,Female,0,YES,NO,17,Month-to-month,Bank transfer,No,No,No,No,No,43.44,727.39,37,West,1/30/2021,Yes
CUST-15340,Male,1,yes,Y,11,ONE YEAR,Credit card,DSL,NO,YES,no,yes,67.02,754.4,77,South,6/22/2023,Yes
CUST-11123,Male,0,NO,YES,7,Two year,Bank transfer,Fiber optic,YES,no,No,No,69.05,476.53,28,South,4/12/2020,No
CUST-14175,Male,0,Y,Y,55,MONTH-TO-MONTH,Bank transfer,No,No,No,No,NO,28.88,1572.54,39,south,7/22/2022,No
CUST-14912,Female,0,no,NO,13,MONTH-TO-MONTH,Bank transfer,No,No,No,No,yes,24.48,319.47,56,West,10/30/2017,Yes
CUST-10207,Female,0,NO,Y,30, Month-to-month ,Bank transfer,DSL,Yes,Yes,No,Yes,62.97,1905.3,27, Central ,10/14/2021,No
CUST-10996,Male,0,yes,Yes,30,Month-to-month,Bank transfer,DSL,Yes,Yes,yes,NO,58.01,1751.36,50,South,5/25/2021,No
CUST-13300,Male,1,No,yes,16,One year,Bank transfer,DSL,NO,Y,Y,No,56.43,885.54,82,East,1/26/2022,No
CUST-15443,Male,0,YES,Y,35,Two year,Bank transfer,DSL,YES,NO,No,Yes,68.99,2431.14,24,EAST,9/21/2023,No
CUST-13653,Female,0,YES,Yes,13, Two year ,Electronic check,DSL,Yes,no,yes,No,59.13,781.87,27,North,2/23/2022,No
CUST-12983,Male,1,Yes,Yes,51,Two year,Mailed check,DSL,YES,No,Y,No,71.62,3635.67,83,north,7/16/2023,No
CUST-15275,Male,0,NO,N,46,Two year,Mailed check,Fiber optic,yes,yes,No,Yes,77.43,3580.45,33,Central,3/21/2023,No
CUST-13447,Female,1,NO,N,56,One year,Bank transfer,Fiber optic,Y,No,yes,Yes,108.49,6086.84,75,East,9/13/2019,No
CUST-14082,Male,0,No,yes,64,ONE YEAR,Mailed check,Fiber optic,NO,YES,Y,YES,90.71,5796.93,27,Central,9/5/2021,No
CUST-12760,Female,0,Yes,Yes,45, Month-to-month ,Credit card,No,No,No,No,yes,30.22,1371.46,53,South,2/27/2021,No
CUST-10273,Male,0,yes,No,10,month-to-month,Bank transfer,DSL,N,NO,yes,Yes,71.15,715.66,61,WEST,9/23/2022,Yes
CUST-13552,Male,0,NO,no,70,TWO YEAR,Credit card,DSL,N,Yes,Yes,Y,76.74,5390.42,29,West,3/10/2021,No
CUST-11469,Female,0,no,Yes,69,MONTH-TO-MONTH,Credit card,No,No,No,No,no,16.59,1162.04,36,South,4/28/2022,Yes
CUST-15848,Female,1,Y,YES,45,Two year,Credit card,Fiber optic,yes,yes,Y,Yes,102.85,4614.46,84,North,6/4/2018,No
CUST-14393,Male,0,Y,N,17,month-to-month,Mailed check,No,No,No,No,YES,39.28,649.62,68,North,10/19/2019,No
CUST-12794,Male,0,Y,NO,52,Month-to-month,Electronic check,DSL,N,Y,Yes,N,76.46,3970.87,57,west,2/17/2020,Yes
CUST-13397,Male,0,N,no,31,One year,Mailed check,DSL,YES,NO,No,N,36.28,1126.63,18,North,7/4/2021,Yes
CUST-15637,Male,0,NO,Y,46,month-to-month,Mailed check,No,No,No,No,No,33.4,1547.13,57,east,11/3/2020,No
CUST-13484,Female,0,YES,N,70,One year,Credit card,Fiber optic,Yes,Yes,No,No,98.6,6917.93,18,East,4/20/2021,No
CUST-15583,Female,0,no,Yes,63,Month-to-month,Mailed check,No,No,No,No,No,36.06,2261.14,31,SOUTH,12/13/2020,No
CUST-14902,Male,0,YES,NO,10, Two year ,Credit card,DSL,Y,Yes,YES,YES,65.67,637.36,34,South,7/31/2019,No
CUST-13610,Female,0,YES,yes,55,ONE YEAR,Mailed check,DSL,YES,YES,yes,yes,69.84,3826.51,35,Central,12/31/2022,No
CUST-10286,Male,0,YES,Y,3,Two year,Mailed check,No,No,No,No,YES,41.12,111.98,65,North,6/9/2018,No
CUST-11011,Female,0,YES,Yes,2,one year,Mailed check,Fiber optic,NO,yes,YES,NO,80.16,175.05,63,WEST,6/6/2018,No
CUST-15587,Female,0,Y,NO,18,Month-to-month,Electronic check,Fiber optic,Y,N,N,N,84.27,1525.46,66, Central ,7/14/2020,No
CUST-11877,Male,0,Yes,YES,19,MONTH-TO-MONTH,Electronic check,DSL,Y,yes,N,yes,61.19,1182.47,65,south,7/21/2022,Yes
CUST-12398,Female,0,no,NO,70,One year,Electronic check,DSL,yes,no,No,Y,47.5,3325.38,44,North,1/13/2018,Yes
CUST-12889,Female,0,N,no,58,Month-to-month,Electronic check,DSL,Y,no,yes,NO,60.66,3501.9,19,Central,10/30/2022,No
CUST-12634,Male,0,YES,yes,57,Month-to-month,Mailed check,Fiber optic,no,N,Y,Yes,81.75,4679.12,30,CENTRAL,2/12/2020,No
CUST-13849,Male,1,no,no,42, Month-to-month ,Mailed check,Fiber optic,no,Yes,NO,Yes,82.07,3459.24,72,West,6/4/2023,Yes
CUST-12211,Female,0,Yes,no,14,Two year,Credit card,No,No,No,No,Y,17.1,223.21,41,Central,6/8/2021,No
CUST-13051,Male,0,yes,yes,59,Month-to-month,Bank transfer,DSL,Yes,yes,N,yes,56.45,3326.74,61,East,3/15/2019,No
CUST-14944,Male,1,N,Yes,7,Two year,Credit card,Fiber optic,Y,YES,YES,YES,95.41,685.46,79,east,11/15/2017,No
CUST-15874,Female,0,yes,No,18,Month-to-month,Credit card,DSL,No,No,YES,No,52.13,922.42,46,South,12/16/2019,No
CUST-14123,Female,1,No,Yes,72, One year ,Credit card,DSL,Yes,No,NO,no,64.29,4619.04,75,West,12/31/2020,No
CUST-10835,Female,1,NO,Y,6,Month-to-month,Credit card,DSL,NO,NO,N,Y,61.43,364.75,72,North,10/18/2019,No
CUST-15907,Female,0,Y,NO,24,month-to-month,Mailed check,No,No,No,No,Yes,40.26,965.57,37,SOUTH,1/12/2022,No
CUST-13553,Male,0,N,No,25,Month-to-month,Bank transfer,Fiber optic,N,no,no,NO,71.61,1783.23,32,East,5/19/2020,Yes
CUST-11990,Female,1,NO,Y,55,Month-to-month,Bank transfer,DSL,Yes,NO,No,YES,63.73,3510.77,76, West ,9/1/2019,Yes
CUST-12941,Male,0,Yes,yes,1, Month-to-month ,Electronic check,No,No,No,No,no,42.4,23.65,63,south,10/9/2023,No
CUST-13314,Female,0,YES,Y,4,Month-to-month,Mailed check,DSL,NO,No,NO,no,44.54,170.76,47,East,3/2/2023,No
CUST-11948,Male,0,Y,Y,10,One year,Bank transfer,No,No,No,No,Yes,10.37,103.57,26,West,10/4/2018,No
CUST-12898,Female,1,yes,NO,27,Month-to-month,Bank transfer,Fiber optic,yes,N,NO,no,96.21,2608.31,74,south,5/3/2023,Yes
CUST-12519,Male,1,YES,No,36,Two year,Mailed check,Fiber optic,N,N,N,no,68.59,2450.57,79,EAST,3/4/2020,No
CUST-10472,Female,1,NO,no,8,Two year,Bank transfer,No,No,No,No,Y,36.15,277.79,80,South,9/1/2018,No
CUST-13586,Female,0,No,yes,44,Month-to-month,Bank transfer,DSL,N,Y,Yes,Yes,72.13,3160.24,58,North,8/14/2022,Yes
CUST-15931,Male,1,no,Yes,12,Month-to-month,Mailed check,Fiber optic,No,Yes,No,N,83.49,1020.1,73,West,12/28/2017,Yes
CUST-14741,Female,0,YES,Yes,72,One year,Mailed check,DSL,No,No,NO,NO,39.09,2802.75,66,East,3/10/2022,Yes
CUST-14120,Male,0,No,NO,11,Month-to-month,Electronic check,DSL,No,Y,N,Y,53.32,603.18,48,West,11/17/2021,No
CUST-10667,Male,1,No,yes,47,month-to-month,Credit card,No,No,No,No,no,36.96,1730.58,79,Central,4/25/2023,No
CUST-13122,Female,1,yes,YES,56,Month-to-month,Bank transfer,Fiber optic,yes,NO,N,Yes,82.73,4625.74,79,East,6/13/2021,No
CUST-13643,Female,0,yes,NO,13,TWO YEAR,Bank transfer,No,No,No,No,YES,10.96,128.19,55,South,12/24/2020,No
CUST-14114,Female,0,N,Yes,39,one year,Bank transfer,Fiber optic,No,YES,N,NO,84.74,3308.1,30,West,9/29/2019,No
CUST-14243,Male,0,Y,Yes,70,Month-to-month,Mailed check,Fiber optic,no,no,NO,no,84.63,5939.98,45,North,6/26/2020,No
CUST-15972,Female,0,yes,N,24,ONE YEAR,Mailed check,No,No,No,No,YES,20.77,503.01,30,Central,4/14/2020,No
CUST-14018,Male,0,No,No,43,Two year,Electronic check,DSL,N,Yes,no,YES,47.33,2022.88,52,East,1/30/2022,No
CUST-12903,Female,0,Y,YES,43,Month-to-month,Credit card,DSL,YES,yes,yes,No,78.13,3354.17,66,Central,3/20/2023,Yes
CUST-12830,Male,0,YES,yes,41,month-to-month,Mailed check,DSL,Yes,NO,no,No,61.39,2531.58,64,South,9/19/2019,No
CUST-14157,Female,0,NO,Y,60,one year,Bank transfer,No,No,No,No,Yes,44.09,2630.29,18,east,9/28/2023,No
CUST-13863,Male,1,no,YES,42,Month-to-month,Bank transfer,No,No,No,No,N,38.58,1627.44,78,SOUTH,9/6/2019,Yes
CUST-14440,Female,1,yes,No,54,One year,Mailed check,DSL,no,N,no,YES,36.31,1964.38,77,West,1/16/2020,Yes
CUST-12148,Female,0,N,YES,29,Month-to-month,Electronic check,Fiber optic,No,Y,No,No,83.94,2447.22,38,East,6/20/2019,No
CUST-12027,Male,1,Y,N,65,Month-to-month,Electronic check,No,No,No,No,Y,38.27,2498.88,73,East,5/18/2018,No
CUST-14466,Female,0,No,YES,33,Month-to-month,Electronic check,Fiber optic,No,NO,Yes,no,81.79,2685.04,19,West,7/24/2020,No
CUST-13127,Male,1,yes,NO,43,Month-to-month,Bank transfer,No,No,No,No,Yes,43.02,1856.61,73,West,11/26/2018,No
CUST-10208,Male,1,no,Yes,58,month-to-month,Electronic check,DSL,No,Yes,YES,YES,67.36,3895.27,76,West,10/5/2021,No
CUST-15143,Female,0,N,No,72,month-to-month,Credit card,DSL,YES,Y,Yes,no,66.29,4763.41,22,West,2/6/2023,Yes
CUST-13640,Female,0,no,Y,68,Two year,Bank transfer,DSL,YES,Yes,N,NO,39.75,2706.22,27,Central,3/1/2018,No
CUST-12835,Male,0,No,N,48,Month-to-month,Bank transfer,Fiber optic,N,N,no,YES,90.03,4305.85,48,South,4/30/2023,Yes
CUST-13120,Male,0,Y,No,8, One year ,Credit card,DSL,Y,yes,N,Y,56.47,433.47,65,East,8/30/2019,No
CUST-13527,Male,0,YES,no,31,Month-to-month,Mailed check,No,No,No,No,NO,38.25,1199.82,42,central,7/3/2023,Yes
CUST-11405,Male,0,Yes,yes,39,One year,Mailed check,Fiber optic,Y,YES,yes,N,77.83,3037.64,62,CENTRAL,3/23/2022,No
CUST-14139,Female,1,no,No,68,Two year,Mailed check,Fiber optic,N,No,N,no,78.68,5347.32,73,North,5/1/2021,Yes
CUST-12254,Male,0,yes,YES,66,One year,Credit card,Fiber optic,Yes,No,N,No,67.35,4437.27,25,South,2/21/2018,No
CUST-10840,Male,0,no,no,59, Month-to-month ,Electronic check,Fiber optic,NO,no,YES,yes,100.13,5911.32,61,South,4/16/2021,Yes
CUST-12378,Female,0,N,no,10,TWO YEAR,Bank transfer,Fiber optic,Yes,N,Y,Yes,95.68,976.04,64,west,6/18/2023,No
CUST-11063,Female,0,yes,N,4,one year,Credit card,No,No,No,No,N,30.87,122.22,66,WEST,8/14/2021,No
CUST-14196,Male,0,yes,No,53,month-to-month,Credit card,No,No,No,No,YES,31.24,1663.71,26,West,4/14/2022,No
CUST-13602,Male,0,Yes,YES,3,One year,Electronic check,Fiber optic,N,Y,Yes,N,77.72,250.85,26,Central,6/27/2018,No
CUST-11594,Female,1,Y,no,49,MONTH-TO-MONTH,Electronic check,DSL,No,Y,N,YES,67.27,3300.46,85,West,7/7/2020,Yes
CUST-14900,Female,0,no,N,20,month-to-month,Credit card,Fiber optic,Y,Y,Yes,No,89.78,1805.82,20,Central,12/16/2019,Yes
CUST-14419,Male,0,YES,YES,61,Month-to-month,Mailed check,Fiber optic,Y,no,no,Y,71.5,4363.09,52,East,3/9/2020,No
CUST-15659,Male,0,N,N,1,Month-to-month,Credit card,DSL,YES,Y,Yes,Y,77.2,72.1,48,North,11/22/2019,Yes
CUST-12149,Female,0,N,Y,46,two year,Bank transfer,DSL,Y,No,Y,No,66.84,3067.84,24,Central,6/24/2017,No
CUST-10342,Female,0,NO,Y,66,TWO YEAR,Mailed check,DSL,NO,YES,No,yes,68.07,4479.22,21,West,12/21/2022,No
CUST-11565,Male,0,no,N,20,Month-to-month,Bank transfer,Fiber optic,Y,no,YES,no,99.18,1969.34,53,South,9/30/2018,Yes
CUST-11642,Female,0,No,No,1,One year,Mailed check,DSL,Yes,yes,No,yes,40.46,42.19,19,north,1/29/2023,No
CUST-13463,Female,0,no,yes,68,Two year,Mailed check,Fiber optic,N,Y,N,N,72.58,4919.49,58,North,10/29/2017,Yes
CUST-15654,Female,0,Yes,No,17,One year,Credit card,No,No,No,No,N,17.87,317.17,25, North ,10/6/2018,No
CUST-13512,Female,1,Yes,YES,44,MONTH-TO-MONTH,Credit card,Fiber optic,Y,no,YES,YES,97.1,4275.9,80,West,1/1/2019,Yes
CUST-10124,Female,0,Y,Yes,26,Month-to-month,Bank transfer,No,No,No,No,Yes,20.79,536.44,49,South,12/12/2020,No
CUST-11159,Male,0,yes,YES,60,month-to-month,Mailed check,Fiber optic,yes,YES,N,No,75.93,4542.33,34, East ,6/14/2023,No
CUST-14702,Female,1,NO,No,40,month-to-month,Mailed check,DSL,yes,No,YES,NO,72.38,2915,70,central,3/27/2021,No
CUST-12186,Female,0,no,Yes,50,One year,Credit card,Fiber optic,YES,N,N,N,71.98,3579.13,22,central,12/15/2017,Yes
CUST-10704,Male,0,yes,N,58,Month-to-month,Credit card,No,No,No,No,yes,14.62,830.8,19,North,2/7/2022,Yes
CUST-14615,Male,0,no,Y,2,Two year,Electronic check,No,No,No,No,N,34.51,77.08,34,central,9/27/2021,Yes
CUST-11035,Female,1,yes,YES,15,Two year,Electronic check,No,No,No,No,N,19,273.96,83,East,12/7/2019,Yes
CUST-10766,Male,1,yes,Y,68,One year,Electronic check,No,No,No,No,yes,32.38,2218.13,84,Central,1/1/2023,No
CUST-12708,Male,0,No,NO,54,two year,Credit card,No,No,No,No,Yes,43.51,2351.13,53,WEST,2/17/2018,No
CUST-11758,Male,0,Y,No,32,Two year,Credit card,DSL,yes,Yes,Y,no,50.1,1600.75,38,East,7/25/2023,No
CUST-12556,Female,1,no,N,71,One year,Credit card,Fiber optic,N,Y,yes,N,80.14,5707.33,85,South,9/13/2017,No
CUST-14429,Female,0,no,No,12,Month-to-month,Bank transfer,Fiber optic,No,YES,N,Y,89.29,1060.2,24,north,7/28/2023,Yes
CUST-13340,Male,1,yes,Y,65,One year,Credit card,Fiber optic,NO,NO,No,NO,71.1,4603.62,70,West,3/30/2019,No
CUST-13059,Female,0,Y,no,38,Month-to-month,Mailed check,No,No,No,No,yes,10.13,375.65,19,North,8/8/2017,No
CUST-14578,Female,0,N,Yes,22,One year,Bank transfer,No,No,No,No,Y,17.67,373.14,38,North,7/27/2018,No
CUST-12457,Female,1,NO,no,64,month-to-month,Credit card,Fiber optic,YES,Y,Yes,YES,109.97,7026.58,74,South,6/24/2020,No
CUST-14478,Female,0,N,N,32,One year,Bank transfer,DSL,N,Yes,No,NO,36.22,1162.68,59,NORTH,11/5/2023,No
CUST-12219,Male,0,YES,Y,45,Month-to-month,Bank transfer,Fiber optic,Yes,yes,Yes,NO,100.23,4519.54,38,Central,11/17/2022,No
CUST-10897,Male,0,Y,yes,18,One year,Mailed check,DSL,yes,no,No,YES,67.26,1217.16,59, South ,1/31/2022,No
CUST-10090,Male,0,Yes,Y,41,month-to-month,Bank transfer,No,No,No,No,yes,22.45,938.1,45,North,11/2/2021,No
CUST-11703,Male,0,NO,NO,62,Two year,Electronic check,No,No,No,No,yes,35.98,2248.42,51,east,10/2/2020,No
CUST-13891,Male,0,NO,NO,54,One year,Bank transfer,DSL,YES,No,no,no,55.48,2979.06,62,north,3/18/2018,No
CUST-15830,Male,0,NO,NO,38,Two year,Mailed check,DSL,no,yes,No,yes,69.78,2664.3,68,East,11/22/2019,No
CUST-14986,Female,1,Y,YES,11,month-to-month,Credit card,Fiber optic,No,NO,NO,No,93.94,1017.86,80,East,2/23/2018,No
CUST-14646,Male,0,yes,YES,55,One year,Mailed check,DSL,YES,N,Y,no,66.52,3654.41,42,East,5/1/2021,No
CUST-13312,Male,0,No,NO,59,One year,Bank transfer,Fiber optic,no,Yes,N,Y,66.31,3892.56,64,Central,5/1/2019,No
CUST-14626,Male,0,No,Yes,48,One year,Mailed check,Fiber optic,YES,no,yes,yes,100.3,4825.95,30,East,2/2/2019,No
CUST-14302,Male,0,YES,no,26,One year,Credit card,Fiber optic,No,No,Y,Y,107.9,2797.06,42, North ,9/27/2018,No
CUST-15321,Male,0,No,NO,57,two year,Mailed check,Fiber optic,Yes,yes,YES,yes,104.19,5943.48,65,South,11/21/2018,Yes
CUST-10892,Male,1,No,Y,12,MONTH-TO-MONTH,Mailed check,No,No,No,No,Y,10.25,119.07,71,South,8/4/2022,No
CUST-10637,Female,0,yes,N,44, Month-to-month ,Mailed check,Fiber optic,Yes,no,NO,YES,74.11,3279.77,53,Central,12/9/2020,Yes
CUST-10962,Male,0,no,no,30,Month-to-month,Credit card,No,No,No,No,N,30.94,938.71,30,North,10/11/2023,Yes
CUST-15108,Female,0,no,N,63,Two year,Electronic check,Fiber optic,no,YES,YES,No,95.29,6017.83,53,Central,11/7/2022,No
CUST-14331,Female,0,YES,YES,20,Month-to-month,Bank transfer,No,No,No,No,Yes,36.02,737.17,65,Central,6/20/2020,Yes
CUST-15009,Female,0,YES,YES,20,one year,Electronic check,Fiber optic,NO,N,No,no,98.6,1991.47,20,South,4/1/2018,No
CUST-12773,Male,0,Yes,YES,51,month-to-month,Bank transfer,No,No,No,No,N,25.29,1275.97,63,East,11/13/2018,No
CUST-12076,Male,0,no,yes,46,Two year,Mailed check,DSL,NO,no,Yes,yes,55.49,2554.58,59,South,9/3/2018,Yes
CUST-11099,Female,0,N,YES,64,Month-to-month,Mailed check,DSL,YES,NO,N,Y,39.38,2530.9,47,East,3/29/2020,No
CUST-14752,Male,0,NO,yes,53,month-to-month,Credit card,DSL,NO,No,yes,No,46.99,2503.12,69,North,11/14/2018,Yes
CUST-10997,Male,0,YES,no,19,Month-to-month,Bank transfer,Fiber optic,No,YES,yes,Yes,97.03,1857.29,34,North,5/21/2018,No
CUST-15483,Male,0,No,N,6,Month-to-month,Electronic check,DSL,yes,N,No,NO,68.83,432.83,59,north,10/7/2023,Yes
CUST-11708,Female,0,NO,Y,56,TWO YEAR,Credit card,Fiber optic,no,NO,Y,yes,109.1,6115.63,60,East,7/14/2018,Yes
CUST-13674,Female,0,no,YES,50,One year,Bank transfer,Fiber optic,No,N,no,Y,92.87,4662.69,24,west,1/14/2021,No
CUST-15728,Male,0,no,yes,43,Month-to-month,Electronic check,Fiber optic,Y,N,yes,No,89.21,3818.36,34,Central,3/21/2019,No
CUST-14750,Female,0,Y,No,52,month-to-month,Bank transfer,DSL,Yes,YES,no,Yes,41.72,2156.21,26, West ,11/27/2022,No
CUST-13809,Female,1,yes,Yes,39,two year,Electronic check,Fiber optic,no,Y,N,Yes,66.54,2590.63,75,SOUTH,1/19/2022,Yes
CUST-11807,Female,0,N,YES,29,month-to-month,Electronic check,No,No,No,No,Yes,17.69,493.62,25,east,7/22/2021,Yes
CUST-15270,Male,0,no,No,5,Month-to-month,Mailed check,Fiber optic,No,Y,N,YES,80.65,386.99,36,South,1/5/2021,Yes
CUST-15843,Female,0,yes,YES,43,Month-to-month,Bank transfer,DSL,Yes,Y,Y,No,45.87,1969.97,48,WEST,2/4/2019,Yes
CUST-13071,Male,0,N,N,15,Month-to-month,Electronic check,No,No,No,No,N,28.59,415.23,62,North,6/4/2022,Yes
CUST-10159,Male,0,NO,Y,5,Month-to-month,Bank transfer,DSL,NO,NO,no,Y,47.79,245.08,22,South,2/15/2018,No
CUST-10118,Female,0,N,no,20,Month-to-month,Mailed check,DSL,No,no,N,yes,41.16,826.9,69,East,11/24/2019,Yes
CUST-13455,Female,0,YES,YES,49,two year,Credit card,Fiber optic,Yes,NO,no,NO,74.38,3632.46,43,North,12/12/2019,No
CUST-11555,Female,0,N,N,67,MONTH-TO-MONTH,Mailed check,DSL,Yes,N,yes,N,55.73,3731.32,47,North,1/26/2019,No
CUST-13106,Male,0,NO,yes,53,MONTH-TO-MONTH,Mailed check,DSL,No,YES,No,N,57.37,3021.18,32,North,10/13/2022,No
CUST-12160,Male,0,NO,NO,38,Month-to-month,Bank transfer,Fiber optic,N,no,Yes,NO,103.24,3914.45,24,West,10/5/2018,Yes
CUST-14424,Female,0,Yes,N,14,Two year,Credit card,Fiber optic,no,N,Yes,Yes,76.8,1077.92,25,south,4/6/2023,No
CUST-12310,Female,0,YES,Yes,70,month-to-month,Credit card,Fiber optic,No,yes,Yes,YES,87.7,6144.38,61, Central ,4/30/2023,Yes
CUST-12298,Female,0,N,No,46,One year,Electronic check,Fiber optic,YES,N,Yes,Yes,92.94,4276.4,55,south,10/5/2018,Yes
CUST-15192,Female,1,NO,yes,15,Month-to-month,Credit card,DSL,Y,no,N,N,37.29,573.88,84,Central,2/25/2021,Yes
CUST-12436,Female,0,yes,No,68,One year,Electronic check,Fiber optic,Y,Y,NO,NO,79.58,5414.32,22,Central,6/10/2023,Yes
CUST-12673,Female,0,YES,no,70,Month-to-month,Credit card,Fiber optic,no,NO,no,Yes,90.45,6331.92,61,Central,8/18/2021,No
CUST-15693,Male,0,No,yes,58,One year,Credit card,DSL,no,N,N,YES,53.82,3133.83,39,East,7/28/2018,Yes
CUST-15428,Male,0,yes,Yes,47,Two year,Credit card,No,No,No,No,NO,28.9,1375.38,54,West,4/22/2018,No
CUST-11801,Male,0,NO,No,1,Two year,Bank transfer,Fiber optic,YES,N,YES,YES,84.41,101.88,60,North,8/5/2017,Yes
CUST-13065,Female,0,yes,N,32,ONE YEAR,Credit card,No,No,No,No,no,36.63,1175.51,51,West,11/20/2019,No
CUST-13258,Female,0,Y,No,71, One year ,Bank transfer,DSL,N,No,YES,NO,60.06,4281.82,51,WEST,7/8/2023,No
CUST-14863,Female,0,Y,N,24,Month-to-month,Mailed check,No,No,No,No,yes,41.63,983.42,36,South,6/16/2019,No
CUST-12022,Female,1,no,No,41,Month-to-month,Electronic check,DSL,Y,No,N,yes,40.34,1663.21,76,West,5/5/2022,No
CUST-15523,Male,1,Y,yes,35,Two year,Credit card,No,No,No,No,yes,43.03,1515.73,77,SOUTH,2/19/2022,Yes
CUST-12687,Female,0,YES,no,25,One year,Credit card,Fiber optic,N,No,YES,YES,108.36,2718.61,54,central,10/12/2018,No
CUST-14990,Male,0,no,No,19,Month-to-month,Credit card,DSL,Yes,Y,yes,NO,52.25,984.86,42, West ,1/9/2019,No
CUST-15560,Male,0,no,YES,30,MONTH-TO-MONTH,Mailed check,Fiber optic,no,YES,N,N,81.71,2464.65,69,South,1/18/2019,Yes
CUST-13816,Female,0,Yes,N,33,MONTH-TO-MONTH,Bank transfer,No,No,No,No,no,33.95,1135.46,30,WEST,2/22/2022,No
CUST-11221,Male,0,N,no,40,Month-to-month,Mailed check,DSL,YES,Y,no,NO,36.61,1454.38,39,South,10/27/2019,No
CUST-10914,Male,0,Y,yes,38,Month-to-month,Credit card,DSL,N,no,yes,NO,59.38,2249.58,65,West,2/9/2019,No
CUST-12669,Female,0,Yes,Yes,1,Month-to-month,Mailed check,Fiber optic,Y,yes,Yes,yes,99.16,89.12,25,CENTRAL,2/15/2022,Yes
CUST-12555,Female,0,No,no,17,MONTH-TO-MONTH,Bank transfer,No,No,No,No,Y,41.03,711.02,46,East,7/29/2023,Yes
CUST-15738,Female,1,yes,yes,55,MONTH-TO-MONTH,Credit card,No,No,No,No,N,13.9,754.45,76,South,1/31/2022,Yes
CUST-13395,Male,0,NO,Yes,14,Two year,Credit card,DSL,no,N,YES,YES,47.31,644.1,40,East,9/6/2022,No
CUST-13097,Female,0,NO,N,12,Month-to-month,Electronic check,Fiber optic,YES,no,Yes,Yes,77.42,918.15,20,Central,1/8/2023,No
CUST-14761,Male,0,No,Y,35,Month-to-month,Electronic check,Fiber optic,Yes,yes,YES,No,85.61,2979.15,20,CENTRAL,10/14/2022,No
CUST-10348,Female,0,Y,yes,65,month-to-month,Bank transfer,Fiber optic,no,N,Yes,no,81.6,5318.19,58,north,4/2/2022,Yes
CUST-11982,Male,0,YES,Y,41,Month-to-month,Credit card,No,No,No,No,N,17.38,700.75,28,Central,8/11/2018,No
CUST-14006,Male,0,Yes,yes,29,two year,Credit card,DSL,yes,N,NO,Yes,60.01,1755.89,33,East,7/10/2017,Yes
CUST-13722,Female,0,NO,No,27,Month-to-month,Electronic check,Fiber optic,NO,NO,N,No,88.51,2383.47,20,East,3/19/2017,Yes
CUST-13347,Female,0,N,N,5,Month-to-month,Mailed check,No,No,No,No,YES,37.44,193.72,57,West,4/24/2023,Yes
CUST-12016,Female,0,N,N,58,MONTH-TO-MONTH,Credit card,Fiber optic,NO,no,No,YES,89.76,5211.38,47,EAST,11/12/2017,Yes
CUST-15951,Female,0,YES,NO,20,MONTH-TO-MONTH,Electronic check,Fiber optic,yes,Y,Yes,YES,95.52,1903.86,34,West,11/11/2023,Yes
CUST-13762,Female,0,Yes,NO,15,Month-to-month,Electronic check,Fiber optic,N,yes,yes,N,97.9,1483.82,65,West,11/17/2022,Yes
CUST-11736,Male,0,Y,Yes,16,MONTH-TO-MONTH,Electronic check,DSL,Y,YES,yes,Y,45.07,727.1,65,East,9/17/2019,Yes
CUST-15821,Female,0,Y,yes,34,Month-to-month,Electronic check,Fiber optic,NO,yes,YES,Yes,104.83,3559.45,49,Central,5/7/2017,Yes
CUST-11003,Male,0,Y,Y,22,One year,Bank transfer,DSL,No,No,no,No,64.25,1425.22,68,south,6/29/2020,No
CUST-12482,Female,0,no,NO,60,Month-to-month,Electronic check,No,No,No,No,NO,35.59,2123.06,59,North,9/10/2019,Yes
CUST-12189,Male,0,yes,Yes,15,Two year,Mailed check,Fiber optic,Y,N,no,YES,66.84,985.45,53,East,1/16/2019,No
CUST-11321,Female,0,Y,YES,12,month-to-month,Credit card,DSL,Yes,NO,yes,no,63.62,767.56,20,East,7/28/2018,Yes
CUST-12258,Female,0,YES,yes,34,Month-to-month,Mailed check,Fiber optic,Y,Yes,No,YES,73.62,2518.23,19,West,1/1/2019,No
CUST-13800,Female,0,Y,no,63,Month-to-month,Bank transfer,Fiber optic,Y,no,Y,no,109.76,6913.29,48,WEST,7/29/2019,No
CUST-12208,Male,0,Yes,Yes,43,MONTH-TO-MONTH,Electronic check,Fiber optic,YES,Yes,N,yes,77.62,3351.19,60,central,7/19/2023,No
CUST-15178,Male,0,No,Y,43,month-to-month,Mailed check,No,No,No,No,No,40.19,1744.76,63,SOUTH,11/28/2019,No
CUST-14021,Male,1,NO,YES,32,Two year,Bank transfer,Fiber optic,Yes,N,YES,NO,109.62,3490.79,83,NORTH,10/21/2023,No
CUST-12783,Male,0,yes,Yes,70,Month-to-month,Bank transfer,DSL,no,YES,Y,No,45.05,3148.19,42,central,4/5/2018,No
CUST-10157,Female,0,Yes,Yes,35,TWO YEAR,Mailed check,No,No,No,No,Yes,35.46,1256.78,50,central,7/28/2023,No
CUST-14903,Female,0,N,yes,7,Month-to-month,Credit card,DSL,yes,N,N,Yes,39.55,274.16,59,Central,11/10/2020,No
CUST-15011,Male,1,NO,N,50,two year,Electronic check,No,No,No,No,No,22.08,1108.67,82,NORTH,3/19/2022,No
CUST-11802,Male,0,YES,Y,14,Month-to-month,Bank transfer,Fiber optic,YES,No,NO,no,97.6,1362.85,22,West,6/11/2022,No
CUST-10513,Female,1,N,N,23,Two year,Electronic check,Fiber optic,yes,yes,no,YES,81.4,1886.92,74,Central,6/18/2018,No
CUST-13869,Female,0,N,yes,66,one year,Credit card,Fiber optic,Y,yes,YES,no,93.83,6189.89,65,East,12/2/2023,No
CUST-15333,Male,0,Yes,No,1,ONE YEAR,Credit card,Fiber optic,N,Y,yes,yes,107.28,87.62,59, West ,6/26/2023,Yes
CUST-12964,Female,0,N,NO,62,Month-to-month,Electronic check,No,No,No,No,yes,29.6,1842.99,41,North,6/16/2017,No
CUST-10878,Female,1,no,Y,55,Month-to-month,Mailed check,DSL,YES,No,yes,No,68.12,3763.01,80,EAST,9/8/2020,Yes
CUST-13802,Female,1,Yes,NO,57,TWO YEAR,Electronic check,Fiber optic,No,Yes,YES,Yes,84.17,4788.01,83,South,4/10/2017,No
CUST-10155,Male,0,YES,yes,20,Month-to-month,Bank transfer,DSL,Yes,N,No,Yes,43.77,863.3,55,SOUTH,6/16/2018,Yes
CUST-15549,Female,0,NO,no,37,One year,Mailed check,Fiber optic,No,YES,YES,NO,95.4,3529.51,49,east,11/27/2019,Yes
CUST-10441,Male,0,Yes,Yes,40,Month-to-month,Bank transfer,No,No,No,No,Yes,21.64,872.48,38,East,1/8/2022,No
CUST-10520,Male,1,yes,Yes,23,Month-to-month,Electronic check,DSL,no,Yes,yes,yes,69.79,1604.98,75,North,8/29/2018,No
CUST-10970,Female,0,Yes,YES,19,Two year,Mailed check,DSL,yes,No,Yes,Y,67.36,1260.63,26,WEST,12/26/2020,No
CUST-13826,Female,1,N,N,13,month-to-month,Credit card,Fiber optic,Y,yes,yes,NO,101.69,1305.45,72,North,4/7/2018,Yes
CUST-12730,Female,0,yes,Y,7,month-to-month,Bank transfer,No,No,No,No,Yes,24.78,181.3,37,South,11/13/2023,Yes
CUST-15756,Female,1,No,no,35,One year,Electronic check,No,No,No,No,yes,22.94,792.78,71,NORTH,12/10/2019,No
CUST-11541,Male,0,YES,N,66,Month-to-month,Mailed check,DSL,No,yes,Yes,no,60.62,3995.82,57, Central ,4/27/2021,No
CUST-13209,Male,0,NO,No,56,MONTH-TO-MONTH,Mailed check,Fiber optic,no,N,NO,no,84.14,4712.56,55,South,7/4/2019,No
CUST-14301,Female,1,NO,YES,17,One year,Credit card,Fiber optic,No,no,Yes,N,103.07,1737.33,84,West,1/23/2020,No
CUST-10457,Female,0,Yes,no,20,One year,Credit card,Fiber optic,yes,YES,YES,NO,92.58,1852.9,32,west,5/23/2019,No
CUST-12061,Female,0,Yes,N,20, One year ,Credit card,DSL,no,Yes,Y,Yes,47.21,958.83,22,north,3/11/2018,No
CUST-14940,Female,0,No,yes,45,MONTH-TO-MONTH,Mailed check,Fiber optic,yes,Y,N,N,70.18,3148.41,44,central,9/19/2017,No
CUST-14683,Male,0,Yes,No,7,Month-to-month,Mailed check,Fiber optic,NO,Yes,No,no,96.32,676.14,68,South,9/25/2022,Yes
CUST-11065,Male,0,yes,yes,32,MONTH-TO-MONTH,Electronic check,No,No,No,No,No,39.21,1272.8,42,South,7/28/2017,Yes
CUST-11138,Female,0,N,no,7,MONTH-TO-MONTH,Mailed check,DSL,No,no,Yes,NO,59.56,413.68,50,East,6/2/2017,No
CUST-11408,Male,0,no,NO,16,Two year,Credit card,No,No,No,No,Y,39.07,628.4,39,SOUTH,5/22/2023,No
CUST-11619,Female,0,No,No,53,Month-to-month,Mailed check,DSL,N,Yes,Yes,Yes,58.91,3104.41,45,EAST,10/7/2018,No
CUST-15562,Male,0,no,no,65,One year,Electronic check,Fiber optic,NO,NO,NO,Y,79.82,5181.2,36,SOUTH,8/14/2020,No
CUST-11742,Male,0,no,no,70,Month-to-month,Mailed check,No,No,No,No,Y,33.78,2381.25,66,South,7/26/2022,No
CUST-11163,Male,0,yes,YES,25,Month-to-month,Credit card,DSL,N,Y,YES,NO,66.29,1663.65,41,East,9/24/2018,No
CUST-10499,Female,0,no,no,12,Month-to-month,Mailed check,Fiber optic,N,YES,yes,Yes,86.89,1052.75,51,CENTRAL,1/11/2021,No
CUST-12199,Female,0,NO,No,9,MONTH-TO-MONTH,Bank transfer,Fiber optic,yes,yes,Y,NO,99.98,900.72,55,North,7/24/2021,Yes
CUST-14644,Male,0,NO,No,62,Month-to-month,Mailed check,DSL,N,no,Yes,No,73.93,4568.92,18,West,9/3/2017,Yes
CUST-15970,Female,0,yes,No,62,two year,Electronic check,DSL,yes,Yes,YES,N,73.71,4589.78,35,SOUTH,4/7/2022,No
CUST-13148,Male,0,no,YES,21,Month-to-month,Bank transfer,DSL,NO,Yes,yes,yes,79.71,1677.92,52,WEST,11/10/2020,No
CUST-13535,Female,0,Y,No,47,Two year,Electronic check,DSL,Yes,yes,Yes,yes,65.51,3085.66,29, West ,2/7/2018,No
CUST-15174,Male,0,N,Y,37,TWO YEAR,Bank transfer,Fiber optic,Yes,yes,Yes,N,86.81,3227.26,43,South,2/18/2021,No
CUST-11748,Female,1,no,Y,65,One year,Bank transfer,No,No,No,No,Yes,21.91,1434.65,78,EAST,2/8/2020,No
CUST-10776,Female,0,yes,YES,33,one year,Electronic check,No,No,No,No,yes,40.18,1315.25,23,WEST,7/13/2023,No
CUST-13983,Female,0,No,yes,42,TWO YEAR,Bank transfer,Fiber optic,No,NO,Y,yes,85.65,3596.76,69,South,4/27/2022,No
CUST-11881,Male,0,Y,N,16,One year,Bank transfer,DSL,no,yes,yes,No,75.31,1209.48,23,SOUTH,10/7/2018,No
CUST-12062,Male,0,Yes,No,19, Month-to-month ,Mailed check,DSL,N,Yes,YES,Yes,61.58,1161.83,48,East,1/15/2021,Yes
CUST-13847,Male,0,No,NO,31,Month-to-month,Mailed check,Fiber optic,NO,yes,NO,yes,77.72,2390.5,32,west,10/22/2021,No
CUST-13137,Male,0,N,no,66,Month-to-month,Electronic check,Fiber optic,Y,Yes,no,N,65.34,4322.24,57,North,7/21/2018,No
CUST-11010,Male,0,yes,N,54,One year,Credit card,No,No,No,No,Yes,32.02,1739.5,33,West,2/13/2018,No
CUST-13742,Female,0,N,N,43,Month-to-month,Credit card,DSL,Yes,No,YES,NO,56.7,2434.77,35,NORTH,11/6/2019,No
CUST-11710,Female,0,Yes,Yes,41,One year,Credit card,Fiber optic,no,Yes,Yes,no,84.21,3440.61,54,CENTRAL,8/16/2021,No
CUST-14439,Male,0,no,yes,67,Month-to-month,Bank transfer,No,No,No,No,no,14.29,961.1,54, West ,5/26/2022,Yes
CUST-10976,Female,0,N,NO,24, Month-to-month ,Electronic check,DSL,YES,NO,no,yes,65.97,1595.96,27,South,9/26/2017,No
CUST-11379,Male,0,NO,Y,22,Month-to-month,Mailed check,DSL,N,Yes,Yes,YES,73.33,1603.7,59,East,1/28/2023,Yes
CUST-15952,Male,1,N,Y,4,Month-to-month,Electronic check,Fiber optic,No,Y,no,Yes,90.09,356.67,75,West,9/2/2018,Yes
CUST-10821,Male,0,NO,N,20,ONE YEAR,Mailed check,DSL,NO,no,YES,No,50.66,1016.39,46,Central,3/7/2020,No
CUST-13979,Male,1,Yes,YES,57, Two year ,Credit card,Fiber optic,YES,YES,no,yes,89.82,5103.03,78,Central,6/3/2020,No
CUST-10245,Male,0,YES,Y,52,Month-to-month,Mailed check,DSL,yes,No,Yes,yes,77.32,4019.82,37,Central,11/8/2019,No
CUST-14997,Female,0,yes,Y,51,TWO YEAR,Electronic check,Fiber optic,NO,no,NO,yes,65.67,3333.18,69,West,1/20/2019,No
CUST-12282,Male,0,YES,Y,55,Two year,Electronic check,No,No,No,No,no,34.27,1870.22,55,East,6/2/2018,No
CUST-15300,Female,0,NO,yes,34,Month-to-month,Credit card,Fiber optic,no,yes,Yes,Y,106.19,3617.63,33,Central,8/4/2023,Yes
CUST-13761,Male,1,N,N,16,Month-to-month,Credit card,No,No,No,No,yes,24.13,383.39,81, Central ,7/6/2021,Yes
CUST-10693,Female,1,No,No,6,Month-to-month,Credit card,DSL,no,No,Yes,YES,49.41,277.72,76,EAST,2/12/2019,No
CUST-13217,Male,0,YES,No,67,month-to-month,Mailed check,No,No,No,No,yes,25.57,1729.37,40,east,10/2/2018,No
CUST-12505,Male,0,Yes,Y,36,ONE YEAR,Bank transfer,No,No,No,No,No,26.66,978.73,37,West,3/27/2023,Yes
CUST-14257,Female,0,NO,yes,55,Month-to-month,Electronic check,Fiber optic,Yes,no,Yes,No,78.08,4305.07,44,South,1/28/2022,No
CUST-12223,Male,0,yes,yes,63,Month-to-month,Electronic check,DSL,Y,Yes,NO,No,44.01,2783.49,52,north,7/9/2019,Yes
CUST-12262,Female,0,Y,Y,48,Two year,Electronic check,No,No,No,No,yes,16.76,789.5,19,CENTRAL,6/8/2019,No
CUST-10078,Male,0,Y,yes,62,Month-to-month,Credit card,No,No,No,No,Y,25.99,1593.69,47,North,6/18/2020,Yes
CUST-10192,Female,0,Yes,Y,2,Month-to-month,Mailed check,DSL,NO,no,No,Yes,43.94,70.28,30,NORTH,11/16/2020,No
CUST-13656,Male,0,YES,no,67,Month-to-month,Electronic check,DSL,yes,Yes,YES,No,66.23,4441.11,31, West ,7/4/2018,No
CUST-14066,Male,0,no,yes,27,Month-to-month,Mailed check,No,No,No,No,N,33.31,910.02,67,East,1/21/2021,Yes
CUST-12427,Male,1,No,YES,72,One year,Bank transfer,DSL,YES,yes,No,Y,47.92,3466.16,81,SOUTH,7/18/2019,No
CUST-14307,Female,0,Y,NO,43,MONTH-TO-MONTH,Mailed check,Fiber optic,N,YES,N,yes,75.38,3231.9,20,SOUTH,9/21/2022,Yes
CUST-14088,Male,1,YES,no,30,One year,Electronic check,No,No,No,No,YES,24.22,740.46,85,West,11/29/2019,No
CUST-10301,Male,0,Yes,yes,25,One year,Mailed check,No,No,No,No,Y,34.32,877.28,56,East,3/16/2020,No
CUST-13526,Male,0,yes,N,61,Month-to-month,Electronic check,Fiber optic,yes,NO,yes,YES,103.36,6309.08,64,East,4/25/2017,Yes
CUST-12894,Female,0,Y,Y,31,ONE YEAR,Mailed check,Fiber optic,NO,No,YES,N,87.64,2725.61,32,CENTRAL,12/16/2017,No
CUST-13919,Female,0,Y,N,9,One year,Mailed check,No,No,No,No,NO,20.26,184.2,46,Central,11/9/2017,No
CUST-11487,Male,0,N,Y,37,month-to-month,Bank transfer,DSL,YES,N,Y,no,78.34,2901.67,27,West,3/3/2022,No
CUST-13315,Female,0,yes,yes,1,Two year,Mailed check,Fiber optic,No,no,no,Y,98.2,113,28,South,12/2/2017,Yes
CUST-14450,Female,0,Yes,Yes,5,two year,Bank transfer,DSL,no,YES,no,NO,57.79,302.05,36,Central,3/3/2020,Yes
CUST-14167,Female,1,yes,NO,15, Month-to-month ,Electronic check,Fiber optic,Y,no,No,Y,82.55,1224.79,78,Central,7/15/2022,Yes
CUST-10965,Male,1,yes,NO,17,Month-to-month,Electronic check,Fiber optic,Y,N,NO,No,79.19,1345.66,85,South,10/26/2022,Yes
CUST-12805,Female,0,no,Yes,5,Two year,Electronic check,Fiber optic,YES,No,no,No,79.41,410.61,65,West,12/3/2020,No
CUST-14174,Male,0,yes,Y,54,Two year,Mailed check,DSL,Yes,yes,Y,Y,56.12,3039.09,67,South,2/21/2022,No
CUST-14185,Male,0,Y,N,29,One year,Credit card,No,No,No,No,Yes,21.98,635.6,45,EAST,8/13/2020,No
CUST-10894,Female,0,Y,Yes,21, Two year ,Mailed check,DSL,Yes,NO,Yes,Yes,63.37,1335.48,61,east,6/4/2021,No
CUST-12029,Male,0,No,Yes,64,Month-to-month,Mailed check,DSL,Yes,YES,YES,NO,57.6,3693.78,33,central,8/31/2020,Yes
CUST-12387,Female,0,Y,Y,60,Month-to-month,Credit card,Fiber optic,N,Yes,N,YES,97.93,5874.3,33,North,6/19/2021,Yes
CUST-14858,Female,0,N,No,63,one year,Electronic check,Fiber optic,No,yes,No,Yes,67.33,4227.38,67,south,8/20/2017,No
CUST-13805,Female,1,no,N,42,two year,Mailed check,Fiber optic,yes,Yes,No,YES,82.13,3466.53,79,South,10/8/2017,No
CUST-14100,Male,0,YES,NO,71,One year,Bank transfer,Fiber optic,N,Y,Y,yes,90.24,6405.09,59,Central,3/13/2021,Yes
CUST-10681,Female,0,yes,Yes,16,Month-to-month,Bank transfer,Fiber optic,no,YES,No,NO,97.71,1580.99,68,North,10/1/2018,Yes
CUST-11125,Female,0,no,YES,72,Month-to-month,Bank transfer,Fiber optic,No,yes,no,YES,91.55,6590.31,27,NORTH,12/17/2018,Yes
CUST-14636,Male,0,No,YES,2,MONTH-TO-MONTH,Bank transfer,Fiber optic,no,YES,NO,no,81.2,163.77,30,South,1/23/2023,No
CUST-11773,Female,0,no,Y,62,Month-to-month,Electronic check,No,No,No,No,N,11.55,696.89,45,Central,5/12/2020,No
CUST-13244,Male,1,no,yes,32,Month-to-month,Bank transfer,Fiber optic,no,Y,N,YES,96.15,3064.89,77,Central,2/18/2019,No
CUST-12588,Female,0,YES,yes,11,Month-to-month,Mailed check,Fiber optic,N,N,YES,yes,75.33,840.47,40,South,9/3/2019,Yes
CUST-11506,Female,0,Yes,N,15,Month-to-month,Mailed check,Fiber optic,YES,No,No,no,78.39,1193.6,23,WEST,12/12/2020,No
CUST-10999,Female,0,Y,YES,4,One year,Mailed check,Fiber optic,yes,Yes,Yes,yes,82.55,335.07,30,SOUTH,2/10/2019,No
CUST-10137,Female,0,yes,Yes,64,month-to-month,Bank transfer,Fiber optic,N,NO,No,No,88.17,5649.02,19,WEST,5/19/2023,Yes
CUST-10669,Female,1,N,No,68,Month-to-month,Credit card,Fiber optic,N,no,Yes,YES,90.54,6168.14,70,West,11/8/2020,No
CUST-10568,Female,0,N,NO,10,Month-to-month,Credit card,No,No,No,No,NO,42.41,406.38,43, North ,1/27/2019,No
CUST-11793,Male,0,Yes,NO,44,Two year,Credit card,No,No,No,No,Yes,35.31,1572.72,50,NORTH,7/14/2023,Yes
CUST-13570,Male,0,No,No,68,Month-to-month,Bank transfer,DSL,no,no,Yes,Y,68.5,4673.18,41,South,6/7/2018,No
CUST-13394,Male,0,NO,yes,3,MONTH-TO-MONTH,Credit card,Fiber optic,N,YES,YES,yes,84.54,257.42,67,west,10/2/2019,Yes
CUST-11042,Female,1,yes,NO,28,TWO YEAR,Credit card,Fiber optic,No,Y,no,No,94.05,2624.03,71,south,6/17/2018,No
CUST-12618,Male,0,NO,YES,18,Month-to-month,Mailed check,Fiber optic,Y,yes,no,Y,68.45,1238.5,39,Central,9/3/2017,No
CUST-10492,Female,0,no,YES,12,Two year,Electronic check,Fiber optic,Y,N,Y,Y,106.35,1286.39,28,East,4/19/2020,Yes
CUST-12200,Male,0,yes,yes,63,Month-to-month,Credit card,Fiber optic,No,NO,Yes,no,85.75,5419.86,34,south,3/22/2022,Yes
CUST-15294,Male,0,Y,N,38,One year,Bank transfer,No,No,No,No,No,27.88,1043.97,44,Central,2/16/2022,No
CUST-10961,Female,0,NO,no,63,One year,Bank transfer,DSL,no,Y,No,Y,62.65,3939.74,55,South,8/26/2023,No
CUST-13404,Male,0,no,N,60,Month-to-month,Electronic check,Fiber optic,No,no,no,N,71.71,4307.3,48,West,5/13/2021,Yes
CUST-14520,Male,0,No,yes,26,Month-to-month,Bank transfer,Fiber optic,no,yes,yes,yes,105.84,2751.37,64,West,8/11/2020,Yes
CUST-11447,Male,1,No,NO,12,ONE YEAR,Bank transfer,Fiber optic,NO,no,yes,YES,82.51,1006.09,76,West,7/13/2022,No
CUST-15134,Male,0,No,YES,66,Month-to-month,Mailed check,Fiber optic,no,Y,YES,no,87.87,5802.31,63,Central,2/28/2018,Yes
CUST-13050,Male,1,YES,yes,68,Month-to-month,Bank transfer,DSL,YES,Yes,NO,Y,56.19,3817.17,82,South,8/6/2020,Yes
CUST-14287,Male,1,No,Y,21,One year,Credit card,Fiber optic,YES,yes,no,Yes,71.41,1492.07,77,SOUTH,2/1/2023,No
CUST-12067,Male,0,Yes,no,30,One year,Mailed check,Fiber optic,N,yes,Y,Yes,78.89,2374.47,56,NORTH,1/10/2022,No
CUST-11537,Female,0,YES,no,62,Two year,Mailed check,No,No,No,No,YES,35.29,2168.45,34,west,11/4/2021,No
CUST-14338,Male,0,no,N,53,TWO YEAR,Electronic check,No,No,No,No,NO,16.2,854.04,65,Central,3/29/2023,No
CUST-13232,Female,0,Y,NO,42,One year,Credit card,Fiber optic,YES,NO,no,No,84.14,3549.23,55,west,2/12/2020,No
CUST-11363,Male,0,yes,Y,61,Month-to-month,Electronic check,DSL,Yes,no,Y,YES,58.96,3599.57,62,North,10/7/2023,Yes
CUST-10634,Male,0,N,No,17,Two year,Electronic check,No,No,No,No,YES,23.04,380.86,59,North,4/26/2021,No
CUST-14722,Female,0,yes,Y,19,Month-to-month,Mailed check,DSL,N,No,no,N,51.14,974.88,54,East,3/15/2017,Yes
CUST-12155,Female,0,Yes,Yes,46,TWO YEAR,Bank transfer,DSL,yes,No,N,N,66.78,3066.92,36,South,5/23/2022,No
CUST-11457,Female,0,NO,no,51,MONTH-TO-MONTH,Credit card,DSL,yes,YES,Yes,Y,69.32,3529.85,55, Central ,9/1/2021,No
CUST-14948,Female,0,yes,N,59,Two year,Electronic check,Fiber optic,YES,yes,Y,No,85.71,5056.82,64,west,3/24/2018,No
CUST-10408,Male,0,yes,N,61,Month-to-month,Mailed check,DSL,yes,N,No,No,48.55,2956.64,26,North,2/6/2019,No
CUST-14823,Male,0,yes,yes,11,Month-to-month,Bank transfer,Fiber optic,Y,YES,N,NO,91.4,1001.03,61,NORTH,3/20/2022,No
CUST-10614,Male,0,No,N,48,Month-to-month,Electronic check,No,No,No,No,Y,38.31,1822.81,61,East,4/15/2022,No
CUST-10701,Male,0,N,no,65,TWO YEAR,Credit card,No,No,No,No,NO,21.61,1419.93,21,west,11/4/2022,Yes
CUST-15481,Male,0,N,YES,12,Month-to-month,Bank transfer,Fiber optic,NO,NO,Yes,yes,95.56,1151.56,24,East,2/2/2020,Yes
CUST-12107,Male,0,Yes,no,7,One year,Mailed check,DSL,no,no,Yes,YES,75.69,542.21,45,North,5/8/2019,No
CUST-11942,Male,1,no,no,67,Month-to-month,Credit card,Fiber optic,Y,no,Yes,no,94.51,6340.97,73, South ,9/3/2019,No
CUST-14857,Male,0,No,yes,66,MONTH-TO-MONTH,Mailed check,Fiber optic,YES,Yes,no,N,72.63,4791.42,36,West,4/18/2021,No
CUST-15899,Male,0,YES,NO,14,month-to-month,Credit card,No,No,No,No,NO,35.91,497.2,56,Central,1/17/2021,No
CUST-12352,Female,0,no,YES,71,Month-to-month,Credit card,Fiber optic,N,No,Yes,no,87.93,6231.47,62,EAST,3/6/2021,No
CUST-10809,Female,1,no,Yes,27,Month-to-month,Bank transfer,DSL,Yes,N,Yes,NO,69.7,1888.77,82,East,5/12/2023,Yes
CUST-13149,Female,1,NO,no,43,Month-to-month,Credit card,DSL,Y,yes,Yes,N,48.78,2099.32,82,Central,3/22/2021,Yes
CUST-13803,Female,0,Yes,NO,18,One year,Mailed check,DSL,yes,no,no,No,41.54,758.65,55,East,2/13/2022,No
CUST-13798,Female,0,Y,yes,56,One year,Credit card,Fiber optic,N,Y,Y,yes,105.56,5925.41,34,NORTH,9/15/2018,No
CUST-11770,Female,0,Yes,YES,4,Month-to-month,Credit card,DSL,NO,N,YES,No,69.76,282.55,42,East,11/8/2017,Yes
CUST-15057,Male,1,Yes,No,50,MONTH-TO-MONTH,Mailed check,Fiber optic,Y,N,Y,yes,86.96,4348.55,75,East,4/18/2020,Yes
CUST-10415,Male,0,Yes,YES,8,Month-to-month,Bank transfer,Fiber optic,Y,yes,Yes,Yes,81.45,651.87,46,SOUTH,6/1/2017,No
CUST-14479,Male,0,yes,NO,26, Month-to-month ,Mailed check,DSL,NO,N,Y,No,76.28,1998.39,36,Central,11/6/2023,Yes
CUST-13454,Male,1,YES,Y,32,two year,Bank transfer,No,No,No,No,Y,40.94,1296.94,85,South,11/9/2018,No
CUST-15582,Male,0,Yes,N,54,Two year,Electronic check,No,No,No,No,N,32.27,1761.68,56,central,5/26/2018,No
CUST-11856,Female,0,N,yes,17,Month-to-month,Credit card,Fiber optic,No,YES,no,No,98.64,1665.23,18,WEST,11/4/2020,Yes
CUST-12072,Female,0,Yes,YES,27,month-to-month,Electronic check,DSL,YES,No,YES,YES,52.59,1423.09,58,Central,6/25/2022,No
CUST-13064,Female,0,NO,No,67,Month-to-month,Credit card,Fiber optic,YES,yes,no,NO,93.93,6298.2,49,Central,5/29/2023,Yes
CUST-13630,Male,0,Y,YES,57,Two year,Electronic check,DSL,YES,No,N,yes,45.69,2602.28,49,West,6/1/2019,No
CUST-12129,Female,0,YES,Y,58,One year,Bank transfer,DSL,No,N,N,Y,53.18,3098.18,63,South,2/21/2018,Yes
CUST-13208,Male,0,YES,NO,58,TWO YEAR,Mailed check,Fiber optic,no,no,NO,yes,70.54,4096.17,51,east,7/11/2017,Yes
CUST-11740,Female,0,yes,no,67,Month-to-month,Mailed check,Fiber optic,YES,YES,YES,Y,103.26,6899.04,44,Central,7/12/2019,Yes
CUST-13988,Male,0,Yes,Y,33,Month-to-month,Bank transfer,Fiber optic,YES,YES,NO,no,78.04,2589.08,59,East,2/5/2020,No
CUST-11009,Female,0,yes,YES,5,Month-to-month,Bank transfer,No,No,No,No,N,12.52,75.86,52,WEST,4/30/2017,Yes
CUST-12598,Male,0,YES,yes,19,MONTH-TO-MONTH,Electronic check,Fiber optic,No,N,yes,yes,107.27,2019.72,57, South ,5/19/2019,Yes
CUST-13898,Male,0,Y,yes,26,month-to-month,Electronic check,Fiber optic,yes,YES,NO,no,82.18,2140.03,25,north,8/26/2021,No
CUST-14821,Male,0,No,YES,71, Month-to-month ,Electronic check,Fiber optic,No,No,Yes,N,83.07,5894.77,37,North,11/14/2022,No
CUST-13413,Male,1,NO,yes,47,Two year,Credit card,Fiber optic,NO,YES,YES,Y,84.25,3950.42,80,Central,7/10/2021,No
CUST-11542,Male,1,Y,N,29,Month-to-month,Electronic check,DSL,Yes,NO,YES,NO,55.8,1615.78,85, East ,10/1/2023,No
CUST-14183,Female,0,Y,No,55,One year,Bank transfer,No,No,No,No,NO,32.85,1797.14,43,West,6/19/2019,No
CUST-10281,Female,1,NO,N,18,One year,Electronic check,DSL,yes,Y,no,No,69.22,1265.16,79,Central,3/21/2019,No
CUST-12820,Female,0,Y,yes,65,Month-to-month,Electronic check,Fiber optic,Yes,no,no,YES,72.77,4722.96,55,North,11/16/2019,Yes
CUST-11895,Female,0,N,No,70,MONTH-TO-MONTH,Mailed check,Fiber optic,No,no,yes,Y,107.43,7503.47,19,West,6/9/2019,No
CUST-10042,Male,0,YES,no,41,Month-to-month,Bank transfer,DSL,No,N,YES,No,60.82,2482.48,57, Central ,6/8/2023,No
CUST-15494,Female,0,N,Yes,37,month-to-month,Electronic check,DSL,Yes,NO,N,No,61.99,2277.82,60,SOUTH,4/9/2022,Yes
CUST-11381,Male,0,N,Y,49,MONTH-TO-MONTH,Electronic check,Fiber optic,N,Y,No,no,92.96,4566.87,51,North,5/31/2018,No
CUST-12289,Female,0,no,Y,33,Month-to-month,Bank transfer,No,No,No,No,YES,18.85,639.87,60,South,6/2/2021,Yes
CUST-13874,Male,0,no,NO,52,Month-to-month,Bank transfer,Fiber optic,N,NO,Yes,No,94.68,4921.02,68,East,9/15/2017,Yes
CUST-15965,Female,0,YES,yes,44,Two year,Credit card,Fiber optic,no,NO,Y,Y,96.8,4272.95,50,west,8/12/2019,Yes
CUST-11719,Male,0,No,yes,58,MONTH-TO-MONTH,Credit card,No,No,No,No,no,37.51,2181.81,58,SOUTH,3/9/2022,No
CUST-11194,Male,1,no,NO,51,One year,Electronic check,DSL,No,yes,YES,No,61.71,3144.05,82,west,11/10/2017,No
CUST-10814,Female,0,Y,no,4,Month-to-month,Electronic check,No,No,No,No,No,17.26,83.3,29,West,10/27/2021,Yes
CUST-15068,Female,0,No,yes,7,one year,Bank transfer,Fiber optic,yes,Yes,Yes,no,93.48,643.41,18,North,5/9/2019,No
CUST-15744,Male,0,N,Y,24,One year,Mailed check,Fiber optic,Y,YES,no,NO,82,1950.24,59,CENTRAL,3/1/2020,No
CUST-14533,Male,0,YES,YES,10,Month-to-month,Mailed check,DSL,Yes,No,YES,yes,63.41,642.69,21,south,3/30/2020,No
CUST-12271,Male,1,Y,N,46,One year,Credit card,DSL,No,No,N,yes,44.32,2041.96,73,EAST,6/24/2017,No
CUST-13456,Male,1,Y,no,12,Month-to-month,Bank transfer,Fiber optic,NO,YES,Y,YES,75.26,919.29,83,South,3/16/2023,No
CUST-13130,Male,0,yes,N,71,MONTH-TO-MONTH,Credit card,Fiber optic,N,YES,Yes,yes,95.77,6808.98,47,South,12/21/2019,Yes
CUST-14579,Male,0,N,No,65,two year,Bank transfer,Fiber optic,no,Yes,Y,yes,107.64,6976.68,55,South,6/16/2019,No
CUST-14869,Female,1,yes,YES,52,month-to-month,Bank transfer,No,No,No,No,Y,20.26,1058.08,81,East,8/6/2019,Yes
CUST-12500,Male,0,N,No,9,Month-to-month,Bank transfer,DSL,no,Y,NO,NO,56.17,505.31,31,west,2/20/2019,Yes
CUST-15393,Female,1,No,Yes,37,Month-to-month,Mailed check,DSL,N,NO,No,NO,63.49,2364.16,78,North,2/18/2019,No
CUST-10757,Female,0,Yes,YES,43,Two year,Credit card,No,No,No,No,YES,42.9,1839.81,68,Central,7/4/2022,No
CUST-13126,Male,0,YES,YES,28,Month-to-month,Credit card,No,No,No,No,Yes,21.16,594.01,53,North,4/28/2022,No
CUST-10260,Male,0,N,NO,18,Month-to-month,Bank transfer,No,No,No,No,Yes,39.45,716.59,21,East,3/26/2021,Yes
CUST-13787,Male,1,YES,Yes,14,ONE YEAR,Credit card,Fiber optic,no,No,Y,No,106.6,1501.73,81,East,4/30/2022,No
CUST-13592,Female,0,yes,YES,25,TWO YEAR,Bank transfer,Fiber optic,yes,No,N,N,69.86,1735.25,36,West,11/19/2023,No
CUST-15064,Female,0,NO,YES,8,One year,Credit card,DSL,Yes,No,No,yes,65.24,517.81,54,Central,9/15/2017,No
CUST-14496,Female,1,No,NO,24,Month-to-month,Credit card,DSL,YES,Yes,No,YES,52.98,1270.67,82,South,10/29/2022,Yes
CUST-12862,Male,0,no,No,44,MONTH-TO-MONTH,Bank transfer,Fiber optic,No,yes,Yes,yes,81.7,3600.37,31,East,6/25/2017,No
CUST-12563,Female,0,N,N,28,Month-to-month,Credit card,Fiber optic,no,NO,Y,No,103.86,2908.09,35,NORTH,10/25/2023,Yes
CUST-10272,Male,0,NO,N,37,One year,Electronic check,No,No,No,No,N,24.46,903.61,64,CENTRAL,7/18/2017,No
CUST-12491,Male,1,yes,No,18,Month-to-month,Electronic check,No,No,No,No,N,42.78,756.98,85, West ,2/23/2019,No
CUST-11759,Female,0,N,No,54,One year,Mailed check,DSL,no,Yes,no,No,68.04,3682.37,35,CENTRAL,4/5/2023,No
CUST-14937,Male,0,NO,Y,21,TWO YEAR,Credit card,Fiber optic,NO,N,Yes,No,97.62,2069.71,25,East,5/1/2019,No
CUST-12831,Female,0,N,yes,67,Month-to-month,Electronic check,Fiber optic,no,yes,NO,Yes,69.91,4668.46,30,North,7/22/2021,Yes
CUST-11872,Female,1,No,no,65,Month-to-month,Mailed check,DSL,Yes,no,No,Y,58.66,3801.28,71,East,5/28/2021,No
CUST-12727,Male,0,Yes,YES,11,Month-to-month,Bank transfer,Fiber optic,NO,Y,Y,no,105.44,1145.26,25,East,2/11/2018,Yes
CUST-15522,Male,0,yes,no,55,Month-to-month,Credit card,Fiber optic,no,Y,YES,No,85.63,4710.52,36,SOUTH,11/18/2020,No
CUST-11634,Male,0,N,Yes,42,Month-to-month,Mailed check,Fiber optic,No,no,no,N,93.04,3900.88,62,West,11/4/2019,No
CUST-13573,Male,1,N,NO,37,month-to-month,Bank transfer,Fiber optic,N,no,No,no,84.01,3100.55,78,East,4/14/2019,Yes
CUST-11523,Male,0,yes,Y,12,MONTH-TO-MONTH,Mailed check,DSL,Y,Y,YES,YES,46.62,569.94,56,Central,7/1/2017,No
CUST-15390,Female,1,N,Yes,2,Two year,Credit card,DSL,no,yes,NO,YES,59.66,118.52,85,WEST,5/11/2019,No
CUST-10862,Female,0,YES,YES,37,Month-to-month,Electronic check,No,No,No,No,no,42.15,1575.37,23,North,12/11/2018,Yes
CUST-15685,Male,0,YES,YES,11,ONE YEAR,Electronic check,DSL,Yes,no,Y,Y,64.18,715.21,20,north,8/5/2017,No
CUST-10171,Female,1,no,no,34,Month-to-month,Bank transfer,Fiber optic,yes,YES,Y,yes,95,3249.17,77,Central,10/19/2022,No
CUST-13365,Male,0,NO,N,30, Month-to-month ,Mailed check,No,No,No,No,Y,41.22,1234.43,28,Central,2/12/2018,No
CUST-10051,Male,0,no,Y,64, Month-to-month ,Electronic check,Fiber optic,NO,No,no,Y,99.68,6380.48,57,West,2/20/2022,No
CUST-13972,Female,0,N,No,36,Month-to-month,Electronic check,DSL,YES,yes,Yes,N,64.49,2330.77,64,West,8/13/2017,No
CUST-12268,Male,0,Y,no,63,month-to-month,Electronic check,No,No,No,No,N,31.87,2022.55,37,SOUTH,6/27/2019,No
CUST-13894,Female,1,yes,N,23,Two year,Credit card,Fiber optic,Yes,NO,Yes,NO,81.98,1885.19,73,North,5/14/2021,No
CUST-15071,Female,1,no,N,49,MONTH-TO-MONTH,Credit card,Fiber optic,Yes,N,Yes,No,87.38,4276.45,70,West,6/29/2022,Yes
CUST-10111,Male,1,N,yes,53,Two year,Bank transfer,DSL,YES,Yes,Yes,No,75.69,4026.21,79,east,4/1/2020,No
CUST-11527,Female,0,Yes,N,41,Month-to-month,Bank transfer,Fiber optic,N,No,Yes,No,107.66,4410.19,23,NORTH,9/29/2018,Yes
CUST-14898,Female,0,Yes,N,26, One year ,Credit card,No,No,No,No,yes,32.24,826.42,63,East,7/8/2018,No
CUST-10032,Male,0,NO,NO,53,Two year,Credit card,DSL,N,yes,NO,N,46.9,2497.21,35,Central,11/22/2023,No
CUST-15929,Male,0,no,Yes,45,Two year,Bank transfer,DSL,N,Yes,YES,no,69.56,3146.19,999,west,6/2/2021,No
CUST-10003,Female,0,yes,NO,27,one year,Credit card,No,No,No,No,no,19.27,510.16,53,Central,11/16/2017,No
CUST-11601,Male,0,YES,no,62,One year,Mailed check,No,No,No,No,YES,16.33,1021.02,39,West,10/2/2017,No
CUST-13420,Female,0,NO,no,58,Month-to-month,Credit card,Fiber optic,no,NO,yes,NO,80.75,4697.96,35,west,12/8/2018,Yes
CUST-11579,Male,0,yes,Y,16,Month-to-month,Mailed check,Fiber optic,No,Y,No,N,95.62,1516.66,21,South,6/15/2019,Yes
CUST-11359,Female,1,no,Yes,34,month-to-month,Mailed check,No,No,No,No,NO,32.33,1114.23,83,North,4/3/2019,Yes
CUST-14442,Male,0,Yes,NO,53,One year,Credit card,No,No,No,No,yes,39.17,2084.59,68,WEST,6/9/2023,No
CUST-15927,Male,0,Yes,Yes,52,Month-to-month,Mailed check,DSL,Yes,NO,Yes,NO,59.83,3118.15,25,East,3/28/2018,No
CUST-13192,Male,0,NO,No,35,One year,Bank transfer,Fiber optic,yes,yes,No,YES,78.01,2748.49,-5,south,7/5/2018,No
CUST-15941,Male,0,Y,YES,13,One year,Credit card,No,No,No,No,No,25.21,326.27,46,East,10/24/2021,No
CUST-13702,Female,0,NO,No,17,One year,Mailed check,Fiber optic,YES,N,yes,Y,85.31,1459.6,50,North,9/30/2020,No
CUST-15350,Male,0,Yes,YES,55,TWO YEAR,Mailed check,Fiber optic,no,yes,Yes,Yes,84.07,4605.84,41,West,9/17/2017,No
CUST-11109,Male,0,Y,Y,24,One year,Bank transfer,No,No,No,No,No,14.88,340.63,32,CENTRAL,11/28/2023,No
CUST-11791,Male,0,no,YES,39,One year,Electronic check,DSL,yes,N,no,No,48.2,1888.19,19,EAST,11/2/2020,No
CUST-11041,Female,0,YES,YES,21,Month-to-month,Electronic check,Fiber optic,yes,no,NO,N,74.52,1562.72,40,North,9/1/2019,No
CUST-13521,Male,0,Yes,no,21,Month-to-month,Mailed check,No,No,No,No,no,32.37,697.14,37,Central,5/30/2019,Yes
CUST-14413,Female,1,no,yes,19,One year,Electronic check,No,No,No,No,Yes,17.16,326.36,85,South,7/27/2023,Yes
CUST-11145,Female,0,Yes,Yes,44,ONE YEAR,Mailed check,Fiber optic,YES,yes,yes,N,102.87,4522.1,54,West,11/26/2018,Yes
CUST-11325,Female,1,No,N,69,One year,Electronic check,Fiber optic,yes,Y,yes,No,93.29,6450.82,78,East,1/10/2020,No
CUST-14061,Female,0,yes,No,11,Month-to-month,Bank transfer,DSL,NO,no,no,Y,41.26,450.54,49,CENTRAL,11/3/2017,No
CUST-11191,Female,0,YES,no,30,MONTH-TO-MONTH,Electronic check,No,No,No,No,YES,37.14,1095.77,42,EAST,5/16/2021,Yes
CUST-10495,Female,0,no,Y,49,One year,Bank transfer,No,No,No,No,YES,22.76,1132.26,33, South ,4/30/2020,Yes
CUST-14118,Female,0,Y,No,61,Two year,Electronic check,Fiber optic,Y,YES,N,YES,98.77,6018.85,49,Central,10/30/2019,No
CUST-12567,Female,0,Y,Y,18,One year,Credit card,Fiber optic,YES,No,N,Yes,73.03,1322.87,43,South,6/1/2019,No
CUST-12751,Male,0,yes,Yes,33,one year,Electronic check,DSL,NO,No,NO,yes,44.78,1497.07,68, South ,11/11/2019,No
CUST-13077,Male,0,No,NO,50,Month-to-month,Electronic check,Fiber optic,No,Y,Yes,no,96.65,4849.62,29,NORTH,11/24/2021,Yes
CUST-15165,Female,0,NO,Y,43,Month-to-month,Electronic check,DSL,Yes,Yes,No,No,60.31,2612.71,65,EAST,4/13/2017,No
CUST-14200,Female,0,Yes,No,43,TWO YEAR,Credit card,No,No,No,No,N,32.83,1395.54,36,south,3/5/2018,No
CUST-15777,Male,0,N,N,10, Month-to-month ,Mailed check,DSL,No,YES,No,Y,45.27,436.08,35, Central ,3/4/2019,No
CUST-10791,Female,0,yes,no,44,two year,Electronic check,DSL,Yes,no,NO,Yes,59.03,2614.85,58,East,12/9/2021,No
CUST-11018,Female,0,Yes,N,65,Month-to-month,Electronic check,DSL,Y,Y,no,No,60.91,3967.63,41,EAST,5/22/2019,No
CUST-10236,Female,0,No,Y,11,Month-to-month,Mailed check,DSL,No,Yes,N,yes,53.22,590.51,36,South,4/1/2019,No
CUST-12342,Male,0,N,no,1, Month-to-month ,Mailed check,Fiber optic,YES,Yes,no,no,75.42,57.69,60,South,8/2/2020,Yes
CUST-12388,Male,0,No,Yes,38,one year,Mailed check,No,No,No,No,NO,32.46,1229.12,25,Central,3/8/2020,No
CUST-10330,Female,1,N,Y,14,Month-to-month,Mailed check,DSL,Yes,Yes,YES,NO,52.71,728.25,85,WEST,7/16/2022,No
CUST-10632,Male,0,No,YES,22,Month-to-month,Electronic check,Fiber optic,No,no,No,yes,73.23,1611.63,53,East,1/6/2020,No
CUST-10861,Female,0,yes,no,49, Month-to-month ,Electronic check,DSL,YES,NO,Y,Yes,48.9,2402.35,20,SOUTH,8/10/2020,No
CUST-10521,Male,0,NO,yes,15,one year,Electronic check,DSL,no,YES,NO,YES,63.86,967.32,51,east,11/4/2023,No
CUST-11624,Male,0,Yes,Yes,30,Month-to-month,Electronic check,DSL,No,YES,YES,YES,68.88,2068.25,39,East,10/26/2022,Yes
CUST-10925,Female,1,yes,No,47,MONTH-TO-MONTH,Bank transfer,Fiber optic,Y,YES,NO,no,80.69,3801.41,84,East,3/3/2022,Yes
CUST-11488,Male,1,NO,yes,62,Month-to-month,Credit card,DSL,No,yes,YES,Yes,53.84,3323.3,83,Central,8/16/2023,No
CUST-13695,Male,0,No,N,54,TWO YEAR,Electronic check,DSL,N,NO,NO,no,38.44,2056.91,27,Central,5/9/2017,No
CUST-13727,Male,1,yes,No,33, Month-to-month ,Bank transfer,Fiber optic,N,Y,No,No,94.1,3105.59,85,North,11/16/2017,Yes
CUST-10779,Male,0,yes,N,21,MONTH-TO-MONTH,Mailed check,Fiber optic,YES,no,Y,No,94.99,1982.65,52,West,5/18/2017,Yes
CUST-11301,Male,0,YES,No,5,month-to-month,Mailed check,DSL,No,N,YES,No,59.86,301.31,52,South,12/3/2018,No
CUST-11685,Male,0,yes,Y,16,MONTH-TO-MONTH,Credit card,DSL,N,YES,N,YES,42.87,677.8,69,east,2/18/2021,No
CUST-13549,Male,0,N,yes,25,TWO YEAR,Electronic check,DSL,Yes,N,NO,N,42.69,1070.33,63,East,6/6/2022,No
CUST-15204,Male,0,N,no,23,Month-to-month,Bank transfer,No,No,No,No,No,44.52,1018.87,54,west,5/12/2022,Yes
CUST-13132,Female,0,Yes,N,31,One year,Credit card,Fiber optic,Yes,N,Y,Y,107.73,3359.63,69,West,12/19/2022,Yes
CUST-15535,Female,0,Y,N,42,month-to-month,Bank transfer,Fiber optic,N,No,Yes,No,99.17,4158.93,21,Central,8/5/2021,Yes
CUST-12471,Male,0,No,Y,2,Month-to-month,Bank transfer,DSL,N,Y,No,Y,44.43,91.85,49,South,9/4/2017,Yes
CUST-12383,Male,0,Yes,no,24,One year,Bank transfer,DSL,YES,NO,NO,YES,61.18,1459.65,44,East,1/12/2022,No
CUST-11415,Female,1,YES,Y,70,One year,Credit card,Fiber optic,Yes,N,No,NO,72.43,5053.88,75,east,3/8/2019,No
CUST-15338,Female,0,N,Yes,43,month-to-month,Mailed check,DSL,N,No,NO,no,55.87,2418.99,29,East,1/8/2023,Yes
CUST-13123,Female,0,N,N,54,Month-to-month,Mailed check,Fiber optic,NO,No,Y,YES,90.31,4890.7,65,East,4/21/2022,No
CUST-12957,Male,0,N,N,18,MONTH-TO-MONTH,Mailed check,Fiber optic,Y,No,YES,NO,98.1,1754.05,18,central,6/29/2021,Yes
CUST-15138,Female,1,yes,YES,28,MONTH-TO-MONTH,Mailed check,Fiber optic,NO,N,NO,yes,77.14,2165.53,79,south,12/18/2021,Yes
CUST-11282,Female,0,No,Y,63,One year,Electronic check,Fiber optic,yes,no,YES,yes,92.6,5841.63,22,CENTRAL,3/19/2020,Yes
CUST-11137,Male,1,Y,no,14,Month-to-month,Bank transfer,DSL,yes,Y,Yes,no,75.96,1063.88,84, North ,12/8/2018,Yes
CUST-13171,Female,0,yes,No,27,One year,Credit card,Fiber optic,N,N,NO,Y,69.38,1881,62,EAST,7/18/2021,No
CUST-13363,Male,0,yes,yes,4,Month-to-month,Mailed check,Fiber optic,No,yes,Y,no,99.48,381.44,53,North,11/14/2021,Yes
CUST-15776,Male,0,no,Yes,30,Month-to-month,Credit card,No,No,No,No,No,20.46,606.6,28,CENTRAL,2/20/2018,No
CUST-12674,Male,0,NO,YES,17,One year,Electronic check,DSL,Yes,no,no,YES,68.64,1160.98,29,North,11/15/2017,No
CUST-11755,Male,0,yes,NO,72,month-to-month,Electronic check,DSL,No,N,YES,Yes,47.06,3369.92,35,East,8/7/2021,No
CUST-10427,Female,0,NO,Y,14,Month-to-month,Bank transfer,Fiber optic,Y,N,N,no,66.01,914.86,31,East,5/2/2019,No
CUST-11564,Female,0,NO,YES,24,One year,Mailed check,Fiber optic,YES,NO,Y,no,85.73,2059.52,67,South,4/12/2020,No
CUST-10941,Female,1,yes,No,10, Month-to-month ,Mailed check,Fiber optic,Yes,yes,YES,no,94.94,950.91,74,south,3/11/2021,Yes
CUST-15694,Male,0,N,YES,10,Month-to-month,Bank transfer,DSL,N,Y,No,Yes,39.2,402.8,21,East,6/18/2022,Yes
CUST-13598,Female,0,N,Yes,38,One year,Mailed check,DSL,N,yes,Yes,YES,73.04,2765.68,40,East,7/6/2018,No
CUST-14860,Female,0,Y,N,59,One year,Bank transfer,DSL,Y,No,yes,YES,58.01,3415.05,26,West,3/12/2021,No
CUST-15264,Male,1,Y,NO,57,month-to-month,Electronic check,DSL,Y,N,N,Yes,60.7,3443.89,83,Central,3/13/2018,No
CUST-14930,Female,0,N,NO,16,Month-to-month,Bank transfer,Fiber optic,yes,No,no,No,65.24,1053.41,53,Central,4/3/2022,No
CUST-10845,Male,0,No,Yes,54,Two year,Electronic check,Fiber optic,N,no,N,Yes,84.51,4564.76,19,South,3/24/2021,No
CUST-12221,Male,0,NO,Y,24,MONTH-TO-MONTH,Electronic check,No,No,No,No,YES,26.22,627.46,25,East,8/29/2017,Yes
CUST-12056,Female,1,N,No,17,Month-to-month,Credit card,Fiber optic,N,no,N,No,88.63,1506.8,83,East,9/11/2019,No
CUST-14371,Female,0,Y,no,22,month-to-month,Bank transfer,Fiber optic,N,no,YES,N,108.51,2373.32,20,north,6/4/2017,Yes
CUST-11507,Male,0,Yes,Y,33,month-to-month,Bank transfer,Fiber optic,no,N,NO,NO,73.99,2448.06,54,West,8/20/2022,No
CUST-11386,Female,0,N,YES,59, Two year ,Credit card,DSL,Yes,No,YES,yes,68.21,4019.58,59,South,9/18/2020,No
CUST-14792,Male,0,Yes,no,24,Month-to-month,Bank transfer,No,No,No,No,Y,24.26,569.02,21,east,5/3/2018,No
CUST-12741,Female,0,YES,Y,67,One year,Mailed check,No,No,No,No,No,19.77,1327.73,56,south,12/1/2022,Yes
CUST-11658,Male,1,Y,Y,27, Month-to-month ,Bank transfer,No,No,No,No,Yes,16.67,464.56,72,West,7/8/2017,Yes
CUST-14561,Male,0,No,Y,36,Month-to-month,Mailed check,DSL,no,Y,yes,no,76.85,2778.19,66,east,12/22/2018,Yes
CUST-11915,Female,0,YES,Y,17,Month-to-month,Credit card,No,No,No,No,NO,11.26,186.77,57,South,4/9/2017,No
CUST-13887,Female,1,yes,Yes,61,TWO YEAR,Electronic check,Fiber optic,NO,N,Yes,yes,96.33,5866.92,83,Central,5/7/2018,No
CUST-10299,Male,1,no,No,58,Month-to-month,Credit card,No,No,No,No,NO,32.78,1908.27,70,NORTH,10/30/2018,No
CUST-14285,Female,0,NO,N,57,One year,Credit card,DSL,N,No,No,Yes,58.07,3304.95,28,East,10/8/2022,No
CUST-13996,Male,0,Yes,No,43,One year,Bank transfer,DSL,N,N,NO,NO,38.88,1662.68,56,South,8/20/2017,No
CUST-14074,Female,0,Y,yes,72,One year,Mailed check,Fiber optic,NO,no,No,Yes,65.42,4695.09,35,east,3/14/2022,Yes
CUST-12763,Male,1,yes,No,18,Month-to-month,Credit card,Fiber optic,yes,yes,NO,yes,84.45,1508.36,84,East,2/24/2018,No
CUST-11590,Female,0,YES,Y,19,MONTH-TO-MONTH,Mailed check,Fiber optic,Y,no,Yes,Y,81.77,1535.95,53,South,1/9/2018,Yes
CUST-14379,Female,0,No,Y,58,Month-to-month,Bank transfer,Fiber optic,N,No,YES,Yes,108.54,6300.29,38,West,5/29/2020,Yes
CUST-15031,Male,1,No,no,18,Month-to-month,Mailed check,DSL,YES,N,NO,NO,35.92,647.16,80,Central,7/21/2019,No
CUST-14274,Male,0,YES,yes,30,One year,Mailed check,Fiber optic,yes,NO,NO,YES,97.61,2929.5,67,East,8/6/2020,No
CUST-11899,Female,0,yes,no,10,Two year,Mailed check,No,No,No,No,NO,32.28,304.82,62,EAST,9/8/2018,No
CUST-10501,Female,0,N,Yes,68,Two year,Electronic check,No,No,No,No,YES,13.77,943.68,55,South,2/8/2018,Yes
CUST-13890,Male,0,yes,N,17,ONE YEAR,Mailed check,No,No,No,No,no,40.85,689.78,19,Central,3/13/2017,No
CUST-14053,Female,0,N,Yes,4,One year,Credit card,Fiber optic,no,yes,No,YES,97.62,404.48,29,South,6/7/2023,Yes
CUST-15847,Male,1,NO,no,0, Month-to-month ,Mailed check,No,No,No,No,Yes,31.08,,79,central,3/13/2019,Yes
CUST-14106,Male,0,YES,N,50,month-to-month,Mailed check,Fiber optic,N,Yes,No,Yes,82.8,4133.14,59,West,12/12/2021,Yes
CUST-13092,Female,1,no,Y,4,month-to-month,Credit card,No,No,No,No,no,35.82,147.76,72,Central,11/13/2022,No
CUST-12755,Male,0,No,yes,55,One year,Mailed check,Fiber optic,Yes,yes,Y,N,84.9,4671.19,23,West,7/17/2022,No
CUST-10190,Male,0,Y,YES,10,Month-to-month,Electronic check,Fiber optic,Y,no,N,N,78.84,791.25,53, West ,1/15/2018,Yes
CUST-14765,Female,0,no,No,18,Month-to-month,Mailed check,Fiber optic,yes,Y,No,NO,82.58,1480.86,21,East,5/25/2019,No
CUST-13306,Male,1,Y,N,50,One year,Mailed check,No,No,No,No,N,38.81,1933.35,82,west,9/30/2017,Yes
CUST-12864,Male,0,no,YES,27,month-to-month,Mailed check,DSL,no,yes,no,NO,47.24,1290.69,47,East,6/6/2023,Yes
CUST-12499,Female,0,NO,YES,60,Two year,Mailed check,DSL,Yes,No,Y,no,73.09,4400.25,21,Central,1/10/2022,No
CUST-15944,Male,0,N,No,71,month-to-month,Bank transfer,No,No,No,No,Yes,41.26,2918.55,52,South,12/1/2019,Yes
CUST-10550,Male,0,NO,no,40,Two year,Bank transfer,No,No,No,No,NO,44.03,1748.87,39,Central,2/11/2018,No
CUST-15794,Male,0,no,Yes,24,Two year,Bank transfer,DSL,N,No,No,NO,58.27,1392.67,28,east,8/30/2019,No
CUST-14090,Male,1,no,NO,62,Month-to-month,Credit card,Fiber optic,no,no,no,Y,69.22,4279.34,78,East,3/30/2018,No
CUST-11384,Male,1,No,NO,47,Month-to-month,Bank transfer,Fiber optic,NO,YES,N,Y,89.58,4214.61,75,West,4/8/2017,Yes
CUST-10750,Male,0,N,Yes,5,MONTH-TO-MONTH,Bank transfer,No,No,No,No,Yes,39.97,212.38,33,West,1/29/2023,Yes
CUST-13960,Male,0,no,Yes,54,Month-to-month,Credit card,Fiber optic,YES,No,YES,N,100.61,5444.83,999,EAST,3/23/2020,Yes
CUST-13871,Female,0,NO,N,71,Month-to-month,Mailed check,No,No,No,No,N,15.2,1081.68,31,North,8/4/2023,No
CUST-13001,Female,0,YES,NO,36, Two year ,Credit card,DSL,Yes,Y,Y,YES,52.32,1892.76,43,East,8/14/2017,No
CUST-10386,Male,0,Yes,YES,9, Month-to-month ,Credit card,DSL,yes,No,yes,N,67.29,612.34,51,West,1/1/2018,No
CUST-14748,Male,0,Yes,no,41,Month-to-month,Bank transfer,DSL,NO,Y,no,Yes,42.79,1767.56,41,North,8/6/2018,No
CUST-14057,Male,0,Y,YES,57,Month-to-month,Electronic check,DSL,Y,NO,N,yes,65.9,3766.28,34,West,4/9/2022,No
CUST-11401,Male,0,YES,yes,23,Month-to-month,Bank transfer,No,No,No,No,NO,23.82,544.02,55,West,6/24/2022,Yes
CUST-10834,Male,1,YES,NO,61,one year,Bank transfer,DSL,YES,Yes,No,no,51.69,3136.2,83,West,5/12/2023,No
CUST-10711,Male,0,no,YES,17,Month-to-month,Electronic check,DSL,YES,YES,no,yes,67.93,1167.47,37,North,5/14/2020,Yes
CUST-15220,Female,0,N,YES,13,month-to-month,Credit card,Fiber optic,no,N,N,Yes,70.14,930.39,19,NORTH,3/20/2017,Yes
CUST-11572,Female,0,Y,YES,21,month-to-month,Credit card,No,No,No,No,N,30.67,634.61,65, West ,4/24/2018,Yes
CUST-14976,Female,0,yes,yes,35,TWO YEAR,Bank transfer,No,No,No,No,yes,26.41,937.91,65,NORTH,1/19/2022,Yes
CUST-13693,Male,1,No,YES,15,one year,Mailed check,Fiber optic,NO,YES,Y,Yes,93.02,1391.6,70,Central,2/22/2020,No
CUST-15512,Female,0,No,no,15, Month-to-month ,Bank transfer,DSL,N,YES,No,yes,35.75,541.81,45,South,12/11/2020,No
CUST-12112,Female,0,yes,N,13,TWO YEAR,Electronic check,Fiber optic,no,No,yes,YES,99.69,1311.81,20,East,1/1/2020,No
CUST-14003,Male,1,No,yes,8,Month-to-month,Bank transfer,No,No,No,No,Y,10.18,100.81,73,West,11/10/2019,Yes
CUST-10829,Male,1,YES,no,17,MONTH-TO-MONTH,Credit card,DSL,no,Yes,N,no,51.15,875.91,80,West,6/8/2019,Yes
CUST-15580,Male,0,NO,No,19,MONTH-TO-MONTH,Electronic check,No,No,No,No,No,34.05,631.79,50,West,9/18/2017,No
CUST-15470,Female,0,N,Y,69,Two year,Bank transfer,Fiber optic,NO,N,Yes,yes,87.5,6029.08,55, Central ,8/17/2021,No
CUST-14564,Male,0,Y,Y,59,One year,Mailed check,Fiber optic,Y,no,no,no,71.09,4212.39,65,West,7/2/2018,No
CUST-15947,Female,1,N,yes,47,One year,Bank transfer,Fiber optic,Yes,Yes,N,NO,99.18,4664.92,75,North,9/1/2017,Yes
CUST-10773,Female,0,Yes,yes,1,month-to-month,Credit card,Fiber optic,Yes,YES,N,yes,85.72,97.49,19,West,6/20/2017,No
CUST-15063,Female,0,Yes,NO,48,Month-to-month,Credit card,Fiber optic,NO,No,NO,NO,95.61,4600.42,61,west,10/11/2020,Yes
CUST-11156,Female,1,NO,yes,68,Two year,Credit card,No,No,No,No,Yes,18.49,1264.11,75,North,11/10/2017,No
CUST-12842,Male,0,NO,yes,35,month-to-month,Mailed check,No,No,No,No,NO,38.8,1365.72,59,West,10/30/2017,Yes
CUST-14483,Male,0,N,N,52,Two year,Bank transfer,Fiber optic,no,Yes,NO,yes,87.57,4550.46,61,South,12/12/2020,No
CUST-12938,Male,0,N,NO,14,two year,Electronic check,Fiber optic,no,YES,No,N,71.17,987.63,26,East,4/2/2017,No
CUST-12020,Female,0,Y,No,9,One year,Bank transfer,Fiber optic,Y,YES,Yes,YES,89.14,821.04,38,North,7/5/2018,Yes
CUST-10076,Female,0,No,Yes,23,Two year,Credit card,DSL,YES,Y,NO,Yes,44.15,1009.83,33,South,3/23/2023,No
CUST-14788,Female,0,No,no,65,one year,Electronic check,DSL,Yes,No,NO,Y,35.58,2303.57,40,south,6/28/2021,No
CUST-15978,Male,0,Y,N,42,month-to-month,Credit card,DSL,N,Y,NO,Yes,61.57,2588.77,46,CENTRAL,1/16/2019,Yes
CUST-10943,Male,0,no,N,37,Month-to-month,Credit card,No,No,No,No,NO,12.23,438.29,29,South,10/13/2020,Yes
CUST-11108,Male,1,NO,N,12,One year,Credit card,Fiber optic,no,yes,No,yes,78.63,925.7,71,North,1/8/2023,No
CUST-15411,Female,0,NO,YES,5,Month-to-month,Mailed check,Fiber optic,N,No,Yes,yes,86.04,435.79,20,North,2/18/2018,Yes
CUST-12539,Female,1,YES,Y,29,Two year,Electronic check,No,No,No,No,no,42.64,1234.57,74,NORTH,11/14/2022,No
CUST-13401,Male,0,No,yes,29,Month-to-month,Bank transfer,DSL,Y,N,YES,N,69.6,2032.55,64,West,9/28/2020,Yes
CUST-12051,Male,0,no,yes,44,Month-to-month,Credit card,Fiber optic,no,YES,No,NO,94.5,4149.61,53,Central,10/17/2017,Yes
CUST-11100,Female,0,Y,Y,0,One year,Mailed check,DSL,yes,YES,Y,No,45.15,,42,West,9/24/2023,No
CUST-10847,Female,0,Yes,no,28,Month-to-month,Mailed check,DSL,NO,N,No,Y,57.72,1614.11,26,EAST,8/17/2020,Yes
CUST-13468,Male,1,NO,No,18,month-to-month,Credit card,Fiber optic,N,No,Y,N,93.35,1671.91,71,west,6/20/2021,No
CUST-10361,Male,0,Y,yes,7,One year,Electronic check,No,No,No,No,N,35.66,257.46,45,CENTRAL,10/2/2019,Yes
CUST-15157,Male,0,No,YES,43,Two year,Credit card,Fiber optic,NO,Y,NO,yes,65.96,2840.66,54,South,5/3/2018,No
CUST-12746,Female,0,NO,yes,66,two year,Mailed check,Fiber optic,NO,No,N,No,86.46,5687.78,32,South,2/2/2018,No
CUST-13926,Female,0,no,no,43,MONTH-TO-MONTH,Credit card,No,No,No,No,Yes,28.74,1227.79,62,east,1/3/2021,No
CUST-11991,Male,0,YES,yes,65,One year,Mailed check,DSL,no,NO,N,no,59.92,3898.64,44,central,12/8/2019,No
CUST-10380,Male,0,No,no,27,Two year,Electronic check,No,No,No,No,yes,17.69,486.74,26, North ,12/1/2020,No
CUST-11927,Male,0,Y,no,57,Month-to-month,Credit card,Fiber optic,No,N,no,no,72.49,4126.96,61,NORTH,6/17/2018,Yes
CUST-13810,Male,0,yes,No,7,Month-to-month,Electronic check,No,No,No,No,Y,13.67,110.65,41,South,11/13/2020,Yes
CUST-11322,Male,0,N,YES,23,MONTH-TO-MONTH,Mailed check,DSL,yes,N,yes,no,66.28,1535.23,55,NORTH,10/27/2021,No
CUST-10653,Female,0,No,YES,30,Month-to-month,Electronic check,No,No,No,No,NO,30.1,895.6,60,East,3/8/2023,Yes
CUST-14505,Female,1,yes,NO,47,Month-to-month,Electronic check,DSL,N,YES,no,Y,44.27,2094.11,85,CENTRAL,6/10/2019,Yes
CUST-15454,Female,0,Yes,yes,63,MONTH-TO-MONTH,Mailed check,No,No,No,No,NO,22.75,1414.97,44,North,8/21/2017,Yes
CUST-13376,Female,0,NO,no,9,Month-to-month,Credit card,Fiber optic,no,N,Y,yes,106.13,972.68,48,West,7/24/2021,Yes
CUST-15397,Male,0,N,No,19,month-to-month,Credit card,No,No,No,No,YES,19.5,355.72,35,east,1/24/2018,Yes
CUST-11084,Female,1,Yes,NO,2,Month-to-month,Mailed check,Fiber optic,YES,No,N,Y,95.04,182.64,85,south,7/24/2022,Yes
CUST-11548,Male,0,NO,YES,1,ONE YEAR,Mailed check,DSL,N,no,Yes,YES,75.24,58.38,20,West,1/3/2020,No
CUST-15798,Female,0,YES,No,35,One year,Electronic check,Fiber optic,yes,N,yes,Yes,99.61,3494.76,62,South,7/13/2017,No
CUST-15623,Male,1,Yes,N,65,Month-to-month,Mailed check,DSL,NO,Yes,yes,No,56.59,3687.62,77,East,4/12/2019,No
CUST-13557,Male,0,yes,YES,9,two year,Credit card,Fiber optic,yes,N,NO,Y,65.08,588.84,24,West,8/4/2018,No
CUST-15170,Male,0,NO,Y,64,One year,Mailed check,Fiber optic,no,N,No,no,74.16,4763.52,24,SOUTH,8/10/2019,No
CUST-11098,Male,0,Yes,Yes,35,Month-to-month,Electronic check,Fiber optic,Yes,YES,no,Yes,80.57,2823.44,18,East,6/12/2020,Yes
CUST-15141,Male,0,yes,N,25,ONE YEAR,Mailed check,DSL,Y,No,Y,No,73.86,1852.79,43,East,4/19/2019,No
CUST-11604,Female,0,Y,no,7,Month-to-month,Electronic check,Fiber optic,no,no,No,No,78.98,570.52,64,South,4/30/2021,No
CUST-11387,Female,0,no,YES,30,Month-to-month,Bank transfer,Fiber optic,Y,NO,Y,N,107.24,3234.26,67,East,4/20/2020,Yes
CUST-14762,Male,0,No,no,38,Month-to-month,Mailed check,Fiber optic,No,no,yes,no,98.91,3772.41,35,East,1/17/2020,Yes
CUST-15307,Female,0,yes,yes,69,one year,Credit card,Fiber optic,NO,no,no,Y,93.91,6468.03,62,north,10/27/2019,No
CUST-15675,Male,0,no,YES,23,month-to-month,Electronic check,Fiber optic,YES,yes,Y,no,82.18,1883.03,32,SOUTH,4/6/2018,No
CUST-13574,Female,1,yes,Yes,18,month-to-month,Electronic check,Fiber optic,No,Yes,yes,yes,77.48,1379.66,78,central,4/12/2022,No
CUST-13183,Male,0,NO,No,43,MONTH-TO-MONTH,Credit card,Fiber optic,no,NO,Yes,N,86.2,3709.14,56,East,1/30/2018,Yes
CUST-12702,Female,0,Y,Yes,18,MONTH-TO-MONTH,Electronic check,Fiber optic,Y,yes,NO,yes,89.02,1612.82,25,Central,12/12/2017,No
CUST-12023,Female,1,N,YES,26,Two year,Bank transfer,DSL,NO,Yes,N,YES,50.3,1301.58,80,East,12/30/2018,No
CUST-11715,Male,0,YES,No,49,Two year,Mailed check,No,No,No,No,NO,13.78,672.18,40,NORTH,6/5/2020,No
CUST-15420,Male,0,YES,No,34,Two year,Mailed check,Fiber optic,Yes,NO,NO,no,72.02,2463.63,36,South,7/6/2023,No
CUST-10509,Female,1,yes,NO,56,MONTH-TO-MONTH,Credit card,DSL,YES,no,NO,Yes,49.35,2764.97,75,North,4/24/2020,Yes
CUST-10120,Female,1,YES,yes,55,Two year,Credit card,Fiber optic,YES,yes,YES,Yes,108.21,5969.5,82,central,7/22/2017,No
CUST-12336,Female,0,Yes,no,13,One year,Electronic check,No,No,No,No,YES,16.58,232.13,24,South,7/14/2020,No
CUST-12083,Female,1,NO,Yes,62,Month-to-month,Bank transfer,No,No,No,No,Y,30.93,1911.51,77,North,6/5/2019,No
CUST-10256,Female,0,Yes,NO,64,Two year,Credit card,Fiber optic,Y,Y,no,no,85.19,5440.68,65,Central,9/5/2018,No
CUST-15572,Male,0,YES,no,62,Month-to-month,Electronic check,No,No,No,No,No,29.55,1843,65,North,7/24/2021,Yes
CUST-13850,Male,1,N,Yes,54,Month-to-month,Mailed check,Fiber optic,YES,No,no,N,66.97,3602.23,73,West,11/30/2021,Yes
CUST-10619,Male,0,yes,Yes,28,One year,Mailed check,No,No,No,No,NO,14.63,409.47,54,WEST,1/20/2020,No
CUST-15144,Male,0,yes,NO,9,MONTH-TO-MONTH,Mailed check,No,No,No,No,NO,44.79,409.87,67,West,8/22/2017,Yes
CUST-11616,Male,0,Yes,no,11,ONE YEAR,Credit card,Fiber optic,N,Yes,YES,Yes,96.67,1075.61,64,North,10/9/2018,No
CUST-14731,Female,0,Y,no,0,one year,Electronic check,DSL,N,Yes,N,NO,35.52,,68,West,6/27/2020,No
CUST-10194,Female,0,No,YES,45,One year,Mailed check,No,No,No,No,NO,38.42,1733.93,42,south,8/4/2023,No
CUST-15229,Male,0,YES,N,6,Month-to-month,Bank transfer,No,No,No,No,NO,24.81,143.22,19,south,3/5/2022,No
CUST-12993,Male,0,NO,NO,14,Month-to-month,Electronic check,Fiber optic,N,No,N,no,68.59,947.84,59,East,8/23/2023,Yes
CUST-14975,Female,1,no,N,51,Month-to-month,Bank transfer,Fiber optic,no,N,Yes,No,75.45,3841.91,73,East,6/14/2023,Yes
CUST-14883,Female,0,no,No,31,MONTH-TO-MONTH,Mailed check,Fiber optic,YES,Y,N,Y,83.68,2594.96,46,central,6/4/2018,Yes
CUST-10143,Male,0,Y,Y,57,Month-to-month,Credit card,Fiber optic,Y,Yes,NO,no,87.91,5009.12,39, West ,11/5/2019,No
CUST-14170,Male,0,Yes,yes,19,MONTH-TO-MONTH,Mailed check,Fiber optic,no,Y,Yes,NO,107.4,2058.61,48,south,5/27/2019,Yes
CUST-15445,Male,0,YES,N,54,Month-to-month,Mailed check,Fiber optic,Yes,no,no,NO,93.73,5051.75,55,South,10/1/2019,No
CUST-15344,Female,1,Y,Y,8,TWO YEAR,Mailed check,Fiber optic,no,No,Y,yes,85.71,700.16,77,South,7/28/2022,No
CUST-13834,Female,0,yes,N,53,One year,Electronic check,No,No,No,No,yes,35.27,1857.62,64,Central,11/14/2023,No
CUST-11058,Male,0,no,YES,47,MONTH-TO-MONTH,Credit card,Fiber optic,yes,Y,Y,Y,99.47,4662.78,40, Central ,4/25/2019,No
CUST-11385,Male,0,Yes,Yes,5,Month-to-month,Mailed check,Fiber optic,No,YES,no,no,76.94,397.04,65,Central,8/20/2023,Yes
CUST-14246,Male,0,Yes,YES,55,Month-to-month,Electronic check,Fiber optic,NO,YES,Y,Y,102.22,5634.34,36,EAST,12/24/2018,Yes
CUST-11874,Male,0,NO,Y,55,Month-to-month,Bank transfer,Fiber optic,yes,no,yes,NO,76.53,4223.3,24,West,3/25/2021,No
CUST-14852,Female,0,yes,YES,59,Month-to-month,Bank transfer,Fiber optic,N,Yes,yes,NO,106.47,6296.48,42,NORTH,2/12/2018,Yes
CUST-14856,Female,1,N,no,20,month-to-month,Credit card,No,No,No,No,No,14.59,301.43,73,Central,10/31/2019,Yes
CUST-13388,Male,1,yes,YES,40,One year,Credit card,DSL,N,NO,Y,yes,65.7,2628.91,85,WEST,7/26/2017,Yes
CUST-12212,Female,0,YES,Y,12,Two year,Mailed check,DSL,Yes,YES,N,NO,64.98,763.11,32,South,1/25/2020,Yes
CUST-13293,Male,0,no,YES,61,Two year,Electronic check,Fiber optic,Yes,YES,N,NO,90.46,5535.35,57,North,9/26/2018,No
CUST-13294,Male,1,N,NO,39,two year,Mailed check,DSL,NO,No,YES,Yes,54.84,2136.56,83,west,8/6/2018,No
CUST-10612,Male,0,no,yes,55,month-to-month,Electronic check,Fiber optic,N,Yes,Y,No,97.47,5347.81,31,South,6/13/2020,No
CUST-14768,Male,0,no,N,34,One year,Mailed check,No,No,No,No,NO,42.53,1434.91,24,east,9/16/2018,No
CUST-12110,Female,0,YES,yes,20,Month-to-month,Bank transfer,No,No,No,No,Yes,15.39,320.75,56,Central,9/21/2020,Yes
CUST-14999,Female,0,YES,yes,30,Month-to-month,Credit card,Fiber optic,N,yes,YES,yes,101.45,3028.6,37,South,11/4/2022,No
CUST-14029,Male,0,YES,Y,42,Month-to-month,Credit card,Fiber optic,yes,YES,No,Y,70.98,2969.74,46,North,12/27/2021,No
CUST-14016,Male,0,N,N,29,Two year,Credit card,No,No,No,No,NO,36.58,1052.64,45,West,4/11/2022,Yes
CUST-10410,Female,0,No,yes,63, One year ,Bank transfer,No,No,No,No,N,34.96,2220.14,67,Central,9/26/2017,No
CUST-15981,Male,0,No,N,38,Two year,Mailed check,Fiber optic,yes,Yes,Y,NO,104.98,3979.46,49,East,5/25/2018,No
CUST-15691,Female,1,YES,no,0,Month-to-month,Mailed check,Fiber optic,no,NO,NO,No,79.06,,80,Central,3/3/2018,Yes
CUST-14584,Female,0,No,No,72,TWO YEAR,Credit card,DSL,No,Yes,yes,yes,68.84,4938.06,20,south,12/25/2017,No
CUST-10200,Male,0,YES,no,15, Month-to-month ,Credit card,Fiber optic,Y,no,Y,yes,106.93,1606.57,60,North,3/28/2022,Yes
CUST-12424,Male,0,No,no,5,One year,Credit card,DSL,No,NO,YES,NO,60.3,310.87,41,East,1/13/2023,No
CUST-13773,Male,0,YES,N,23,Month-to-month,Bank transfer,No,No,No,No,yes,36.92,836.25,23, North ,5/7/2019,No
CUST-14580,Female,0,no,no,15,One year,Electronic check,DSL,Yes,no,Yes,NO,55.53,838.31,33, North ,12/22/2018,No
CUST-11023,Male,0,No,NO,68,One year,Electronic check,Fiber optic,No,no,No,N,71.62,4855.25,56,Central,12/24/2021,Yes
CUST-12578,Female,0,N,Yes,25,Month-to-month,Electronic check,DSL,Yes,Y,N,Yes,41.13,1020.96,35,Central,10/24/2017,No
CUST-13555,Male,0,NO,Yes,29,ONE YEAR,Mailed check,Fiber optic,N,YES,YES,Y,105.75,3063.89,43,West,3/15/2020,No
CUST-14370,Male,1,YES,YES,12,Two year,Mailed check,DSL,Y,yes,No,Yes,60.03,727.88,85,Central,8/15/2019,No
CUST-11361,Male,0,NO,yes,30,Two year,Mailed check,Fiber optic,yes,Y,no,no,82.29,2468.45,68,NORTH,2/21/2021,No
CUST-14895,Male,0,Yes,YES,5,TWO YEAR,Credit card,Fiber optic,Yes,Yes,YES,Yes,92.3,465.3,32,West,7/30/2021,No
CUST-14080,Female,1,no,YES,47, Month-to-month ,Credit card,Fiber optic,N,N,No,Yes,78.91,3710.38,75,South,12/6/2017,Yes
CUST-12047,Male,0,NO,NO,22,ONE YEAR,Mailed check,No,No,No,No,NO,25.87,551.77,69,West,11/20/2018,No
CUST-10336,Male,0,No,N,35,One year,Credit card,Fiber optic,Yes,yes,Y,Yes,102.8,3585.24,48,EAST,1/21/2019,Yes
CUST-12973,Male,1,Yes,N,19,Month-to-month,Bank transfer,No,No,No,No,No,22.45,440.79,76,Central,1/24/2019,No
CUST-10995,Female,0,N,N,13,Month-to-month,Bank transfer,Fiber optic,Yes,yes,No,yes,89.42,1147.01,31, West ,10/10/2023,Yes
CUST-14128,Female,0,N,No,71,Month-to-month,Credit card,Fiber optic,Yes,Yes,N,YES,83.15,5887.89,59,EAST,7/27/2023,No
CUST-14480,Male,0,yes,no,6,Month-to-month,Credit card,DSL,no,Yes,Y,yes,78.58,455.6,44,south,6/16/2022,No
CUST-12946,Male,1,no,yes,9,Month-to-month,Mailed check,DSL,NO,NO,YES,Yes,66.23,583.49,83,West,6/23/2022,No
CUST-12235,Male,0,Yes,N,60,month-to-month,Electronic check,DSL,Yes,no,N,yes,42.6,2542.67,33, Central ,1/25/2020,Yes
CUST-10402,Female,0,NO,no,44,Two year,Credit card,Fiber optic,yes,YES,yes,YES,107.32,4704.81,59,South,6/30/2018,No
CUST-15426,Female,0,Yes,yes,48,One year,Mailed check,DSL,YES,No,NO,N,62.95,3006.71,44,central,7/26/2018,No
CUST-15262,Male,0,yes,N,10,Month-to-month,Credit card,No,No,No,No,NO,41.44,418.16,45,CENTRAL,3/28/2022,No
CUST-11422,Female,0,Y,Y,61,Two year,Bank transfer,DSL,NO,YES,NO,YES,69.04,4203.33,69,EAST,2/9/2018,No
CUST-14715,Male,0,N,YES,18,TWO YEAR,Credit card,Fiber optic,No,Yes,no,no,85.08,1546.75,41,NORTH,4/2/2018,No
CUST-12910,Female,0,YES,YES,46, Month-to-month ,Credit card,DSL,No,no,YES,N,48.74,2250.89,56,EAST,8/13/2017,No
CUST-10640,Male,0,NO,Yes,42,Month-to-month,Bank transfer,Fiber optic,N,No,Y,N,75.09,3156.62,46,Central,2/19/2023,Yes
CUST-15266,Female,1,no,no,42,Month-to-month,Electronic check,Fiber optic,No,YES,NO,yes,65.49,2739.29,74,WEST,12/28/2018,No
CUST-13927,Female,1,YES,NO,12,month-to-month,Electronic check,Fiber optic,Yes,YES,no,N,80.24,976.28,80,central,9/16/2019,No
CUST-10333,Male,1,Yes,Y,27,Month-to-month,Credit card,DSL,no,no,no,No,67.31,1828.41,85,South,7/12/2019,No
CUST-15831,Male,1,No,N,69, Two year ,Credit card,DSL,no,NO,no,No,67.79,4675.96,83,EAST,7/2/2020,No
CUST-12013,Female,1,Y,Y,66,One year,Mailed check,Fiber optic,no,yes,Y,no,79.58,5267,70,Central,3/13/2023,Yes
CUST-13257,Female,0,Y,yes,3,Month-to-month,Credit card,No,No,No,No,NO,41.61,115.1,65,South,3/12/2020,Yes
CUST-13501,Male,0,N,no,48,Two year,Mailed check,DSL,Y,yes,no,YES,49.21,2347.75,18,Central,11/22/2019,No
CUST-10407,Female,0,Yes,YES,7,MONTH-TO-MONTH,Electronic check,No,No,No,No,No,22.1,137.53,44,Central,3/18/2017,No
CUST-14458,Male,0,Y,YES,60,Month-to-month,Mailed check,Fiber optic,no,YES,Y,Y,90.37,5435.5,25,West,1/16/2019,No
CUST-13169,Male,0,Y,YES,16,Two year,Electronic check,Fiber optic,NO,N,no,No,89.88,1445.88,61, East ,8/1/2019,No
CUST-12591,Female,0,no,No,55,MONTH-TO-MONTH,Electronic check,No,No,No,No,No,35.83,1972.94,32,North,3/6/2019,Yes
CUST-15737,Female,0,YES,YES,30,Month-to-month,Bank transfer,No,No,No,No,no,11.3,351.1,51,North,6/21/2021,No
CUST-14517,Male,0,Yes,N,8,Month-to-month,Electronic check,No,No,No,No,yes,28.18,211.77,47,South,12/25/2019,No
CUST-11390,Male,1,N,NO,20,One year,Credit card,DSL,Y,No,YES,Y,72.67,1441.58,83,Central,1/24/2023,No
CUST-13889,Female,0,Yes,no,67,One year,Mailed check,Fiber optic,yes,yes,No,yes,76.22,5106.03,25,West,11/12/2021,No
CUST-10576,Female,0,yes,Y,30,Month-to-month,Credit card,DSL,YES,N,YES,No,62.38,1874.61,52,South,9/22/2017,Yes
CUST-13319,Female,0,N,no,63,One year,Mailed check,No,No,No,No,Y,14.68,909.79,50,South,1/31/2018,No
CUST-14794,Female,0,Y,yes,59,Month-to-month,Bank transfer,DSL,N,No,NO,No,57.49,3395.73,28,South,4/30/2020,No
CUST-11687,Female,0,N,No,10,One year,Mailed check,DSL,NO,YES,YES,No,77.47,780.19,38,South,2/26/2018,No
CUST-13334,Female,0,No,Yes,18,MONTH-TO-MONTH,Bank transfer,Fiber optic,no,Y,N,Yes,79.33,1435.75,52,West,5/13/2020,Yes
CUST-12334,Female,0,YES,Yes,8,Month-to-month,Mailed check,Fiber optic,No,Y,yes,no,109.62,880.09,54,West,6/12/2018,Yes
CUST-15650,Male,0,NO,no,36,One year,Credit card,DSL,no,no,No,NO,59,2143.21,49,Central,11/12/2022,Yes
CUST-15405,Male,0,No,No,51,Two year,Electronic check,DSL,NO,no,No,No,46.02,2337.23,57, South ,6/12/2020,No
CUST-12896,Female,1,Y,no,54,Two year,Electronic check,Fiber optic,yes,NO,NO,no,93.22,5016.71,82,South,10/16/2022,No
CUST-10130,Female,0,no,Y,64,Month-to-month,Electronic check,Fiber optic,Y,no,N,NO,77.05,4944.71,34,South,11/27/2022,Yes
CUST-11474,Male,0,Yes,Yes,12,One year,Mailed check,Fiber optic,Y,N,Yes,YES,95.52,1130.55,55,North,6/10/2023,No
CUST-10012,Female,0,N,No,9,Two year,Mailed check,Fiber optic,no,Yes,Yes,no,98.87,896.51,40,Central,8/22/2017,No
CUST-12695,Female,1,no,Y,69,Month-to-month,Bank transfer,Fiber optic,N,Yes,yes,No,105.35,7278.26,83,East,4/26/2018,Yes
CUST-13013,Male,0,no,Y,59,Month-to-month,Mailed check,Fiber optic,no,No,Yes,no,98.24,5785.04,52,East,7/8/2023,Yes
CUST-12573,Male,0,No,N,46,Two year,Credit card,DSL,yes,No,no,N,53.84,2486.66,48,South,10/31/2020,No
CUST-10877,Female,0,No,Y,34,MONTH-TO-MONTH,Credit card,Fiber optic,yes,N,NO,No,74.02,2533.24,50,East,2/16/2019,No
CUST-15366,Female,0,No,N,14,Month-to-month,Credit card,DSL,no,No,yes,yes,74.37,1058.59,59,East,8/7/2021,Yes
CUST-14785,Male,0,N,No,65,Month-to-month,Bank transfer,Fiber optic,No,NO,Yes,yes,76.17,4950.49,57,NORTH,10/20/2023,Yes
CUST-14817,Male,0,no,no,22,TWO YEAR,Credit card,DSL,no,Yes,yes,yes,65.75,1436.13,59,CENTRAL,10/27/2021,No
CUST-11071,Male,0,N,YES,37,One year,Mailed check,DSL,NO,N,yes,no,58.93,2188.7,18, East ,2/21/2019,Yes
CUST-12492,Female,1,N,Yes,3,Month-to-month,Credit card,DSL,Y,NO,no,no,39.18,111.41,73,CENTRAL,10/31/2023,No
CUST-15271,Female,0,Yes,yes,48,One year,Mailed check,Fiber optic,YES,YES,Yes,Y,109.26,5252.14,50,North,7/15/2020,No
CUST-10788,Female,0,Yes,no,57, Month-to-month ,Electronic check,Fiber optic,Yes,NO,NO,NO,70.25,3984.98,58,North,1/2/2021,No
CUST-10851,Male,0,NO,no,12,Month-to-month,Mailed check,No,No,No,No,no,44.69,532.38,19,North,11/14/2023,Yes
CUST-13156,Male,0,NO,no,47,One year,Mailed check,Fiber optic,Y,YES,YES,no,79.7,3730.25,37,east,4/9/2017,No
CUST-14949,Female,1,yes,No,67,Month-to-month,Mailed check,No,No,No,No,NO,27.56,1859.32,74,West,4/17/2018,No
CUST-12228,Male,0,Y,YES,14,Two year,Bank transfer,No,No,No,No,N,17.43,236.02,44,North,1/19/2018,No
CUST-11255,Female,0,NO,NO,55,Two year,Electronic check,Fiber optic,no,Y,N,Yes,84.62,4665.39,40,CENTRAL,11/1/2023,No
CUST-14968,Female,0,yes,YES,33,Month-to-month,Bank transfer,No,No,No,No,No,19.34,643.24,36,North,2/25/2019,Yes
CUST-15912,Male,0,YES,No,32,ONE YEAR,Credit card,No,No,No,No,no,31.32,1014.72,46,South,10/19/2022,No
CUST-15746,Female,0,YES,Y,6,TWO YEAR,Bank transfer,Fiber optic,yes,Yes,no,yes,84.24,506.87,60,South,5/1/2017,No
CUST-14363,Female,1,N,YES,38,Month-to-month,Electronic check,No,No,No,No,N,11.62,461.45,80,East,6/13/2017,No
CUST-10518,Male,0,No,No,38,Month-to-month,Credit card,Fiber optic,YES,NO,Y,YES,79.63,3019.79,34,North,9/22/2017,Yes
CUST-11272,Male,0,YES,no,59,One year,Electronic check,DSL,NO,YES,Y,yes,48.36,2851.74,65, South ,11/23/2020,Yes
CUST-14249,Female,1,yes,no,49,Month-to-month,Credit card,No,No,No,No,N,39.74,1952.75,78,West,1/16/2023,Yes
CUST-10479,Female,0,yes,Yes,16,Month-to-month,Mailed check,Fiber optic,No,no,NO,Y,93.81,1497.73,29,South,2/7/2018,No
CUST-10699,Female,0,No,no,0,Two year,Electronic check,DSL,yes,Yes,Y,no,48.46,,68,Central,1/1/2022,No
CUST-13528,Male,0,NO,N,2,Two year,Electronic check,Fiber optic,NO,NO,NO,No,98.97,179.15,28,north,4/5/2023,No
CUST-10189,Female,0,N,Yes,42,Month-to-month,Credit card,Fiber optic,no,No,N,Yes,76.18,3202.16,38,West,4/15/2018,Yes
CUST-13325,Female,1,N,NO,9,ONE YEAR,Electronic check,Fiber optic,no,N,No,N,73.8,657.48,75, East ,7/25/2017,No
CUST-14360,Male,0,YES,yes,68,ONE YEAR,Credit card,Fiber optic,NO,no,Y,YES,99.58,6779.94,67,West,9/17/2017,No
CUST-11638,Female,0,No,No,58,month-to-month,Mailed check,No,No,No,No,Y,10.9,643.4,44,Central,3/9/2018,No
CUST-11731,Male,0,Y,N,11,MONTH-TO-MONTH,Electronic check,No,No,No,No,N,25.45,291.3,36,Central,9/30/2021,No
CUST-15004,Female,0,YES,yes,56,Two year,Bank transfer,No,No,No,No,yes,18.8,1063.11,41,SOUTH,5/13/2020,Yes
CUST-11107,Female,0,No,No,49,MONTH-TO-MONTH,Electronic check,Fiber optic,no,NO,N,yes,93.69,4592.21,56,East,11/24/2018,No
CUST-10310,Female,0,Y,Y,68, Month-to-month ,Electronic check,Fiber optic,yes,YES,N,no,98.2,6660.15,42,West,10/22/2021,Yes
CUST-13860,Female,0,yes,no,52,ONE YEAR,Electronic check,Fiber optic,Yes,Yes,YES,Y,83.73,4347.15,34,South,5/25/2019,No
CUST-11816,Male,0,YES,No,23,one year,Bank transfer,Fiber optic,NO,YES,yes,Yes,92.43,2117.44,52, West ,12/9/2019,Yes
CUST-11762,Male,0,no,No,28,MONTH-TO-MONTH,Electronic check,No,No,No,No,yes,11.92,320.97,33,West,1/27/2019,No
CUST-13870,Female,0,yes,Y,24,TWO YEAR,Bank transfer,DSL,NO,NO,YES,no,68.82,1633.32,63,West,8/22/2021,Yes
CUST-13411,Male,0,NO,No,40,Month-to-month,Bank transfer,DSL,Y,NO,N,NO,44.26,1759.54,27,North,11/10/2018,No
CUST-15618,Male,0,Y,No,6,Two year,Credit card,Fiber optic,Yes,yes,Yes,No,96.25,580.23,62,West,4/17/2018,Yes
CUST-14127,Female,0,No,YES,-3,Month-to-month,Electronic check,Fiber optic,no,N,No,NO,81.22,5618.67,50,North,9/3/2020,No
CUST-14294,Male,0,Yes,NO,49,MONTH-TO-MONTH,Credit card,Fiber optic,NO,no,No,YES,88.91,4367.33,46,Central,3/2/2022,Yes
CUST-15755,Male,0,N,no,58, Month-to-month ,Credit card,DSL,Yes,YES,Yes,Yes,53.4,3105.24,52,NORTH,8/5/2022,No
CUST-15795,Male,0,NO,yes,8,Month-to-month,Mailed check,Fiber optic,no,yes,YES,YES,98.78,788.18,33,Central,12/13/2022,Yes
CUST-13002,Female,0,No,yes,18,Month-to-month,Credit card,Fiber optic,Y,no,No,yes,93.67,1669.68,20,South,2/23/2020,Yes
CUST-10169,Female,0,no,yes,30,One year,Bank transfer,DSL,yes,NO,Yes,Yes,68.65,2066.04,57,North,11/5/2023,No
CUST-11248,Female,0,yes,yes,4, One year ,Credit card,No,No,No,No,Yes,20.53,97.1,68,North,7/22/2023,No
CUST-12813,Female,0,Yes,Yes,42,Month-to-month,Credit card,Fiber optic,Y,N,yes,no,104.23,4362.26,43,Central,5/22/2017,No
CUST-11258,Female,1,Yes,no,69,One year,Credit card,Fiber optic,No,no,NO,N,83.19,5750.22,83,East,11/4/2018,Yes
CUST-12429,Male,1,Y,NO,60,Two year,Bank transfer,Fiber optic,No,N,NO,Y,91.29,5493.48,82,West,6/11/2020,Yes
CUST-10233,Male,0,Yes,No,52,TWO YEAR,Mailed check,Fiber optic,Yes,YES,Y,No,109.17,5675.39,26,West,5/17/2019,No
CUST-12246,Male,0,No,N,44,Two year,Mailed check,No,No,No,No,YES,17.42,762.39,25,Central,3/4/2020,No
CUST-11203,Male,0,YES,Y,65,Month-to-month,Mailed check,Fiber optic,YES,yes,Y,yes,84.28,5467.09,67, Central ,4/25/2021,No
CUST-13815,Male,0,No,Yes,41,Two year,Credit card,DSL,Y,yes,yes,YES,52.55,2151.21,39,Central,8/20/2023,No
CUST-14111,Female,1,No,Y,44,one year,Bank transfer,Fiber optic,Yes,No,Y,Yes,93.9,4112.53,70,Central,2/9/2020,No
CUST-15561,Female,0,yes,N,65,Month-to-month,Mailed check,No,No,No,No,no,31.53,2062.26,46,East,10/11/2023,No
CUST-13439,Male,0,N,YES,7,MONTH-TO-MONTH,Electronic check,DSL,yes,Yes,Yes,No,47.1,333.11,50, West ,12/23/2020,No
CUST-11151,Female,1,N,NO,37,Month-to-month,Bank transfer,No,No,No,No,No,18.25,655.42,74,West,5/27/2017,No
CUST-14232,Female,1,Y,NO,14,One year,Mailed check,DSL,N,yes,YES,Y,46.98,664.64,78,North,12/25/2020,No
CUST-14600,Female,0,Y,No,36,One year,Electronic check,No,No,No,No,Y,11.65,424.96,29,North,11/19/2022,No
CUST-14477,Female,0,N,YES,70,month-to-month,Electronic check,DSL,N,NO,No,No,61.09,4267.08,39,North,7/16/2019,Yes
CUST-14473,Male,0,no,N,59,One year,Bank transfer,No,No,No,No,yes,22.41,1315.94,40,South,5/2/2021,Yes
CUST-13852,Male,0,N,N,39,Month-to-month,Credit card,DSL,yes,Y,YES,N,72.44,2808.67,61,SOUTH,1/19/2018,Yes
CUST-15213,Female,0,NO,Yes,40,Month-to-month,Bank transfer,Fiber optic,Yes,yes,Yes,YES,98.74,3953.49,32,east,4/12/2023,No
CUST-15126,Female,0,NO,yes,31,ONE YEAR,Credit card,No,No,No,No,no,27.63,836.88,19,East,4/11/2023,No
CUST-10115,Female,0,no,Yes,17,MONTH-TO-MONTH,Electronic check,No,No,No,No,no,16.93,283.83,61,NORTH,12/23/2022,Yes
CUST-14657,Male,1,no,yes,43,One year,Mailed check,Fiber optic,NO,YES,Yes,yes,90.68,3919.15,78,east,4/4/2018,Yes
CUST-13944,Male,0,N,YES,51,MONTH-TO-MONTH,Mailed check,Fiber optic,NO,NO,YES,No,79.71,4081.18,43,WEST,11/7/2019,Yes
CUST-13348,Male,0,YES,No,65,Month-to-month,Credit card,Fiber optic,no,N,N,Yes,73.9,4806.48,45,NORTH,5/9/2017,No
CUST-13542,Male,0,Y,No,56,two year,Mailed check,Fiber optic,No,no,No,N,68.97,3859.97,58,East,7/18/2021,Yes
CUST-11411,Female,1,NO,YES,40,Month-to-month,Credit card,No,No,No,No,yes,42.15,1687.44,83,North,1/27/2020,Yes
CUST-14087,Male,0,NO,Yes,20,Month-to-month,Bank transfer,Fiber optic,No,Y,Y,no,96.05,1922.61,20,CENTRAL,6/27/2019,No
CUST-14124,Male,0,yes,No,36,Month-to-month,Electronic check,DSL,N,Yes,No,No,49.27,1789.74,25,east,5/28/2022,No
CUST-15651,Female,0,No,yes,59, Month-to-month ,Mailed check,DSL,yes,NO,N,N,59.9,3531.36,48,West,5/14/2018,No
CUST-14830,Male,0,yes,no,59,Two year,Bank transfer,No,No,No,No,NO,14.97,879.95,61,North,11/2/2021,Yes
CUST-10455,Female,0,YES,N,53,One year,Bank transfer,Fiber optic,Yes,YES,Y,Y,82.37,4373.52,61,Central,7/19/2019,Yes
CUST-14679,Male,1,YES,N,16,Month-to-month,Credit card,DSL,Y,no,YES,N,77.52,1249.82,83,East,12/15/2022,No
CUST-14375,Male,0,N,yes,20,One year,Electronic check,No,No,No,No,No,28.36,565.21,52,East,1/10/2019,No
CUST-10174,Female,1,No,YES,29,Month-to-month,Bank transfer,Fiber optic,N,Y,NO,N,79.49,2292.57,70,north,7/8/2022,No
CUST-10918,Male,0,Yes,Y,13,month-to-month,Electronic check,DSL,no,NO,No,No,41.81,532.79,35,West,7/3/2021,No
CUST-14842,Female,1,YES,Y,72,Two year,Mailed check,DSL,YES,NO,yes,YES,49.23,3536.81,77, North ,4/19/2017,No
CUST-11266,Male,1,No,N,5,Month-to-month,Mailed check,DSL,YES,YES,N,Yes,46.68,218.71,70,North,11/24/2021,No
CUST-12879,Female,0,Y,yes,68,two year,Mailed check,Fiber optic,YES,YES,NO,YES,86.23,5863.86,22,Central,11/27/2020,Yes
CUST-14640,Female,0,NO,Yes,35,Month-to-month,Bank transfer,No,No,No,No,N,27.42,965.97,24,North,5/30/2018,Yes
CUST-14462,Female,1,Y,Y,57,One year,Electronic check,Fiber optic,YES,no,No,Yes,84.91,4832.97,80,West,1/2/2018,No
CUST-12738,Male,0,YES,YES,50,Month-to-month,Electronic check,DSL,No,Yes,NO,no,50.57,2509.88,54,SOUTH,11/17/2020,Yes
CUST-13730,Male,0,No,yes,22,Two year,Bank transfer,Fiber optic,yes,Yes,N,No,78.28,1711.82,36,EAST,6/15/2021,No
CUST-13888,Female,0,yes,Y,4,Month-to-month,Bank transfer,DSL,No,NO,No,No,66.86,251.12,68,CENTRAL,10/3/2017,Yes
CUST-12711,Male,0,Yes,yes,56,month-to-month,Mailed check,DSL,Yes,YES,YES,YES,50.68,2843.4,59, West ,9/17/2018,Yes
CUST-13783,Male,0,Yes,No,26,one year,Credit card,Fiber optic,NO,yes,yes,Y,100.99,2613.74,32,EAST,7/2/2017,No
CUST-11712,Male,1,No,yes,71,ONE YEAR,Electronic check,Fiber optic,yes,Y,yes,yes,86.82,6148.07,84,north,7/5/2019,No
CUST-10584,Male,0,yes,No,2,MONTH-TO-MONTH,Mailed check,DSL,no,No,NO,no,52.24,94,45,central,7/21/2021,Yes
CUST-15468,Female,0,No,No,47,One year,Electronic check,DSL,N,yes,yes,Y,53.46,2514.99,55,Central,10/14/2021,No
CUST-14546,Male,0,YES,NO,44,Two year,Mailed check,No,No,No,No,no,29.92,1314.61,31,East,7/31/2023,No
CUST-10439,Female,0,NO,no,71,Two year,Mailed check,Fiber optic,Yes,YES,No,NO,68.29,4843.34,34,North,4/13/2018,No
CUST-11179,Male,0,Y,no,19,Month-to-month,Mailed check,No,No,No,No,N,38,720.86,35,West,7/6/2022,No
CUST-14377,Male,0,yes,N,13,Two year,Electronic check,Fiber optic,N,NO,no,no,89.45,1171.45,61,central,5/22/2017,Yes
CUST-13107,Female,0,Yes,yes,16,Two year,Credit card,Fiber optic,No,N,YES,yes,109.22,1738.63,51,West,9/12/2022,Yes
CUST-15915,Male,0,yes,N,39,MONTH-TO-MONTH,Bank transfer,No,No,No,No,YES,35.02,1360.91,67,NORTH,7/31/2019,No
CUST-12074,Female,0,NO,NO,70,Two year,Mailed check,DSL,yes,YES,yes,Y,64.23,4505.23,53,West,5/24/2023,Yes
CUST-12236,Female,0,N,Yes,18,One year,Electronic check,DSL,Yes,No,yes,N,56.67,1013.99,39,East,5/29/2020,No
CUST-15762,Female,0,Yes,No,8,Month-to-month,Credit card,Fiber optic,N,Yes,NO,yes,86.25,696.81,42,West,10/4/2021,No
CUST-13538,Male,0,Yes,N,9,Two year,Bank transfer,DSL,Y,Yes,No,no,52.25,486.67,25,SOUTH,9/13/2017,No
CUST-13176,Female,0,yes,N,33,Two year,Bank transfer,Fiber optic,no,YES,Yes,Yes,84.72,2796.51,48,South,11/1/2022,No
CUST-11310,Female,0,N,NO,7,One year,Electronic check,DSL,No,N,no,yes,44.93,295.4,51,SOUTH,7/24/2022,No
CUST-12441,Male,0,NO,no,34,MONTH-TO-MONTH,Credit card,DSL,YES,Yes,NO,no,47.94,1627.83,67, West ,12/24/2021,No
CUST-13357,Male,0,yes,N,71,Two year,Mailed check,Fiber optic,Y,yes,Y,No,90.67,6421.75,28,Central,3/30/2020,No
CUST-11930,Male,0,No,YES,53,Month-to-month,Electronic check,No,No,No,No,no,38,2019.54,54,South,12/12/2019,No
CUST-15543,Female,1,NO,YES,5,Month-to-month,Electronic check,DSL,Y,N,No,Y,57.42,286.72,83, East ,7/16/2019,Yes
CUST-15785,Female,0,YES,N,51,Month-to-month,Mailed check,DSL,YES,Yes,no,yes,46.14,2345.03,54,west,5/26/2018,No
CUST-10514,Male,0,No,Yes,42,Two year,Bank transfer,No,No,No,No,yes,43.53,1820.56,22,West,11/7/2019,No
CUST-13451,Male,0,Yes,no,21,Two year,Mailed check,Fiber optic,N,Y,Y,no,103.26,2176.57,37,Central,4/13/2019,No
CUST-15589,Female,0,Y,yes,11, One year ,Mailed check,Fiber optic,Yes,NO,Yes,yes,84.92,940.74,61,WEST,7/8/2020,No
CUST-11048,Female,1,No,Y,16,Month-to-month,Mailed check,DSL,yes,YES,no,No,44.52,694.21,84,central,6/11/2020,No
CUST-15953,Female,0,No,No,10,Month-to-month,Bank transfer,No,No,No,No,N,40.37,393.31,23,South,4/23/2023,Yes
CUST-10615,Male,0,NO,yes,30,One year,Bank transfer,No,No,No,No,Yes,39.91,1210.6,28,Central,7/22/2018,Yes
CUST-13078,Female,0,YES,N,13,One year,Mailed check,No,No,No,No,Y,44.88,581.01,56,EAST,11/17/2022,Yes
CUST-12483,Female,1,No,YES,44,Month-to-month,Electronic check,Fiber optic,Y,Y,N,N,67.5,2984.04,82,north,10/5/2022,Yes
CUST-12876,Male,0,no,Y,45,Month-to-month,Electronic check,Fiber optic,Y,YES,no,Yes,68.14,3073.92,58,Central,7/27/2019,Yes
CUST-12542,Male,0,no,yes,2,Month-to-month,Electronic check,DSL,YES,NO,yes,NO,57.14,120.05,26,Central,3/22/2017,No
CUST-10856,Female,0,yes,NO,35,Two year,Bank transfer,Fiber optic,YES,Yes,Y,no,86.03,2993.68,18,CENTRAL,8/24/2018,Yes
CUST-12744,Male,0,yes,Yes,49,One year,Credit card,Fiber optic,No,yes,No,No,78.88,3849.43,38,EAST,3/27/2017,No
CUST-10724,Female,0,Yes,NO,23,Month-to-month,Mailed check,DSL,Yes,Yes,N,NO,69.76,1607,47,NORTH,9/25/2020,No
CUST-14926,Male,0,N,no,27,month-to-month,Credit card,Fiber optic,NO,No,no,N,84.64,2303.83,62,North,4/2/2017,Yes
CUST-11893,Male,0,yes,Yes,2,Two year,Mailed check,Fiber optic,NO,N,Yes,N,87.28,156.78,31,WEST,11/21/2021,No
CUST-11518,Male,0,Y,N,25,month-to-month,Credit card,DSL,yes,no,no,Yes,46.95,1185.37,60,WEST,7/14/2019,No
CUST-11494,Male,0,N,Y,72,Two year,Bank transfer,No,No,No,No,No,34.01,2440.41,41,west,5/27/2023,Yes
CUST-11283,Male,0,No,no,48,one year,Bank transfer,Fiber optic,Y,YES,Yes,Y,106.15,5106.84,18,West,1/29/2018,No
CUST-13942,Female,0,Yes,No,40,Month-to-month,Electronic check,DSL,No,YES,No,No,63.93,2559.08,27,Central,2/8/2019,Yes
CUST-12321,Female,0,yes,no,69,Month-to-month,Mailed check,Fiber optic,Y,no,YES,N,105.76,7309.68,36,West,8/17/2019,Yes
CUST-15706,Male,0,yes,Y,19,Month-to-month,Electronic check,DSL,no,NO,yes,YES,76.06,1433.68,52,West,1/3/2018,No
CUST-15792,Female,1,No,No,10,Month-to-month,Mailed check,Fiber optic,No,YES,NO,N,83.62,819.17,82,Central,9/2/2023,No
CUST-11451,Female,0,No,Yes,25,Two year,Credit card,Fiber optic,N,Y,No,yes,95.85,2399.28,63,EAST,8/31/2018,No
CUST-12740,Female,0,No,N,9,Two year,Electronic check,No,No,No,No,Y,18.17,174.34,30,North,8/9/2022,No
CUST-13295,Male,0,YES,YES,5,Month-to-month,Bank transfer,Fiber optic,No,Y,yes,YES,79.14,399.29,39,west,9/19/2023,Yes
CUST-11413,Female,0,Y,N,17,Month-to-month,Mailed check,DSL,no,no,No,no,35.4,618.32,57,South,2/18/2019,No
CUST-12878,Male,1,N,yes,39,Month-to-month,Credit card,Fiber optic,No,Y,no,Y,96.08,3754.77,79,North,7/22/2022,Yes
CUST-11891,Male,0,YES,N,47,one year,Credit card,Fiber optic,N,YES,no,No,90.59,4271.66,31,East,8/10/2019,No
CUST-14669,Female,0,YES,N,19,Two year,Mailed check,No,No,No,No,Yes,28.68,539.54,54,Central,7/24/2023,No
CUST-10288,Female,1,No,Yes,72,month-to-month,Credit card,Fiber optic,yes,NO,no,N,67.96,4894.46,80, North ,6/1/2019,Yes
CUST-13305,Female,1,YES,No,6,Month-to-month,Credit card,Fiber optic,N,Y,N,Y,87.59,511.39,82,Central,8/18/2017,No
CUST-13255,Male,1,yes,no,21,two year,Credit card,No,No,No,No,No,25.47,528.2,70,central,12/4/2020,No
CUST-13214,Female,0,No,NO,7,One year,Mailed check,Fiber optic,No,Y,no,NO,76.55,516.54,43,east,2/9/2019,No
CUST-15982,Male,1,yes,N,12,TWO YEAR,Mailed check,Fiber optic,YES,Y,Y,YES,76.26,911.91,76,east,1/24/2018,No
CUST-13770,Female,0,NO,Yes,30,two year,Bank transfer,Fiber optic,no,N,N,no,98.69,2956.75,22,EAST,3/28/2021,Yes
CUST-10980,Female,0,Yes,no,35,one year,Electronic check,DSL,Yes,no,YES,no,59.03,2060.7,61,SOUTH,4/19/2022,No
CUST-12976,Female,1,Y,YES,26,month-to-month,Credit card,No,No,No,No,N,44.53,1159.89,83,West,11/29/2017,Yes
CUST-11008,Female,0,Y,N,55,One year,Electronic check,Fiber optic,Y,No,YES,yes,82.15,4526.02,41, East ,1/16/2019,No
CUST-10418,Female,1,No,N,40,Month-to-month,Bank transfer,No,No,No,No,YES,18.08,715.79,73,West,3/20/2021,No
CUST-13372,Male,0,NO,N,5,Month-to-month,Electronic check,Fiber optic,N,No,yes,no,83.8,426.02,65,west,8/13/2023,Yes
CUST-15092,Male,0,Yes,NO,39,Month-to-month,Electronic check,Fiber optic,YES,No,no,Yes,69.68,2698.94,68,West,5/25/2023,Yes
CUST-12529,Male,0,no,YES,7,Two year,Bank transfer,Fiber optic,Y,N,Yes,yes,77.48,543.74,36,West,10/29/2020,Yes
CUST-15019,Male,0,Yes,N,33,Month-to-month,Mailed check,DSL,N,N,No,NO,62.34,2061.46,30,North,8/3/2022,No
CUST-14310,Female,1,Y,Yes,60,Two year,Mailed check,Fiber optic,yes,Yes,yes,Y,95.05,5705.44,70,NORTH,7/6/2019,No
CUST-15116,Male,0,Y,Yes,48,Month-to-month,Mailed check,Fiber optic,NO,Yes,yes,Yes,102.06,4882.7,43,East,2/3/2019,Yes
CUST-14368,Male,1,Yes,Yes,45,One year,Electronic check,DSL,YES,N,YES,No,52.75,2363.08,74,EAST,7/5/2021,No
CUST-10937,Female,1,NO,yes,5,Month-to-month,Electronic check,DSL,yes,yes,Y,Yes,45.07,231.2,75,WEST,5/25/2017,Yes
CUST-15857,Male,0,No,YES,4,Month-to-month,Electronic check,DSL,YES,no,Yes,Yes,46.19,191.63,25,West,9/11/2021,Yes
CUST-12280,Female,0,no,no,7,one year,Bank transfer,Fiber optic,N,N,No,no,65.34,442.54,20,North,12/9/2022,No
CUST-10292,Male,1,NO,Yes,38,Month-to-month,Electronic check,No,No,No,No,NO,40.74,1536.55,80,west,1/29/2020,No
CUST-12622,Male,0,Yes,No,19,ONE YEAR,Electronic check,No,No,No,No,Y,24,438.07,44,East,3/23/2022,No
CUST-14613,Male,0,yes,yes,59,Month-to-month,Bank transfer,DSL,N,no,No,Yes,67.58,3989.92,36,West,7/27/2021,No
CUST-15391,Female,0,no,Yes,46,Month-to-month,Credit card,Fiber optic,No,Yes,Yes,N,87.04,4009,65,CENTRAL,11/26/2022,Yes
CUST-14777,Female,1,No,yes,31,Month-to-month,Credit card,Fiber optic,N,No,No,yes,97.86,3037.25,84,Central,9/30/2023,Yes
CUST-11695,Female,0,YES,YES,56,Month-to-month,Mailed check,No,No,No,No,No,33.76,1893.19,48,South,11/25/2021,No
CUST-12106,Female,0,NO,YES,57,Month-to-month,Electronic check,DSL,yes,YES,YES,Yes,48.12,2749.06,26,Central,2/5/2023,No
CUST-14147,Male,0,N,yes,20,Month-to-month,Bank transfer,DSL,N,N,no,YES,50.22,986.29,64,WEST,12/7/2018,Yes
CUST-12171,Male,0,Y,Yes,43,Month-to-month,Bank transfer,Fiber optic,no,No,NO,No,85.37,3650.96,26,North,2/23/2021,No
CUST-13425,Female,0,no,No,67, Month-to-month ,Mailed check,No,No,No,No,N,21.44,1438.78,21,South,4/19/2023,No
CUST-15819,Female,0,No,No,26,month-to-month,Credit card,No,No,No,No,N,18.85,508.3,63,Central,8/14/2020,Yes
CUST-14726,Male,1,Y,Yes,44,month-to-month,Electronic check,Fiber optic,NO,no,N,NO,78.47,3464.85,78,east,3/14/2019,Yes
CUST-13737,Female,0,Yes,NO,56,Month-to-month,Credit card,No,No,No,No,no,38.88,2188.2,43,east,8/25/2023,No
CUST-12416,Male,0,Yes,yes,47,MONTH-TO-MONTH,Electronic check,DSL,yes,No,yes,NO,77.43,3652.7,25,EAST,9/29/2020,No
CUST-13286,Male,1,Yes,Yes,33,Two year,Bank transfer,DSL,no,no,NO,N,45.26,1481.82,79,Central,11/18/2019,No
CUST-10153,Male,0,YES,Yes,6,Month-to-month,Bank transfer,Fiber optic,no,N,Y,Yes,88.63,516.51,18,North,3/18/2023,No
CUST-10863,Male,1,Y,N,16,Two year,Mailed check,DSL,N,NO,Yes,Y,47.58,762.66,70,WEST,6/19/2022,No
CUST-13593,Male,1,NO,NO,40,ONE YEAR,Electronic check,DSL,Y,Yes,N,YES,66.3,2639.11,76,EAST,10/6/2019,No
CUST-14289,Male,0,YES,NO,38,Month-to-month,Mailed check,Fiber optic,N,yes,Yes,YES,80.43,3061.32,69,South,9/2/2018,Yes
CUST-15820,Male,0,Yes,no,27,Two year,Electronic check,DSL,NO,no,no,Y,40.78,1085.96,23,East,10/14/2020,No
CUST-13998,Female,0,yes,yes,32,One year,Credit card,Fiber optic,NO,yes,Y,No,90.64,2891.74,18,West,5/3/2021,No
CUST-11997,Male,0,N,No,10,MONTH-TO-MONTH,Mailed check,Fiber optic,yes,NO,NO,No,89.3,878.57,58,SOUTH,3/11/2022,Yes
CUST-13912,Female,0,No,N,64,Month-to-month,Electronic check,Fiber optic,No,yes,N,NO,77.15,4937.93,22,south,9/22/2020,No
CUST-11883,Male,0,Yes,no,60,One year,Bank transfer,DSL,no,N,Yes,yes,47.98,2896.16,54,North,9/21/2018,No
CUST-10114,Male,0,Y,Y,15,month-to-month,Mailed check,Fiber optic,Yes,YES,No,YES,70.19,1061.3,40,East,6/23/2019,No
CUST-11644,Male,0,no,NO,29,Month-to-month,Mailed check,Fiber optic,Y,N,Yes,YES,88.23,2543.45,33,North,7/10/2023,Yes
CUST-14838,Male,0,yes,Y,29,two year,Credit card,Fiber optic,N,NO,Yes,Yes,96.09,2792.95,56,WEST,3/27/2017,No
CUST-14947,Female,1,no,NO,35,Two year,Credit card,DSL,Y,N,Y,YES,71.08,2491.54,77,Central,1/16/2020,No
CUST-15760,Male,0,Y,No,41,MONTH-TO-MONTH,Electronic check,No,No,No,No,N,29.68,1197.35,37,Central,12/24/2022,No
CUST-13562,Male,0,Yes,YES,57,Month-to-month,Bank transfer,No,No,No,No,Yes,24.32,1383.93,24, South ,11/19/2021,Yes
CUST-12080,Male,0,Yes,No,6,Month-to-month,Mailed check,DSL,NO,No,N,YES,35.39,205.88,58,Central,12/13/2022,No
CUST-15119,Male,0,Yes,NO,5,Two year,Credit card,Fiber optic,N,Y,No,No,72.92,374.39,44,south,4/1/2018,No
CUST-15724,Female,1,Y,no,46,Two year,Mailed check,DSL,Y,Yes,Y,NO,77.77,3558.33,85,West,9/28/2021,Yes
CUST-11521,Female,0,NO,NO,69,MONTH-TO-MONTH,Credit card,Fiber optic,Y,No,No,No,80.53,5542.36,58,Central,1/18/2023,No
CUST-14321,Male,0,YES,No,49,One year,Credit card,No,No,No,No,no,19.36,935.34,35,central,4/10/2020,No
CUST-14964,Male,0,yes,N,46,Two year,Bank transfer,Fiber optic,Yes,NO,N,Y,81.78,3748.31,61,East,12/5/2019,No
CUST-15424,Female,0,yes,No,15,One year,Bank transfer,DSL,YES,No,Yes,YES,50.31,763.45,60,North,6/22/2019,No
CUST-13061,Female,0,NO,no,40,month-to-month,Mailed check,DSL,yes,yes,Y,yes,56.09,2240.69,69,South,10/25/2017,No
CUST-11013,Male,0,No,NO,35,Two year,Credit card,Fiber optic,Y,N,Y,YES,99.38,3478.68,53,West,6/11/2018,Yes
CUST-12868,Female,0,No,Y,56,month-to-month,Bank transfer,No,No,No,No,YES,11.29,648.81,63,West,8/4/2023,No
CUST-11424,Male,1,No,no,33,Month-to-month,Electronic check,DSL,Y,YES,NO,yes,64.89,2152.47,74,EAST,3/7/2021,No
CUST-14829,Male,0,Yes,YES,17, Month-to-month ,Bank transfer,No,No,No,No,Yes,19.97,321.12,20,central,12/30/2019,No
CUST-15930,Female,0,Y,Yes,27,Month-to-month,Mailed check,DSL,no,no,yes,no,46.95,1256.67,25,West,4/20/2018,No
CUST-10607,Male,0,no,Y,35,Month-to-month,Credit card,DSL,Yes,NO,Y,No,74.04,2596.62,67,West,2/19/2020,No
CUST-13766,Female,0,No,yes,40,two year,Bank transfer,DSL,YES,yes,NO,no,41.99,1686.61,49,East,6/3/2019,No
CUST-11450,Male,0,No,NO,24,Two year,Mailed check,Fiber optic,No,N,YES,Y,75.07,1807.09,48,EAST,9/3/2020,No
CUST-11628,Female,1,NO,no,23,two year,Electronic check,Fiber optic,Yes,Y,YES,no,109.42,2514.38,85,East,8/11/2018,No
CUST-14685,Male,0,NO,Y,41,Month-to-month,Electronic check,No,No,No,No,Y,23.63,978.18,48,north,10/6/2022,Yes
CUST-11957,Male,0,Yes,No,16,Month-to-month,Credit card,Fiber optic,Y,Yes,no,yes,68.42,1085.25,28,north,2/12/2021,No
CUST-14859,Female,0,yes,Y,63,Month-to-month,Mailed check,Fiber optic,YES,Yes,yes,Yes,88.13,5544.81,34,Central,12/3/2018,No
CUST-15584,Male,0,no,YES,21,Month-to-month,Electronic check,Fiber optic,YES,NO,yes,Yes,92.77,1963.49,41,Central,9/13/2022,Yes
CUST-14618,Male,0,no,YES,23,Month-to-month,Bank transfer,No,No,No,No,Yes,21.84,517.94,36,West,7/12/2018,No
CUST-10222,Female,1,no,no,32,Month-to-month,Electronic check,Fiber optic,NO,NO,Yes,Yes,88.4,2822.11,71,WEST,1/9/2021,Yes
CUST-12127,Female,0,no,yes,64,Month-to-month,Electronic check,DSL,NO,No,YES,N,58.29,3714.75,57,CENTRAL,1/10/2022,No
CUST-10583,Male,1,NO,NO,12,Two year,Electronic check,DSL,No,NO,no,Yes,38.74,463.96,85,South,11/14/2019,Yes
CUST-10919,Female,1,NO,YES,11,One year,Electronic check,No,No,No,No,yes,11.32,144.28,72,Central,10/4/2022,No
CUST-15934,Male,0,No,No,55,Two year,Electronic check,Fiber optic,YES,Yes,Y,N,85.12,4685.6,21,south,6/26/2017,No
CUST-15372,Female,0,YES,NO,20,one year,Bank transfer,Fiber optic,YES,No,N,N,79.09,1595.51,45,south,12/18/2021,No
CUST-14129,Female,0,no,yes,48,Two year,Electronic check,DSL,No,YES,No,Yes,65.11,3125.73,27,West,7/13/2017,No
CUST-13245,Male,0,no,no,1,One year,Credit card,Fiber optic,no,NO,YES,NO,87.94,107.32,68,WEST,1/8/2022,No
CUST-11498,Female,0,NO,No,52,One year,Mailed check,No,No,No,No,Yes,24.82,1277.12,52,North,6/30/2019,No
CUST-15799,Male,1,YES,Yes,67,One year,Electronic check,Fiber optic,Yes,yes,No,Yes,86.35,5776.56,85,North,3/8/2021,No
CUST-13569,Male,0,NO,NO,58,One year,Bank transfer,Fiber optic,no,YES,NO,Y,95.74,5553.34,36,Central,8/27/2017,No
CUST-13920,Male,0,yes,Yes,7,Month-to-month,Mailed check,No,No,No,No,yes,21.94,133.72,51,Central,3/29/2017,Yes
CUST-15005,Female,0,NO,N,7,ONE YEAR,Credit card,DSL,no,Yes,YES,Yes,52.63,368.2,37,North,7/18/2021,No
CUST-11066,Female,0,Y,N,41,ONE YEAR,Bank transfer,DSL,no,Yes,Y,NO,53.88,2224.51,53,east,2/24/2020,No
CUST-14861,Female,1,Yes,No,11,month-to-month,Electronic check,No,No,No,No,yes,22.26,229.41,75,SOUTH,6/2/2022,Yes
CUST-13819,Male,0,yes,No,16,one year,Bank transfer,Fiber optic,no,Y,YES,No,78.1,1253.89,41,Central,11/11/2019,No
CUST-15969,Male,0,YES,Y,25,Month-to-month,Electronic check,No,No,No,No,N,34.44,878.17,32,south,4/8/2021,No
CUST-12725,Male,0,Y,N,49,Month-to-month,Bank transfer,Fiber optic,Yes,Yes,Y,Y,96.56,4723.84,68,NORTH,6/14/2020,No
CUST-11352,Female,0,Yes,No,54,month-to-month,Mailed check,Fiber optic,N,N,NO,YES,84.3,4537.02,28,north,9/20/2017,No
CUST-13820,Male,0,YES,No,44,MONTH-TO-MONTH,Mailed check,Fiber optic,yes,Yes,no,N,98.15,4303.31,29,West,7/20/2018,Yes
CUST-11949,Female,0,no,No,40,Month-to-month,Bank transfer,DSL,No,Y,No,Yes,52.43,2112.09,21,Central,8/21/2023,No
CUST-14962,Male,0,YES,Y,11,Month-to-month,Credit card,Fiber optic,N,Y,Y,no,103.48,1136.05,57,West,2/5/2020,Yes
CUST-10582,Male,1,Y,YES,52,Month-to-month,Bank transfer,DSL,no,No,Yes,NO,56.14,2904.23,76, East ,5/23/2017,Yes
CUST-15784,Female,1,no,Yes,68,MONTH-TO-MONTH,Credit card,DSL,N,Yes,No,no,62.89,4278.59,70,SOUTH,11/25/2022,Yes
CUST-14215,Female,0,N,yes,63,One year,Bank transfer,Fiber optic,Yes,no,No,yes,91.57,5756.43,34,NORTH,10/24/2019,No
CUST-15710,Male,0,yes,Yes,55,TWO YEAR,Bank transfer,No,No,No,No,no,44.46,2434.86,52,East,3/18/2019,No
CUST-10181,Male,0,no,no,55,Month-to-month,Mailed check,No,No,No,No,N,37.62,2049.46,20,central,5/27/2017,No
CUST-13836,Female,0,N,no,28,one year,Mailed check,Fiber optic,yes,YES,Y,YES,75.22,2114.11,52,WEST,4/21/2019,No
CUST-15342,Male,0,NO,yes,26,two year,Credit card,Fiber optic,Y,YES,yes,N,81.52,2127.54,53,East,1/29/2019,No
CUST-10527,Male,0,NO,No,60,Month-to-month,Electronic check,DSL,N,NO,N,no,63.84,3836.23,56,South,7/27/2022,Yes
CUST-14171,Male,0,NO,Y,62,Month-to-month,Mailed check,Fiber optic,Y,Y,Y,YES,86.59,5359.96,54,EAST,12/26/2020,Yes
CUST-10537,Female,0,Y,No,72, Two year ,Credit card,Fiber optic,no,No,Yes,N,103.72,7469.62,41,East,10/4/2019,No
CUST-15598,Female,0,NO,no,64,Month-to-month,Credit card,No,No,No,No,N,19.14,1218.85,23,Central,8/16/2022,No
CUST-10957,Female,0,N,YES,55,Month-to-month,Credit card,Fiber optic,YES,Y,no,YES,65.56,3610.4,41,East,3/19/2022,No
CUST-13782,Male,1,NO,YES,42,Month-to-month,Credit card,Fiber optic,NO,no,N,yes,74.04,3110.68,77,South,9/4/2021,Yes
CUST-13710,Male,0,YES,No,40,One year,Mailed check,No,No,No,No,Yes,40.21,1591.41,25,CENTRAL,11/19/2018,No
CUST-15772,Female,0,No,Y,60,MONTH-TO-MONTH,Mailed check,Fiber optic,YES,N,YES,No,94.37,5672.59,20,WEST,5/10/2017,No
CUST-11569,Female,0,Yes,N,27,month-to-month,Mailed check,No,No,No,No,Yes,12.92,364.27,18,central,10/28/2022,No
CUST-13846,Male,0,no,NO,19,Two year,Electronic check,DSL,N,N,NO,no,61.45,1178.56,44,North,4/27/2022,No
CUST-13736,Female,0,no,Y,19,One year,Electronic check,No,No,No,No,no,41.49,803.74,55,East,11/14/2021,No
CUST-14958,Female,0,NO,Y,64,month-to-month,Electronic check,DSL,YES,N,yes,N,56.81,3650.5,60,West,9/26/2020,No
CUST-14410,Male,1,Yes,Yes,17,month-to-month,Electronic check,DSL,no,Yes,No,NO,45.24,755.85,79,north,9/25/2018,Yes
CUST-15297,Female,0,Y,No,21,Two year,Bank transfer,Fiber optic,Yes,no,no,Yes,92.91,1951.06,25,North,6/5/2019,No
CUST-10747,Female,0,NO,Y,24,Two year,Electronic check,DSL,yes,yes,No,no,67.37,1630.58,57,CENTRAL,1/1/2022,No
CUST-11775,Male,0,Y,no,51,Two year,Mailed check,DSL,no,NO,no,Yes,51.32,2621.36,24,West,6/12/2023,No
CUST-14664,Female,0,no,yes,8,Two year,Electronic check,Fiber optic,N,No,yes,yes,88.66,710.21,56,East,4/11/2022,No
CUST-13957,Female,0,No,no,8,Month-to-month,Electronic check,No,No,No,No,Y,21.98,177.27,61,North,1/14/2018,No
CUST-11081,Male,0,Y,no,42,Month-to-month,Mailed check,No,No,No,No,No,41.22,1721.09,48,SOUTH,4/24/2021,Yes
CUST-14463,Female,0,YES,Y,55,One year,Mailed check,No,No,No,No,Yes,26.8,1484.98,44,WEST,7/25/2023,No
CUST-12602,Female,0,YES,N,62,MONTH-TO-MONTH,Bank transfer,DSL,NO,yes,Yes,No,65.51,4049.34,19,Central,12/31/2018,Yes
CUST-12629,Female,0,No,No,18,One year,Bank transfer,Fiber optic,Y,yes,NO,No,68.97,1255.06,30,East,10/31/2018,Yes
CUST-12847,Female,0,YES,yes,53,MONTH-TO-MONTH,Mailed check,No,No,No,No,Y,19.33,1031.84,50,EAST,8/5/2019,No
CUST-13716,Female,1,N,NO,17,Two year,Bank transfer,Fiber optic,YES,YES,NO,No,82.53,1398.33,72,Central,1/30/2019,No
CUST-11515,Male,0,No,Y,54, Month-to-month ,Credit card,No,No,No,No,Y,22.36,1199.03,20,South,5/3/2022,No
CUST-11085,Male,0,Yes,N,15,One year,Mailed check,No,No,No,No,YES,41.21,626.79,33,North,5/17/2020,No
CUST-12807,Male,0,No,NO,63,One year,Bank transfer,Fiber optic,No,NO,YES,yes,96.04,6064.26,34,Central,5/12/2017,Yes
CUST-13370,Female,1,Y,yes,2,One year,Electronic check,Fiber optic,Yes,NO,yes,YES,97.77,202.81,83,East,10/4/2020,Yes
CUST-13612,Male,0,YES,no,17,Month-to-month,Bank transfer,Fiber optic,Y,no,No,No,86.32,1473.04,44,Central,8/9/2023,No
CUST-15151,Female,0,NO,yes,27,Month-to-month,Electronic check,Fiber optic,Yes,NO,Y,Yes,109.41,2948.71,60,South,9/24/2017,Yes
CUST-14195,Female,0,no,yes,34,Two year,Credit card,Fiber optic,NO,N,Yes,NO,78.85,2664.71,65,WEST,11/25/2022,No
CUST-15925,Male,1,YES,N,48,One year,Electronic check,No,No,No,No,YES,39.43,1907.37,84,West,10/1/2020,No
CUST-10147,Male,0,NO,NO,71,Month-to-month,Credit card,Fiber optic,NO,N,No,yes,66.86,4729.32,35,South,2/11/2022,No
CUST-13714,Female,0,Yes,Y,4,Month-to-month,Credit card,Fiber optic,NO,yes,yes,N,95.3,383.63,999,Central,5/3/2020,Yes
CUST-12600,Female,0,Yes,N,24,Month-to-month,Credit card,No,No,No,No,No,17.1,408.13,25,West,6/21/2017,No
CUST-10201,Female,0,No,no,0,One year,Bank transfer,DSL,Y,No,N,Y,50.88,,46,central,1/11/2023,Yes
CUST-11680,Female,1,no,no,34,two year,Credit card,Fiber optic,Y,YES,No,No,94.31,3198.77,78,Central,8/27/2023,No
CUST-11656,Male,0,Y,Yes,69,Month-to-month,Electronic check,DSL,NO,Y,N,no,59.36,4110.68,55,West,7/17/2022,Yes
CUST-12360,Female,0,yes,yes,66,Month-to-month,Bank transfer,No,No,No,No,Y,44.05,2912.87,50,North,8/5/2023,Yes
CUST-10726,Male,0,Y,N,23,Two year,Credit card,DSL,NO,Y,yes,YES,65.77,1521.47,29,South,10/17/2019,No
CUST-15273,Male,0,No,N,52,month-to-month,Electronic check,Fiber optic,NO,no,YES,No,87.81,4551.52,49,Central,7/10/2019,No
CUST-14250,Female,0,N,Y,47,Month-to-month,Electronic check,Fiber optic,yes,No,NO,Yes,87.44,4109.56,69,East,5/4/2018,No
CUST-10794,Male,0,yes,YES,71,Two year,Electronic check,Fiber optic,yes,YES,no,no,78.8,5614.27,50,West,7/11/2019,No
CUST-15355,Male,1,No,Yes,54,Two year,Credit card,No,No,No,No,no,20.16,1098.14,75,West,7/10/2018,No
CUST-10831,Female,0,yes,N,44,month-to-month,Bank transfer,DSL,N,Y,N,N,68.29,3020.53,66,East,7/26/2023,No
CUST-11324,Male,0,yes,Y,28,Month-to-month,Bank transfer,DSL,no,yes,yes,no,76.12,2122.37,23,South,6/5/2020,Yes
CUST-10780,Male,0,YES,No,3,Two year,Mailed check,Fiber optic,Yes,no,Yes,Y,94.82,294.19,48,SOUTH,1/27/2023,No
CUST-10108,Male,1,YES,Yes,50,MONTH-TO-MONTH,Credit card,Fiber optic,yes,YES,yes,no,93.77,4684.13,72,SOUTH,6/10/2020,No
CUST-15034,Male,0,N,yes,8,Two year,Credit card,DSL,N,Y,Y,N,72.71,579.01,53,North,4/28/2022,No
CUST-11284,Female,0,No,No,2,Month-to-month,Credit card,Fiber optic,NO,NO,yes,Yes,78.74,158.46,22,West,4/4/2018,Yes
CUST-14933,Female,1,No,YES,61,TWO YEAR,Credit card,No,No,No,No,no,13.4,826.14,78,west,8/11/2017,No
CUST-15259,Male,0,NO,YES,38,One year,Mailed check,No,No,No,No,Y,12.97,510.7,33,West,9/5/2020,Yes
CUST-11561,Male,0,No,N,24,TWO YEAR,Credit card,Fiber optic,Y,NO,NO,Y,86.23,2063.47,57,CENTRAL,7/30/2018,No
CUST-10585,Female,1,yes,No,53,month-to-month,Credit card,DSL,yes,no,No,no,39.64,2082.53,77,South,5/26/2023,No
CUST-11054,Male,0,YES,N,71,Month-to-month,Bank transfer,DSL,yes,yes,YES,N,53.98,3829.76,37, North ,9/11/2022,Yes
CUST-12291,Female,0,N,NO,32,Month-to-month,Credit card,No,No,No,No,Yes,36.06,1165.68,52,West,5/26/2021,Yes
CUST-12269,Female,0,YES,Y,71, Month-to-month ,Bank transfer,No,No,No,No,No,33.37,2384.58,999,Central,9/23/2022,Yes
CUST-14928,Female,0,No,YES,27,ONE YEAR,Bank transfer,No,No,No,No,YES,40.6,1111.94,31,Central,4/6/2022,No
CUST-11796,Male,0,yes,N,2,one year,Bank transfer,DSL,yes,N,Yes,Y,46.17,77,30,North,3/1/2020,No
CUST-15802,Female,0,no,No,72,One year,Mailed check,Fiber optic,N,NO,Y,N,108.22,7776.4,47,West,9/3/2019,Yes
CUST-13987,Female,0,N,NO,13,month-to-month,Credit card,Fiber optic,no,NO,No,YES,66.32,848.23,58,CENTRAL,4/9/2018,No
CUST-11727,Male,0,Yes,No,7,Month-to-month,Credit card,DSL,NO,No,NO,no,36.59,242.29,30,West,9/30/2023,No
CUST-14213,Male,0,yes,no,63,MONTH-TO-MONTH,Bank transfer,Fiber optic,Y,NO,no,YES,71.61,4500.99,34,east,10/1/2017,No
CUST-13740,Male,0,NO,Yes,36,ONE YEAR,Credit card,Fiber optic,Y,no,yes,Yes,95.85,3457.98,30,East,3/25/2021,Yes
CUST-11049,Male,0,Y,Yes,34,Month-to-month,Electronic check,DSL,No,N,no,N,64.52,2196.11,27,east,7/20/2019,No
CUST-15686,Male,0,no,Yes,0,One year,Credit card,Fiber optic,Y,N,Yes,YES,92.39,,23,South,9/11/2018,No
CUST-12653,Female,0,No,Y,50,Month-to-month,Credit card,Fiber optic,N,Yes,NO,YES,89.26,4461.54,46,Central,8/28/2019,Yes
CUST-11854,Male,1,Yes,NO,61,MONTH-TO-MONTH,Credit card,Fiber optic,no,No,Y,yes,107.19,6525.96,82,East,5/1/2020,No
CUST-15754,Male,0,Y,yes,51,Month-to-month,Mailed check,DSL,NO,Yes,no,yes,42.38,2168.5,37,Central,4/27/2018,No
CUST-10593,Male,0,yes,YES,-3,Month-to-month,Credit card,DSL,Yes,no,YES,N,50.39,2905.15,28,North,8/10/2018,Yes
CUST-13379,Male,1,Yes,Y,68,One year,Electronic check,No,No,No,No,Yes,35.75,2432.89,78,Central,1/18/2023,No
CUST-10928,Male,0,NO,YES,11,month-to-month,Bank transfer,Fiber optic,no,Yes,no,Yes,93.91,1050.84,38,West,9/28/2021,No
CUST-14372,Female,0,no,no,0,Month-to-month,Electronic check,DSL,Y,YES,NO,N,58.31,,30,East,2/22/2021,No
CUST-15078,Female,1,N,N,68,one year,Bank transfer,Fiber optic,NO,yes,Yes,YES,91.18,6184.14,73,East,5/28/2019,No
CUST-13492,Female,0,no,Yes,9,Two year,Mailed check,DSL,No,N,N,No,42.87,366.33,68,CENTRAL,8/28/2021,Yes
CUST-11761,Female,0,No,No,42,Month-to-month,Mailed check,Fiber optic,N,YES,Y,Y,96.61,4046.96,42,WEST,10/24/2018,Yes
CUST-13788,Female,0,Y,YES,24,One year,Electronic check,DSL,no,NO,YES,NO,75.3,1809.68,57,SOUTH,3/3/2022,No
CUST-13080,Male,0,yes,N,68,Month-to-month,Electronic check,DSL,Y,YES,N,YES,50.06,3405.13,21,Central,3/19/2023,No
CUST-10067,Female,0,YES,No,40,Month-to-month,Electronic check,DSL,Yes,Y,N,yes,63.47,2556.15,64,Central,5/31/2020,Yes
CUST-11105,Male,0,NO,Y,14,Two year,Credit card,Fiber optic,Yes,no,NO,no,74.56,1043.65,64,Central,3/19/2022,Yes
CUST-15323,Male,0,N,No,5,One year,Mailed check,DSL,Yes,yes,Y,Yes,75.44,380.33,23, South ,9/12/2022,No
CUST-10011,Male,1,Yes,no,33,Month-to-month,Electronic check,Fiber optic,YES,NO,YES,NO,106.69,3534.61,72,East,3/4/2019,Yes
CUST-14032,Male,0,Y,No,1,Two year,Electronic check,Fiber optic,YES,Y,NO,no,75.97,91.98,40,NORTH,7/27/2022,Yes
CUST-11743,Female,0,yes,yes,2,Month-to-month,Mailed check,Fiber optic,Yes,yes,yes,no,84.27,157.97,21, South ,5/7/2017,Yes
CUST-15296,Male,0,yes,no,59,Month-to-month,Bank transfer,DSL,yes,No,no,NO,58.74,3484.88,67,West,10/1/2020,Yes
CUST-15265,Female,0,yes,yes,2,One year,Bank transfer,DSL,no,NO,Yes,yes,76.87,149.17,32,South,11/22/2020,Yes
CUST-13964,Female,0,No,no,12,Month-to-month,Credit card,DSL,YES,YES,yes,Yes,50.85,625.83,61,West,7/5/2020,No
CUST-10352,Female,0,Yes,no,50,Month-to-month,Electronic check,DSL,N,N,YES,Yes,50.6,2518.71,62,West,10/27/2023,No
CUST-15425,Male,0,Y,No,29,Month-to-month,Credit card,Fiber optic,YES,Y,Yes,Yes,81.37,2374.44,46,west,5/17/2018,No
CUST-14198,Male,0,Yes,yes,24,One year,Credit card,DSL,No,NO,YES,Y,54.21,1287.06,22,North,8/2/2021,No
CUST-11000,Female,0,no,yes,21,one year,Bank transfer,DSL,no,No,yes,yes,60.19,1256.33,18,east,11/12/2022,Yes
CUST-11820,Male,0,Y,Y,60,One year,Mailed check,No,No,No,No,YES,28.31,1692.75,23,south,11/19/2020,No
CUST-10094,Male,1,Y,no,56,TWO YEAR,Electronic check,No,No,No,No,N,33.55,1864.37,79,West,3/16/2021,Yes
CUST-14470,Male,0,Yes,Yes,26,One year,Mailed check,No,No,No,No,no,20.58,521.97,60,South,7/17/2018,No
CUST-10764,Male,0,Y,N,8,Two year,Mailed check,DSL,YES,N,YES,Yes,69.13,537.53,52,CENTRAL,3/29/2017,No
CUST-15006,Female,0,YES,Yes,25,Month-to-month,Electronic check,Fiber optic,yes,Yes,NO,YES,71.39,1798.03,65,North,8/9/2022,No
CUST-12583,Male,0,yes,Y,61,Month-to-month,Credit card,Fiber optic,N,N,No,Yes,99.43,6070.14,22,Central,11/1/2023,Yes
CUST-13082,Female,0,no,Y,0,Month-to-month,Credit card,Fiber optic,No,no,Y,Y,100.72,,56,East,4/10/2022,Yes
CUST-14605,Female,0,NO,no,42,One year,Credit card,Fiber optic,No,Y,N,Y,84.01,3543.53,59,EAST,2/27/2022,No
CUST-13467,Female,1,Y,YES,42,Two year,Bank transfer,Fiber optic,Y,no,NO,no,92.76,3911.54,76,east,4/26/2021,No
CUST-10037,Female,0,no,N,13,Month-to-month,Bank transfer,Fiber optic,NO,Y,Yes,N,104.15,1370.07,67,South,5/4/2021,Yes
CUST-14885,Male,0,YES,No,49,Two year,Credit card,DSL,NO,NO,Yes,yes,46.2,2280.03,36,WEST,1/6/2018,No
CUST-10432,Male,0,Yes,yes,57,Month-to-month,Electronic check,Fiber optic,Yes,yes,Y,No,79.95,4561.81,48,SOUTH,1/19/2018,No
CUST-10981,Female,0,N,yes,8,Month-to-month,Bank transfer,DSL,YES,no,no,no,50.26,406.68,32,South,12/21/2022,No
CUST-15447,Male,0,No,NO,3,TWO YEAR,Electronic check,DSL,Yes,NO,No,YES,45.79,128.23,36,West,5/9/2020,No
CUST-12175,Female,0,NO,Yes,24,Month-to-month,Bank transfer,No,No,No,No,NO,29.35,684.73,47,West,6/3/2022,No
CUST-13259,Female,0,Y,yes,20,One year,Bank transfer,No,No,No,No,N,42.34,831.4,60,SOUTH,12/22/2017,No
CUST-10240,Male,0,YES,yes,67,Month-to-month,Bank transfer,DSL,Y,No,N,YES,56.11,3759.83,21,West,11/15/2019,No
CUST-11613,Female,1,NO,N,7,One year,Bank transfer,DSL,YES,Yes,N,Yes,46.58,314.69,85,Central,8/16/2019,No
CUST-15838,Female,0,No,NO,71,MONTH-TO-MONTH,Credit card,No,No,No,No,NO,10.02,694.66,62,central,9/28/2017,No
CUST-13400,Female,0,N,Y,52,TWO YEAR,Bank transfer,Fiber optic,Yes,Yes,no,YES,67.19,3500.55,23,EAST,12/16/2020,No
CUST-10044,Female,0,Y,Yes,40,Month-to-month,Bank transfer,Fiber optic,Y,Yes,Yes,NO,103.41,4138.65,55,West,8/15/2017,No
CUST-11728,Male,0,no,N,48,Month-to-month,Credit card,Fiber optic,yes,Y,N,NO,65.86,3179.54,66,West,8/11/2019,No
CUST-10822,Male,0,Y,Yes,61,Month-to-month,Bank transfer,DSL,Yes,YES,no,NO,56.77,3474.84,55,SOUTH,6/8/2022,No
CUST-15125,Female,0,No,NO,37,Two year,Mailed check,Fiber optic,no,YES,NO,Y,66.13,2449.6,57,South,11/21/2017,No
CUST-12070,Male,1,YES,N,11,One year,Credit card,Fiber optic,no,yes,Y,No,89.01,974.13,85,East,11/16/2023,No
CUST-12654,Female,1,N,Yes,33,Two year,Credit card,Fiber optic,YES,YES,No,yes,77.21,2531.33,73,East,12/12/2022,No
CUST-15103,Male,0,Yes,Yes,10,TWO YEAR,Electronic check,DSL,YES,no,NO,NO,50.29,485.27,62,east,9/3/2021,No
CUST-15003,Female,0,no,yes,42,Two year,Bank transfer,DSL,N,N,Yes,yes,50.58,2115.43,56,South,8/11/2018,No
CUST-15844,Female,0,no,NO,4,Month-to-month,Bank transfer,Fiber optic,Yes,N,Yes,NO,77.34,324.38,46,West,4/21/2023,No
CUST-10727,Female,0,Yes,NO,67,One year,Bank transfer,Fiber optic,YES,Y,YES,NO,101.09,6765.33,34,North,2/7/2023,No
CUST-11371,Male,0,YES,Y,34,Two year,Credit card,No,No,No,No,N,11.72,394.2,52,Central,12/23/2019,No
CUST-13099,Male,0,NO,No,37,One year,Electronic check,DSL,YES,N,yes,N,51.93,1923.56,46,East,12/25/2020,No
CUST-13757,Male,0,yes,YES,22,TWO YEAR,Bank transfer,Fiber optic,No,no,NO,yes,74.32,1626.42,46,south,4/30/2019,No
CUST-13072,Male,0,No,Y,15,Two year,Mailed check,DSL,No,yes,Yes,Yes,45.74,696.66,56,North,3/4/2020,No
CUST-13046,Male,0,N,No,42, Month-to-month ,Electronic check,DSL,NO,Yes,Yes,N,62.03,2616.81,24,east,5/19/2022,Yes
CUST-15854,Female,0,YES,N,61,Month-to-month,Credit card,DSL,NO,NO,no,Yes,47.13,2854.97,21,Central,4/23/2022,Yes
CUST-10438,Female,0,Yes,Y,48,one year,Credit card,Fiber optic,NO,no,NO,N,84.62,4061.36,68,West,2/9/2021,No
CUST-11025,Male,0,N,YES,40,MONTH-TO-MONTH,Credit card,Fiber optic,no,NO,YES,yes,95.92,3820.73,44, West ,3/19/2017,Yes
CUST-11926,Female,0,Y,Y,41,One year,Credit card,Fiber optic,Y,NO,Y,YES,78.04,3193.22,33,south,2/7/2018,No
CUST-11130,Female,0,Yes,YES,27,Two year,Electronic check,Fiber optic,no,Y,No,N,81.3,2190.62,61,North,10/2/2021,Yes
CUST-12506,Male,0,Yes,yes,60,TWO YEAR,Electronic check,DSL,NO,Y,no,no,64.43,3852.54,25,North,3/11/2022,No
CUST-14435,Male,0,no,yes,28, Two year ,Mailed check,Fiber optic,No,N,no,NO,89.17,2478.5,38,South,3/12/2018,No
CUST-12899,Male,0,yes,NO,44,Month-to-month,Credit card,No,No,No,No,yes,40.94,1807.44,67,South,7/19/2017,No
CUST-11859,Female,1,YES,No,38,Month-to-month,Mailed check,Fiber optic,yes,no,Y,NO,94.02,3589.15,85,East,1/8/2019,Yes
CUST-15692,Male,0,yes,N,66,Month-to-month,Mailed check,DSL,NO,Yes,Y,No,70.51,4672.04,19,Central,1/24/2018,No
CUST-10400,Female,0,Yes,Y,23,Two year,Bank transfer,No,No,No,No,No,25.13,583.44,29,South,5/1/2022,No
CUST-12002,Female,0,Yes,NO,14,TWO YEAR,Credit card,DSL,Yes,Yes,NO,YES,37.68,517.24,44,East,2/20/2022,No
CUST-13465,Male,0,No,no,11,ONE YEAR,Electronic check,DSL,NO,Y,Y,Yes,74.84,826.71,39,east,10/26/2022,No
CUST-14292,Male,0,Yes,YES,19,Month-to-month,Credit card,DSL,no,NO,No,NO,64.75,1220.97,66,South,4/22/2019,No
CUST-12926,Male,1,YES,N,30,One year,Bank transfer,DSL,Y,yes,Yes,yes,77.69,2328.49,84,West,3/25/2023,No
CUST-12649,Male,0,YES,Y,31,Month-to-month,Mailed check,DSL,Y,Yes,N,Y,63.64,1976.97,25,east,12/10/2017,No
CUST-13168,Female,0,yes,N,65,Month-to-month,Credit card,No,No,No,No,yes,29.48,1907,56,Central,10/15/2017,No
CUST-12857,Female,0,Yes,yes,42,One year,Electronic check,DSL,yes,N,no,No,37.05,1571.66,20,Central,12/21/2018,No
CUST-14896,Female,0,no,Y,55,Month-to-month,Bank transfer,Fiber optic,Yes,No,YES,no,107.99,5938.03,35,south,1/10/2021,No
CUST-14062,Male,1,Y,no,54,Month-to-month,Electronic check,Fiber optic,no,NO,No,yes,68.19,3676.64,83,North,1/6/2022,Yes
CUST-10480,Male,0,YES,YES,33,ONE YEAR,Electronic check,No,No,No,No,Y,11.2,384.48,44,central,5/26/2023,No
CUST-11863,Female,0,N,NO,12,Month-to-month,Bank transfer,DSL,no,NO,yes,YES,64.97,784.73,56,East,3/5/2023,Yes
CUST-15221,Female,0,yes,Y,55,month-to-month,Electronic check,Fiber optic,Yes,NO,N,N,80.11,4425.86,52,West,9/20/2018,Yes
CUST-10066,Female,1,Yes,YES,-3,One year,Credit card,Fiber optic,YES,NO,Y,Yes,99.1,2562.92,83, South ,6/28/2018,No
CUST-13505,Male,0,YES,no,68,ONE YEAR,Electronic check,DSL,Y,Yes,NO,N,45.85,3130.73,42,WEST,6/26/2019,No
CUST-12970,Male,1,Y,YES,24,Month-to-month,Bank transfer,DSL,Y,Y,yes,No,77.43,1852.65,71,South,5/7/2017,Yes
CUST-11746,Male,0,yes,no,25,Month-to-month,Electronic check,DSL,NO,yes,Yes,Y,68.86,1732.36,63,North,8/26/2020,No
CUST-10662,Female,0,No,Yes,21,Month-to-month,Bank transfer,Fiber optic,YES,Yes,Yes,NO,84.58,1787.69,44,West,5/31/2019,No
CUST-15826,Female,0,N,YES,2, One year ,Mailed check,Fiber optic,NO,N,N,no,87.39,178.88,69, Central ,6/24/2021,Yes
CUST-15268,Male,0,N,N,17,Month-to-month,Mailed check,Fiber optic,No,Yes,yes,Yes,105.88,1784.52,40, Central ,1/25/2019,No
CUST-10088,Male,0,No,No,11,MONTH-TO-MONTH,Credit card,Fiber optic,Yes,No,Y,NO,94.8,1057.12,24,Central,12/30/2017,Yes
CUST-10293,Female,0,YES,yes,0,One year,Electronic check,No,No,No,No,N,29.45,,62,North,6/9/2018,No
CUST-15496,Female,1,NO,yes,34,Month-to-month,Mailed check,DSL,No,Yes,Yes,no,53.84,1846.1,84,East,4/4/2017,No
CUST-12414,Male,0,Yes,yes,59,Month-to-month,Electronic check,DSL,No,N,yes,no,64.61,3826.03,38,south,10/24/2019,No
CUST-11051,Female,1,N,NO,57,TWO YEAR,Bank transfer,Fiber optic,yes,YES,Yes,Yes,102.91,5873.37,80,South,12/18/2022,No
CUST-14417,Male,0,yes,NO,5,One year,Credit card,DSL,NO,N,Y,No,65.77,346.15,26,Central,4/17/2017,Yes
CUST-10691,Female,0,No,YES,56, One year ,Electronic check,Fiber optic,Yes,YES,NO,NO,89.45,4992.53,29,South,11/30/2023,No
CUST-15456,Female,0,yes,NO,59,Month-to-month,Electronic check,Fiber optic,No,NO,Y,no,83.12,4900.03,19,NORTH,8/15/2017,No
CUST-13422,Female,0,N,yes,52,Two year,Bank transfer,Fiber optic,No,N,NO,Yes,94.74,4919.86,60,East,3/19/2022,No
CUST-12359,Female,1,Yes,NO,14,TWO YEAR,Mailed check,Fiber optic,Y,Yes,YES,No,100.69,1394.31,78,South,11/27/2018,Yes
CUST-14872,Female,0,No,NO,46,One year,Credit card,Fiber optic,yes,yes,Yes,No,76.89,3556.12,25,North,7/25/2020,No
CUST-15697,Male,0,Y,Y,43,Month-to-month,Mailed check,DSL,no,Y,No,Yes,55.89,2412.75,66,Central,4/27/2018,Yes
CUST-11414,Male,0,YES,N,46,MONTH-TO-MONTH,Electronic check,Fiber optic,Yes,YES,YES,no,95.61,4397.62,20,South,5/10/2020,No
CUST-10346,Female,0,NO,Y,56,Month-to-month,Bank transfer,Fiber optic,yes,YES,Y,YES,106.53,5952.09,30,North,7/18/2018,No
CUST-13369,Male,0,Yes,N,72,Month-to-month,Mailed check,DSL,No,YES,N,YES,53.7,3879.01,37,West,11/6/2018,No
CUST-10944,Female,0,N,N,33,Month-to-month,Bank transfer,Fiber optic,YES,NO,No,Y,86.89,2859.97,44,East,6/7/2017,No
CUST-15796,Female,0,yes,No,24,two year,Credit card,DSL,N,yes,No,YES,44.03,1063.82,59,South,11/15/2017,No
CUST-15488,Male,0,yes,YES,19,Month-to-month,Electronic check,DSL,YES,yes,yes,yes,57.6,1103.84,52,East,7/12/2019,Yes
CUST-15257,Male,0,N,yes,30, Month-to-month ,Mailed check,DSL,NO,Yes,Yes,no,58.6,1746.55,27,West,8/19/2020,Yes
CUST-11985,Male,1,No,NO,6,One year,Electronic check,DSL,NO,NO,Yes,No,68.28,417.84,78,Central,7/19/2018,No
CUST-11989,Female,0,Y,Yes,41,month-to-month,Mailed check,DSL,yes,Y,N,YES,67.07,2732.56,33,Central,2/19/2023,No
CUST-14269,Male,0,Yes,yes,25,Month-to-month,Credit card,No,No,No,No,Yes,43.68,1104.99,66,North,4/26/2023,No
CUST-12877,Male,0,NO,Y,59,One year,Credit card,DSL,No,no,no,No,68.96,4069.76,46,North,4/8/2022,No
CUST-10377,Female,0,no,no,11,Month-to-month,Credit card,DSL,no,Yes,No,no,69.42,769,67,south,11/27/2019,No
CUST-14979,Male,0,NO,No,55,Month-to-month,Electronic check,DSL,Yes,no,YES,YES,50.05,2766.74,63,North,10/6/2022,No
CUST-15648,Female,0,No,Yes,26,one year,Credit card,Fiber optic,Y,N,NO,No,69.99,1815.91,45,Central,8/23/2018,No
CUST-10095,Female,1,Y,NO,68,One year,Electronic check,DSL,YES,Yes,N,NO,68.8,4675.62,70,Central,10/25/2022,No
CUST-13670,Female,0,Yes,NO,48,Two year,Electronic check,Fiber optic,Y,yes,N,yes,87.13,4201.51,56,South,10/2/2023,No
CUST-15780,Female,0,Y,No,18,ONE YEAR,Bank transfer,Fiber optic,No,No,NO,No,76.63,1392.67,38, Central ,5/9/2021,No
CUST-12891,Female,0,N,Yes,64, Month-to-month ,Credit card,No,No,No,No,YES,13.97,895.75,50, Central ,5/9/2021,No
CUST-13023,Female,1,Yes,no,48,two year,Mailed check,DSL,no,Y,Y,NO,61,2914.83,72,South,10/6/2019,No
CUST-12220,Female,0,No,NO,35,month-to-month,Electronic check,Fiber optic,No,no,Yes,Yes,100.28,3528.58,24,South,4/25/2021,Yes
CUST-11319,Female,0,YES,yes,54,Month-to-month,Credit card,Fiber optic,Y,NO,NO,NO,89.89,4848.22,47,South,3/27/2018,Yes
CUST-14411,Female,0,NO,Y,30,Month-to-month,Mailed check,DSL,yes,YES,yes,yes,50.69,1510.08,21,NORTH,12/4/2020,No
CUST-13940,Male,0,Yes,NO,17,MONTH-TO-MONTH,Credit card,Fiber optic,Y,NO,yes,yes,82.94,1400.7,62,SOUTH,3/22/2023,Yes
CUST-11559,Female,0,YES,YES,27,ONE YEAR,Credit card,DSL,N,yes,YES,N,47.11,1280.67,55,West,11/11/2020,No
CUST-14590,Male,0,Yes,Y,41,One year,Mailed check,DSL,No,N,N,No,40.49,1655.01,36,Central,2/22/2022,No
CUST-11367,Male,0,No,Yes,14,two year,Credit card,No,No,No,No,N,35.79,519.18,18,Central,11/27/2021,No
CUST-10172,Male,0,Yes,Y,17, Two year ,Bank transfer,No,No,No,No,Yes,23.94,414.6,21,North,7/3/2021,No
CUST-15051,Female,0,Yes,yes,46,Month-to-month,Mailed check,Fiber optic,No,yes,No,Y,69.89,3221.16,45,NORTH,1/24/2018,Yes
CUST-14052,Male,0,yes,NO,19,MONTH-TO-MONTH,Electronic check,Fiber optic,Y,Y,NO,Y,90.65,1710.31,35,Central,8/16/2018,No
CUST-11459,Male,0,NO,N,5,One year,Electronic check,No,No,No,No,YES,28.48,126.73,55,EAST,12/15/2018,No
CUST-11149,Female,0,YES,yes,66,two year,Credit card,No,No,No,No,No,35.14,2304.88,22,Central,10/4/2020,No
CUST-15991,Female,0,NO,No,27,Month-to-month,Credit card,DSL,yes,NO,No,NO,59.13,1585.14,46,West,7/16/2018,No
CUST-13172,Female,0,Y,Y,24,MONTH-TO-MONTH,Bank transfer,Fiber optic,no,No,no,Yes,85.16,2057.55,40,West,7/25/2021,No
CUST-15104,Female,1,No,No,42,Two year,Bank transfer,DSL,N,NO,N,no,35.15,1487.6,74,CENTRAL,11/15/2022,No
CUST-11843,Male,1,YES,Yes,45,Month-to-month,Credit card,Fiber optic,YES,no,no,yes,70.2,3163.79,83,east,6/20/2018,No
CUST-14481,Male,0,no,yes,53,ONE YEAR,Mailed check,Fiber optic,YES,no,no,yes,93.43,4963.95,52,NORTH,3/29/2018,No
CUST-13688,Female,0,N,Y,3,One year,Electronic check,Fiber optic,NO,No,no,N,81.68,255.18,21,North,6/26/2017,No
CUST-11036,Male,1,Y,Yes,6,One year,Mailed check,Fiber optic,no,Yes,yes,No,101.55,602.39,85,South,3/7/2022,Yes
CUST-15439,Female,0,Y,N,51,One year,Bank transfer,No,No,No,No,no,19.04,973.4,23,North,5/4/2017,No
CUST-15867,Male,0,No,Y,69, Month-to-month ,Bank transfer,DSL,N,yes,yes,NO,45.6,3130.86,19,Central,3/5/2020,No
CUST-12438,Female,0,No,Yes,65,One year,Electronic check,DSL,NO,N,YES,No,50.92,3320.33,33,Central,4/18/2018,No
CUST-12184,Male,0,NO,N,21,Two year,Mailed check,DSL,NO,YES,yes,yes,74.61,1570.57,37,West,6/17/2018,No
CUST-15875,Male,0,no,No,0,Month-to-month,Credit card,No,No,No,No,Y,42.73,,61,SOUTH,5/18/2019,Yes
CUST-10990,Female,0,NO,Y,48,Month-to-month,Credit card,DSL,YES,No,Y,Yes,68.95,3296.56,60,SOUTH,10/10/2022,Yes
CUST-12638,Female,0,yes,YES,35,One year,Bank transfer,DSL,Yes,no,Y,YES,77.15,2688.81,40,West,5/23/2018,No
CUST-12330,Male,0,NO,yes,12,two year,Mailed check,Fiber optic,yes,no,N,NO,81.17,992.67,58,West,12/17/2019,Yes
CUST-13006,Male,0,yes,Yes,53,month-to-month,Credit card,Fiber optic,Y,Y,YES,NO,88.37,4674.41,69,Central,10/15/2022,Yes
CUST-15083,Female,0,N,YES,-3,One year,Mailed check,No,No,No,No,no,11.31,179.33,31,West,3/2/2021,No
CUST-10717,Female,0,Yes,N,5,Month-to-month,Credit card,Fiber optic,No,no,no,Yes,65.5,312.49,43,central,10/20/2022,No
CUST-12749,Female,0,yes,NO,7, Month-to-month ,Electronic check,DSL,No,Yes,YES,no,57.98,393.47,62,East,11/4/2017,No
CUST-13840,Female,0,no,No,12, One year ,Credit card,DSL,no,Yes,no,no,66.3,815.29,18,CENTRAL,5/14/2023,No
CUST-15457,Female,0,no,YES,33,One year,Electronic check,Fiber optic,yes,N,no,no,65.09,2139.95,30,WEST,12/2/2022,No
CUST-12508,Male,0,NO,no,64, Two year ,Mailed check,DSL,no,No,no,yes,58.05,3708.41,24,East,4/29/2018,No
CUST-11648,Male,0,N,YES,2,Month-to-month,Electronic check,No,No,No,No,no,33.58,83.46,58, West ,9/26/2020,No
CUST-11718,Male,0,no,YES,41,MONTH-TO-MONTH,Credit card,Fiber optic,no,no,Y,yes,109.67,4478.22,18,North,9/14/2017,Yes
CUST-12917,Male,1,Yes,yes,1,Month-to-month,Mailed check,DSL,YES,YES,N,N,64.6,65.44,84,South,5/12/2020,No
CUST-15312,Female,0,Y,YES,20,Month-to-month,Mailed check,DSL,NO,yes,Yes,NO,58.4,1161.51,25,west,4/29/2022,No
CUST-15919,Male,0,no,Yes,43,two year,Bank transfer,Fiber optic,no,No,NO,NO,86.49,3725.92,66,West,12/15/2020,Yes
CUST-11062,Female,0,Y,Y,26,month-to-month,Bank transfer,DSL,No,No,NO,N,53.49,1384.69,44,Central,10/17/2023,Yes
CUST-15161,Male,0,NO,Y,37,Two year,Credit card,Fiber optic,yes,Y,NO,NO,92.47,3427.47,25,West,5/31/2019,Yes
CUST-15614,Female,0,yes,N,1,Month-to-month,Credit card,Fiber optic,Y,N,Y,yes,102.76,102.05,69,north,9/11/2019,No
CUST-10117,Male,0,Y,YES,49,Month-to-month,Mailed check,Fiber optic,no,No,NO,Y,77.04,3777.59,38,central,7/26/2019,Yes
CUST-11935,Male,0,Y,Y,50,Month-to-month,Electronic check,Fiber optic,N,NO,no,Yes,82.33,4116.33,35,East,11/4/2017,Yes
CUST-11017,Female,1,NO,No,10,ONE YEAR,Credit card,No,No,No,No,No,29.17,299.01,80,East,4/15/2018,No
CUST-11923,Male,0,no,Yes,58,Two year,Mailed check,DSL,Y,N,NO,yes,68.34,3960.64,41, South ,3/21/2023,No
CUST-14392,Female,0,NO,no,49,Month-to-month,Electronic check,Fiber optic,no,No,NO,Yes,68.1,3325,66,East,6/15/2021,Yes
CUST-14541,Female,0,yes,no,9,One year,Mailed check,Fiber optic,no,YES,N,no,84.53,761.11,56,North,5/21/2019,No
CUST-15132,Female,0,No,Yes,30,Month-to-month,Electronic check,No,No,No,No,no,23.43,701.9,58,west,9/11/2023,Yes
CUST-14814,Male,0,N,N,3,ONE YEAR,Electronic check,Fiber optic,yes,YES,Y,Y,95.64,291.55,57,East,7/7/2017,No
CUST-10077,Female,0,NO,yes,28,two year,Credit card,DSL,NO,Y,no,No,53.39,1496.05,41,Central,1/17/2023,Yes
CUST-14521,Male,0,Yes,Yes,71,Month-to-month,Electronic check,Fiber optic,No,No,yes,yes,78.24,5543.93,21,North,8/24/2017,No
CUST-15804,Female,1,no,No,50,Month-to-month,Electronic check,Fiber optic,N,N,NO,No,94.25,4728.27,85,NORTH,11/21/2022,Yes
CUST-11817,Female,0,yes,no,19,Month-to-month,Mailed check,DSL,Y,Y,yes,yes,69.99,1347.97,61,WEST,9/21/2022,No
CUST-12845,Female,0,N,Yes,32,Month-to-month,Mailed check,Fiber optic,NO,No,Y,N,76.17,2454.41,46,East,1/29/2019,No
CUST-13339,Male,0,Y,NO,66,Month-to-month,Electronic check,Fiber optic,Yes,YES,NO,Y,77.15,5107.44,25,South,12/30/2022,No
CUST-15074,Male,0,Y,yes,32,Month-to-month,Electronic check,DSL,Yes,Yes,No,Yes,63,2007.94,53,CENTRAL,4/21/2021,Yes
CUST-12885,Female,0,no,Yes,15,One year,Electronic check,No,No,No,No,N,40.9,623.5,56,south,6/21/2023,No
CUST-13952,Male,0,N,YES,5,Two year,Mailed check,Fiber optic,yes,Yes,NO,no,72.27,375.09,51,north,4/28/2018,No
CUST-13885,Female,0,N,Yes,61,Month-to-month,Electronic check,Fiber optic,no,No,NO,yes,82.91,5043.88,36,East,2/7/2023,No
CUST-10989,Male,1,no,no,45,Month-to-month,Mailed check,Fiber optic,N,N,No,Y,72.26,3235.64,85,south,9/15/2020,Yes
CUST-15652,Male,0,Yes,N,70,two year,Mailed check,Fiber optic,Yes,no,yes,Y,102.73,7200.84,40,central,7/14/2021,No
CUST-13390,Male,0,YES,No,63,Month-to-month,Mailed check,DSL,N,N,NO,Y,54.24,3427.43,55,West,6/9/2023,No
CUST-13266,Male,1,YES,N,41,Month-to-month,Electronic check,Fiber optic,N,no,N,N,95.84,3936.67,83,West,2/2/2018,No
CUST-10101,Male,0,Yes,YES,11,month-to-month,Electronic check,Fiber optic,YES,N,yes,no,103.19,1137.89,52,east,10/7/2020,Yes
CUST-10049,Female,1,Yes,YES,43,Month-to-month,Mailed check,DSL,no,NO,yes,yes,53.96,2307.22,74,West,1/28/2023,No
CUST-10446,Female,1,Y,N,31,Month-to-month,Bank transfer,Fiber optic,Y,yes,No,YES,98.39,3046.12,70,Central,1/30/2022,No
CUST-10298,Female,1,Yes,N,40,Two year,Electronic check,No,No,No,No,Y,11.92,481.23,83,north,3/8/2023,Yes
CUST-10080,Male,0,No,N,69,Month-to-month,Credit card,No,No,No,No,YES,15.43,1052.21,64,Central,8/27/2022,No
CUST-14259,Male,0,yes,Y,33,one year,Mailed check,Fiber optic,N,Yes,No,no,97.63,3232.72,36,West,6/10/2017,No
CUST-13368,Male,1,yes,yes,31,One year,Electronic check,Fiber optic,Y,Y,no,yes,69.74,2152.73,82,South,2/25/2021,No
CUST-15351,Female,0,N,yes,46,MONTH-TO-MONTH,Electronic check,DSL,Y,Yes,yes,No,62.68,2865.4,25,South,3/11/2020,Yes
CUST-13848,Male,0,no,yes,57,Month-to-month,Credit card,Fiber optic,Yes,N,yes,yes,95.25,5432.55,21,Central,9/1/2019,No
CUST-14865,Female,0,Y,NO,67,Month-to-month,Bank transfer,DSL,no,Yes,no,YES,69.83,4659.42,53,North,1/9/2018,No
CUST-11365,Male,1,No,No,5,ONE YEAR,Electronic check,No,No,No,No,no,19.91,108.09,73,West,11/30/2021,Yes
CUST-15421,Female,0,Yes,Y,68, Month-to-month ,Credit card,No,No,No,No,N,16.9,1147.67,24,central,9/11/2020,No
CUST-10797,Female,0,No,N,31,Month-to-month,Credit card,DSL,YES,no,NO,N,53.79,1687.21,43,North,1/3/2021,Yes
CUST-13554,Male,1,No,YES,20,two year,Credit card,Fiber optic,YES,Yes,Yes,no,75.97,1518.12,71,West,8/4/2023,No
CUST-12004,Male,0,NO,No,70,Month-to-month,Electronic check,No,No,No,No,No,13.28,924.96,26,East,10/10/2021,Yes
CUST-10217,Female,1,YES,No,60,Month-to-month,Credit card,Fiber optic,YES,NO,Yes,NO,100.44,6028.95,71,East,8/12/2018,Yes
CUST-15410,Female,0,yes,no,2,One year,Mailed check,DSL,N,Y,No,NO,46.1,97.32,46, Central ,9/28/2019,No
CUST-12084,Female,0,NO,no,3,Two year,Bank transfer,Fiber optic,Yes,No,Yes,YES,89.03,268.73,56,SOUTH,11/29/2017,Yes
CUST-11117,Male,0,no,no,32,TWO YEAR,Mailed check,Fiber optic,yes,No,no,Y,73.03,2334.03,40,North,8/29/2020,Yes
CUST-10729,Female,0,Yes,N,16, Month-to-month ,Mailed check,DSL,Yes,YES,NO,Y,47.97,766.42,55,SOUTH,6/10/2022,Yes
CUST-15041,Female,0,no,No,63,Month-to-month,Mailed check,DSL,No,YES,yes,yes,59.35,3750.05,43,East,4/3/2017,Yes
CUST-14230,Male,1,NO,N,67,month-to-month,Bank transfer,Fiber optic,Yes,No,N,Y,73.12,4889.34,83,East,4/28/2019,Yes
CUST-13445,Female,0,YES,No,14,ONE YEAR,Bank transfer,No,No,No,No,no,18.73,244.23,58,South,11/29/2020,No
CUST-14848,Male,0,yes,Yes,60,One year,Mailed check,Fiber optic,YES,yes,NO,yes,77.37,4623.63,55,SOUTH,1/15/2022,No
CUST-12269,Female,0,YES,Y,71, Month-to-month ,Bank transfer,No,No,No,No,No,33.37,2384.58,35,Central,9/23/2022,Yes
CUST-11429,Female,0,Y,N,17,Month-to-month,Mailed check,Fiber optic,No,no,N,NO,78.51,1353.09,31,Central,7/30/2020,Yes
CUST-15292,Female,1,NO,No,72,Month-to-month,Mailed check,Fiber optic,NO,NO,no,Yes,95.78,6906.62,78,North,11/19/2023,Yes
CUST-13048,Female,0,no,no,1,MONTH-TO-MONTH,Credit card,DSL,Y,no,Y,Yes,47.31,40.13,19,South,11/19/2018,Yes
CUST-15636,Male,0,Y,NO,50,One year,Electronic check,Fiber optic,NO,no,N,no,97.52,4856.35,56,West,7/6/2021,Yes
CUST-12422,Male,0,NO,Yes,12,Month-to-month,Credit card,Fiber optic,YES,NO,No,YES,76.63,925.36,57,north,10/29/2017,Yes
CUST-11934,Female,0,No,Yes,4,month-to-month,Bank transfer,Fiber optic,Yes,No,NO,Y,66.12,260.66,34,south,11/12/2021,No
CUST-12194,Female,0,no,no,57,One year,Electronic check,Fiber optic,Y,Y,Yes,Y,102.4,5844.41,20,East,2/6/2021,No
CUST-12256,Female,0,yes,No,31,MONTH-TO-MONTH,Bank transfer,No,No,No,No,No,28.1,878.51,59,Central,9/6/2020,Yes
CUST-11976,Female,0,Yes,N,68,ONE YEAR,Mailed check,No,No,No,No,Yes,43.69,2969.95,38,North,4/7/2019,Yes
CUST-15519,Male,1,N,Y,46,Month-to-month,Mailed check,No,No,No,No,Y,25.56,1164.62,79,North,2/8/2022,Yes
CUST-11520,Male,1,NO,YES,37,Month-to-month,Electronic check,Fiber optic,YES,YES,Yes,yes,100.78,3719.64,83,central,6/28/2021,No
CUST-11366,Female,1,no,Yes,69,Month-to-month,Bank transfer,DSL,yes,Yes,No,Yes,50.28,3471.88,79,south,1/23/2022,No
CUST-13152,Male,1,YES,Y,11,Two year,Electronic check,DSL,No,no,Yes,Yes,64.41,695.49,84,South,6/24/2021,No
CUST-11689,Male,1,NO,Y,36,Month-to-month,Mailed check,DSL,Y,no,NO,no,43.95,1602.17,81,South,11/11/2019,No
CUST-15586,Female,0,NO,Yes,52,MONTH-TO-MONTH,Electronic check,DSL,Y,YES,yes,no,72.89,3791.18,44,Central,11/22/2020,No
CUST-12753,Female,0,Yes,yes,45,two year,Credit card,DSL,NO,No,no,yes,62.83,2808.08,39,East,4/13/2020,No
CUST-14734,Female,0,yes,no,52,Month-to-month,Bank transfer,No,No,No,No,N,43.67,2267.13,38,South,3/7/2020,No
CUST-12873,Male,0,YES,Yes,16,Two year,Bank transfer,No,No,No,No,No,23.42,371.54,68, North ,12/22/2017,No
CUST-10216,Female,0,NO,YES,4,Two year,Credit card,Fiber optic,Y,No,YES,Yes,93.32,377.68,33,North,8/15/2018,No
CUST-14510,Female,0,yes,NO,29,Two year,Mailed check,DSL,Y,no,NO,NO,41.14,1203.09,24,North,10/5/2017,No
CUST-12902,Female,1,no,No,22,Month-to-month,Bank transfer,DSL,N,No,yes,Yes,75.72,1672.03,82,Central,5/7/2022,Yes
CUST-14359,Male,0,YES,N,56,MONTH-TO-MONTH,Electronic check,DSL,Y,yes,Y,NO,45.73,2580.33,34,South,6/19/2020,No
CUST-15025,Female,0,yes,YES,34,Month-to-month,Mailed check,No,No,No,No,N,24.84,827.11,67, North ,7/28/2020,Yes
CUST-12642,Female,0,N,yes,44,month-to-month,Mailed check,Fiber optic,YES,yes,NO,N,77.38,3394.23,51,East,5/8/2021,No
CUST-10268,Male,0,yes,no,21,One year,Bank transfer,Fiber optic,no,No,no,Yes,73.62,1545.94,24,North,3/26/2020,No
CUST-15834,Male,0,No,yes,1,two year,Mailed check,Fiber optic,NO,Yes,yes,NO,94.91,77.01,56,West,4/16/2022,Yes
CUST-13659,Male,0,Y,Y,38,Month-to-month,Credit card,Fiber optic,no,YES,no,yes,66.24,2534.65,47,West,4/17/2023,No
CUST-13707,Male,1,N,YES,63,Month-to-month,Bank transfer,No,No,No,No,Yes,20.43,1295.26,72,SOUTH,9/10/2017,Yes
CUST-12120,Female,0,YES,NO,44,Month-to-month,Credit card,No,No,No,No,No,29.21,1288.02,59,East,9/10/2023,No
CUST-11769,Male,0,Yes,NO,62,one year,Bank transfer,DSL,Yes,N,NO,Yes,44.82,2790.2,36,SOUTH,6/14/2019,No
CUST-13216,Female,0,Y,yes,6,ONE YEAR,Mailed check,DSL,Y,no,No,NO,36.42,228.45,49,West,9/1/2022,No
CUST-10561,Female,0,N,N,70,Month-to-month,Credit card,No,No,No,No,YES,37.52,2629.5,65,west,5/18/2019,No
CUST-14194,Female,0,yes,NO,35,two year,Mailed check,Fiber optic,N,No,N,Yes,74.91,2640.97,33,Central,6/14/2018,Yes
CUST-10119,Male,0,no,Yes,7,Month-to-month,Mailed check,DSL,YES,no,NO,NO,37.08,245.47,63,East,5/1/2022,No
CUST-15304,Male,1,Yes,NO,23,Two year,Mailed check,Fiber optic,N,N,NO,NO,69.45,1599.18,71,East,3/5/2021,No
CUST-15887,Female,1,YES,NO,1,Month-to-month,Bank transfer,No,No,No,No,YES,11.61,-1.71,85,North,4/8/2019,Yes
CUST-11516,Female,1,no,YES,13,ONE YEAR,Mailed check,No,No,No,No,No,43,570.05,80,North,6/9/2023,Yes
CUST-14406,Male,1,yes,YES,21,One year,Credit card,Fiber optic,NO,Y,Y,YES,102.33,2148.03,73, South ,8/7/2022,No
CUST-15511,Male,0,Y,NO,22,ONE YEAR,Credit card,Fiber optic,Y,yes,no,Yes,78.93,1727.76,61,East,6/25/2020,No
CUST-12605,Male,1,Y,No,68,Two year,Electronic check,Fiber optic,YES,yes,Yes,NO,80.72,5485.22,76,Central,9/30/2023,No
CUST-13056,Female,0,YES,no,38,Month-to-month,Mailed check,Fiber optic,Yes,No,NO,Y,85.72,3265.33,49,Central,2/1/2023,Yes
CUST-11153,Male,0,no,No,59,Month-to-month,Credit card,DSL,Yes,no,Yes,yes,60.73,3600.02,33,South,2/19/2021,No
CUST-14369,Female,0,NO,Y,33,two year,Electronic check,DSL,NO,YES,N,Yes,60.08,1978.74,65,west,9/11/2017,No
CUST-12565,Male,1,yes,Y,34,Month-to-month,Bank transfer,DSL,no,N,Yes,No,70.33,2392.32,74,east,7/19/2018,Yes
CUST-11866,Male,1,No,no,69,One year,Credit card,DSL,N,no,Yes,NO,49.18,3413.13,73,West,5/19/2023,No
CUST-15715,Male,1,N,YES,25,Month-to-month,Electronic check,DSL,YES,Yes,yes,N,69.21,1720.76,79,South,10/26/2018,No
CUST-13804,Male,0,Yes,Y,19,Month-to-month,Bank transfer,Fiber optic,Y,No,NO,yes,93.43,1788.01,59,East,4/26/2019,Yes
CUST-12257,Female,0,No,N,45,one year,Mailed check,Fiber optic,N,No,yes,No,80.47,3614.71,21,North,11/3/2021,No
CUST-13274,Male,0,yes,N,8,One year,Electronic check,No,No,No,No,no,29.77,247.07,49,NORTH,4/29/2020,No
CUST-13488,Male,0,YES,No,37,MONTH-TO-MONTH,Electronic check,DSL,No,Yes,YES,YES,46.75,1734.84,37,north,8/13/2020,No
CUST-10899,Male,0,Yes,Y,0,Month-to-month,Mailed check,No,No,No,No,Yes,24.16,,53,north,2/11/2023,No
CUST-15234,Female,1,no,yes,47,Month-to-month,Mailed check,DSL,Yes,Y,no,Y,41.45,1949.67,70,East,7/25/2023,No
CUST-14348,Female,0,No,no,21,Month-to-month,Mailed check,Fiber optic,YES,N,Y,Yes,109.43,2313.32,58,Central,2/5/2023,Yes
CUST-13990,Male,0,Y,No,4,Month-to-month,Bank transfer,Fiber optic,Yes,Yes,YES,no,108.96,422.84,28,East,9/14/2017,No
CUST-10443,Male,0,no,N,10,two year,Mailed check,DSL,no,no,Y,no,54.76,550.2,44,south,5/21/2021,No
CUST-13160,Female,0,N,NO,19,Month-to-month,Bank transfer,Fiber optic,NO,Yes,No,N,85.36,1634.34,43, North ,2/11/2019,No
CUST-14557,Female,0,Yes,N,64,Two year,Mailed check,Fiber optic,NO,N,NO,NO,84.66,5435.76,25,Central,4/10/2021,Yes
CUST-13687,Female,0,Y,N,22,Month-to-month,Credit card,DSL,No,Yes,NO,N,48.58,1064.67,48,West,4/1/2017,Yes
CUST-14451,Male,0,YES,no,4,Month-to-month,Bank transfer,Fiber optic,yes,YES,Yes,N,86.88,333.62,65,Central,1/23/2022,No
CUST-10327,Male,0,Yes,N,62,One year,Electronic check,DSL,Yes,No,Yes,YES,77.62,4811.37,39,East,2/7/2019,No
CUST-11208,Female,0,Yes,NO,18,One year,Mailed check,Fiber optic,NO,Yes,No,yes,72.26,1286.3,66,SOUTH,9/26/2021,No
CUST-13884,Female,0,No,NO,13,Month-to-month,Electronic check,DSL,Y,YES,Yes,Y,63.21,806.42,43,Central,3/4/2017,No
CUST-10798,Male,0,YES,YES,10,Two year,Mailed check,DSL,Y,Y,yes,Yes,69.97,705.37,50,SOUTH,8/8/2019,No
CUST-11490,Female,0,yes,YES,33,Month-to-month,Credit card,DSL,YES,Y,Y,yes,60.35,1977.86,27,West,6/5/2021,No
CUST-10135,Male,0,no,N,42,one year,Mailed check,DSL,Y,yes,no,Yes,39.53,1657.61,45,NORTH,5/25/2019,No
CUST-14281,Male,1,N,yes,33,Two year,Credit card,Fiber optic,NO,yes,no,YES,79.18,2619.76,80,East,9/24/2020,No
CUST-13330,Female,0,No,yes,26,two year,Credit card,Fiber optic,Yes,No,Yes,Y,78.15,2014.13,44,East,7/31/2021,No
CUST-14491,Male,0,Y,NO,12,One year,Credit card,DSL,NO,NO,N,NO,69.59,835.77,41,North,9/29/2022,No
CUST-14405,Female,0,Y,Y,27,month-to-month,Electronic check,DSL,yes,N,No,YES,66.39,1791.06,59,SOUTH,2/26/2020,Yes
CUST-10112,Female,1,YES,N,25,ONE YEAR,Mailed check,DSL,No,YES,No,No,61.56,1534.05,79,West,10/3/2022,No
CUST-10460,Female,1,NO,no,31,Month-to-month,Electronic check,DSL,Y,N,No,NO,65.92,2045.01,70,East,1/1/2019,No
CUST-12198,Male,1,N,No,30,Month-to-month,Electronic check,Fiber optic,yes,no,N,no,98.05,2937.68,79,North,3/22/2023,No
CUST-11292,Female,0,no,yes,40,Month-to-month,Bank transfer,DSL,N,N,Yes,yes,66.67,2676.07,59,West,4/21/2017,No
CUST-14272,Male,0,no,Y,22,Month-to-month,Bank transfer,Fiber optic,No,no,NO,Y,98.1,2138.57,37,east,10/1/2019,Yes
CUST-14503,Female,0,YES,YES,41,MONTH-TO-MONTH,Credit card,Fiber optic,Yes,YES,N,No,94.06,3836.89,45,North,11/26/2018,Yes
CUST-12937,Female,0,N,yes,61,MONTH-TO-MONTH,Electronic check,Fiber optic,no,No,Yes,Yes,104.45,6355.83,53,Central,5/16/2023,No
CUST-14798,Female,0,no,NO,71,one year,Bank transfer,DSL,YES,Y,no,Y,69.86,4968.99,27,South,3/16/2023,No
CUST-15010,Female,0,N,Yes,22,month-to-month,Bank transfer,DSL,yes,no,Y,YES,51.57,1135.92,41,East,11/6/2018,No
CUST-13705,Male,0,Y,Yes,26,month-to-month,Bank transfer,Fiber optic,yes,Yes,No,N,93.39,2441.02,48,Central,9/8/2020,Yes
CUST-15679,Female,0,no,NO,19,Month-to-month,Credit card,No,No,No,No,No,38.46,748.84,62,North,10/24/2023,No
CUST-12992,Male,0,Y,YES,2,One year,Bank transfer,DSL,Y,yes,YES,Yes,78.25,165.63,65,East,6/24/2018,No
CUST-11994,Female,0,N,yes,49,One year,Credit card,Fiber optic,Yes,no,Y,no,103.41,5080.28,18,WEST,1/1/2022,No
CUST-10638,Male,1,N,yes,13,Month-to-month,Mailed check,Fiber optic,N,Y,no,yes,97.4,1272.42,75,Central,8/5/2023,Yes
CUST-14318,Female,0,yes,Yes,47,Month-to-month,Mailed check,DSL,YES,Y,yes,Yes,75.69,3548.17,23,East,5/14/2019,No
CUST-12327,Female,0,No,NO,20,Month-to-month,Credit card,Fiber optic,Yes,No,N,N,76.52,1533.45,23,WEST,5/20/2021,No
CUST-14680,Male,0,yes,NO,39, One year ,Electronic check,Fiber optic,YES,N,YES,yes,89.72,3495.13,23,West,9/17/2019,No
CUST-10942,Female,0,no,NO,13,month-to-month,Mailed check,No,No,No,No,YES,29.95,404.65,39,NORTH,7/24/2021,Yes
CUST-14320,Female,0,NO,Y,43,Month-to-month,Bank transfer,Fiber optic,Yes,no,Yes,NO,79.19,3418.17,64,North,11/20/2018,No
CUST-14449,Female,0,no,yes,16,month-to-month,Electronic check,No,No,No,No,YES,19.76,297.49,54,North,12/7/2022,No
CUST-10830,Female,0,yes,NO,1,Month-to-month,Bank transfer,DSL,YES,Y,no,No,42.2,56.89,30,central,4/27/2019,No
CUST-10180,Female,0,No,no,49,One year,Credit card,DSL,no,Yes,no,YES,67.77,3307.07,64,north,6/13/2023,No
CUST-14939,Male,0,Yes,no,62,Month-to-month,Bank transfer,Fiber optic,Y,No,Y,YES,102.68,6374.76,57,West,8/25/2022,No
CUST-13154,Female,1,Yes,YES,66,two year,Bank transfer,Fiber optic,NO,Y,yes,Y,82.71,5465.81,80,Central,10/15/2023,No
CUST-15196,Male,0,no,Y,61,MONTH-TO-MONTH,Bank transfer,No,No,No,No,Y,26.91,1650.4,62,Central,12/13/2018,No
CUST-14760,Male,1,no,Y,9,Month-to-month,Bank transfer,Fiber optic,No,Y,yes,yes,92.69,824.84,83,South,11/9/2023,Yes
CUST-11767,Male,0,No,no,71,Month-to-month,Mailed check,No,No,No,No,Y,27.35,1944.06,46,East,11/19/2019,No
CUST-15458,Female,0,No,NO,33,One year,Credit card,No,No,No,No,N,19.64,653.06,29,South,3/4/2020,No
CUST-11441,Female,0,NO,yes,31, One year ,Electronic check,Fiber optic,YES,Y,Y,YES,108.15,3370.06,31,CENTRAL,10/24/2022,No
CUST-10743,Female,0,Y,YES,65,month-to-month,Bank transfer,DSL,Yes,Yes,yes,no,47.25,3076.94,29,North,3/21/2022,No
CUST-13550,Female,0,Y,YES,33,Two year,Mailed check,DSL,No,Yes,N,No,63.62,2083.46,62,East,4/22/2017,No
CUST-15107,Female,0,N,no,6,one year,Bank transfer,Fiber optic,No,yes,no,yes,96.4,568.6,30,CENTRAL,2/21/2020,No
CUST-10083,Male,0,N,no,49,month-to-month,Mailed check,DSL,Y,No,no,Y,58.58,2874.54,22,central,10/23/2021,No
CUST-12924,Male,0,no,N,50,One year,Bank transfer,Fiber optic,NO,NO,No,YES,65.67,3278.81,67,East,5/24/2023,No
CUST-11177,Female,0,NO,N,8,Month-to-month,Credit card,DSL,Yes,N,yes,Yes,72.39,572.79,63,east,11/23/2020,Yes
CUST-14515,Female,0,N,yes,35,Month-to-month,Bank transfer,Fiber optic,YES,yes,Y,no,94.6,3323.88,39,West,7/9/2021,Yes
CUST-14386,Male,0,yes,Y,31,month-to-month,Bank transfer,DSL,Yes,N,NO,NO,60.97,1909.36,35, North ,9/20/2023,Yes
CUST-15347,Male,0,YES,Y,13,One year,Bank transfer,No,No,No,No,No,23.38,285.77,18,North,11/22/2023,No
CUST-13784,Female,0,NO,YES,43,MONTH-TO-MONTH,Credit card,Fiber optic,no,No,yes,No,76.91,3304.76,33,East,7/17/2018,No
CUST-12803,Female,1,No,NO,12, Month-to-month ,Credit card,No,No,No,No,yes,31.56,394.48,83,Central,3/27/2017,Yes
CUST-11513,Male,0,Y,no,23,Month-to-month,Electronic check,Fiber optic,no,N,Yes,YES,76.44,1746.41,61,East,12/6/2017,Yes
CUST-11002,Male,0,YES,yes,38,Two year,Electronic check,Fiber optic,no,Yes,No,yes,76.14,2886.1,35,SOUTH,11/20/2021,No
CUST-10567,Male,1,NO,no,28,Two year,Credit card,Fiber optic,YES,Y,YES,NO,78.73,2190.36,77,South,6/19/2021,No
CUST-15097,Male,0,Y,yes,60,Month-to-month,Credit card,Fiber optic,yes,NO,NO,no,86.15,5172.58,39,north,1/30/2019,No
CUST-10625,Female,1,No,NO,44,month-to-month,Credit card,No,No,No,No,No,34.33,1508.18,81,West,11/29/2021,No
CUST-10412,Male,0,Yes,Y,38,Two year,Electronic check,DSL,N,Y,Yes,Y,51.45,1952.34,21,North,7/1/2020,No
CUST-10712,Female,0,Yes,Yes,63,Two year,Bank transfer,No,No,No,No,Yes,12.78,814.34,46,east,11/19/2022,No
CUST-12537,Male,0,N,N,38,Two year,Credit card,DSL,Y,No,Y,YES,60.27,2275.64,44,EAST,5/24/2017,No
CUST-12317,Female,0,Yes,yes,50,Two year,Electronic check,DSL,Y,YES,NO,yes,52.21,2620.28,23,NORTH,12/13/2018,No
CUST-11947,Female,0,No,No,39,Month-to-month,Credit card,Fiber optic,Y,yes,NO,Y,94.43,3687.51,43,Central,10/18/2022,Yes
CUST-13329,Male,0,Y,no,61,Month-to-month,Credit card,DSL,YES,NO,Yes,No,49.3,3018.48,55,East,1/20/2023,No
CUST-10230,Female,0,Yes,no,20,One year,Credit card,Fiber optic,yes,NO,YES,Yes,86.41,1712.12,65,SOUTH,4/18/2019,No
CUST-10992,Male,0,No,no,61,Two year,Credit card,DSL,Yes,YES,yes,No,64.01,3891.42,50,SOUTH,2/28/2022,No
CUST-14223,Male,0,YES,Y,20,MONTH-TO-MONTH,Mailed check,No,No,No,No,No,44.97,907.58,33,south,9/20/2022,No
CUST-15461,Male,1,Yes,No,14,month-to-month,Mailed check,DSL,YES,YES,Y,Yes,77.33,1092.09,80,West,5/26/2019,No
CUST-11419,Male,1,NO,No,25,one year,Bank transfer,DSL,Y,N,yes,Yes,62.87,1568.05,75,West,7/18/2017,No
CUST-10302,Male,0,Yes,Yes,28,One year,Credit card,Fiber optic,YES,N,yes,No,87.7,2438.55,19,South,9/12/2017,No
CUST-10134,Male,0,YES,YES,47,Month-to-month,Bank transfer,Fiber optic,Yes,No,yes,N,93.54,4392.9,27,Central,5/19/2022,Yes
CUST-12069,Male,0,No,yes,19,Month-to-month,Bank transfer,Fiber optic,yes,Yes,no,yes,89.91,1710.03,47,North,5/19/2022,No
CUST-11169,Male,1,yes,no,5,month-to-month,Bank transfer,Fiber optic,Yes,No,N,YES,70.52,337.28,73,SOUTH,6/18/2017,Yes
CUST-11679,Female,0,Y,N,16,Two year,Electronic check,Fiber optic,Y,yes,Yes,NO,78.82,1272.62,36,West,10/23/2022,No
CUST-14261,Female,1,yes,no,66,Two year,Mailed check,DSL,No,Yes,NO,Yes,46.69,3095.63,80, East ,5/7/2018,No
CUST-13146,Male,0,NO,YES,58,Month-to-month,Mailed check,No,No,No,No,yes,23.14,1333.46,31,East,9/2/2020,Yes
CUST-10626,Male,0,N,Yes,8,One year,Credit card,Fiber optic,N,N,no,no,76.2,612.67,49,CENTRAL,6/29/2023,No
CUST-10880,Male,0,Y,YES,8,Month-to-month,Electronic check,Fiber optic,yes,NO,NO,Y,91.17,732.36,52,East,11/17/2020,No
CUST-15750,Male,0,N,Yes,24,month-to-month,Electronic check,Fiber optic,NO,Y,yes,yes,99.62,2401.99,61,East,3/6/2021,No
CUST-12111,Male,0,YES,no,19,two year,Credit card,No,No,No,No,No,13.43,251.17,61,South,2/7/2020,No
CUST-13387,Male,0,No,Yes,17,Month-to-month,Credit card,Fiber optic,YES,NO,NO,yes,99.29,1684.16,68,South,8/1/2019,Yes
CUST-10642,Female,1,yes,N,7,Two year,Electronic check,DSL,YES,Y,NO,Yes,47.14,344.85,76,North,7/10/2017,No
CUST-14063,Male,0,NO,yes,16,One year,Electronic check,Fiber optic,Y,YES,no,yes,81.45,1291.51,55,CENTRAL,8/14/2023,Yes
CUST-13523,Female,1,Yes,yes,32,Two year,Mailed check,DSL,N,Yes,yes,N,56.63,1808.91,83,East,5/1/2020,No
CUST-13817,Male,0,yes,Yes,52,Month-to-month,Credit card,Fiber optic,YES,Y,YES,NO,104.94,5443.21,67,Central,10/29/2017,Yes
CUST-13903,Male,0,no,no,25,month-to-month,Bank transfer,Fiber optic,No,Y,yes,Yes,93.73,2363.01,50,Central,3/30/2019,No
CUST-11165,Female,1,no,No,50,one year,Electronic check,No,No,No,No,no,13.24,675.29,81,SOUTH,5/30/2018,No
CUST-12443,Male,0,Yes,Yes,49,MONTH-TO-MONTH,Credit card,Fiber optic,YES,no,Y,N,99.54,4861.98,41,West,2/23/2019,Yes
CUST-13034,Male,0,N,N,12,one year,Mailed check,Fiber optic,yes,YES,YES,no,96.31,1148.3,50,SOUTH,11/3/2023,No
CUST-14149,Male,0,No,no,29,Month-to-month,Mailed check,DSL,NO,yes,Y,N,45.13,1304.67,50,East,5/4/2022,No
CUST-15026,Male,0,no,Y,16,Month-to-month,Credit card,DSL,YES,YES,Yes,Yes,46.9,753.67,48, West ,10/9/2018,Yes
CUST-10909,Male,0,No,Y,4,Month-to-month,Electronic check,DSL,no,Y,yes,yes,49.51,212.16,35,CENTRAL,7/2/2023,Yes
CUST-10416,Female,0,YES,No,30,Month-to-month,Electronic check,Fiber optic,Yes,YES,N,Y,95.65,2855.22,38,East,11/18/2019,Yes
CUST-10973,Male,0,NO,no,19,Month-to-month,Credit card,Fiber optic,No,NO,Y,no,97.99,1867.76,37,Central,3/9/2021,No
CUST-11238,Male,0,YES,Yes,61,MONTH-TO-MONTH,Bank transfer,DSL,YES,no,Yes,Y,55.6,3401.21,20,South,10/25/2020,Yes
CUST-11033,Male,0,no,no,67,Two year,Electronic check,Fiber optic,yes,YES,Y,NO,89.95,6035.75,61,West,3/8/2019,No
CUST-10686,Male,0,Yes,NO,1,Month-to-month,Credit card,DSL,No,NO,NO,no,63.38,49.01,54,central,1/25/2018,Yes
CUST-11714,Female,0,NO,N,33,One year,Electronic check,Fiber optic,Y,No,yes,Y,90.25,2978.07,67,central,4/14/2021,No
CUST-11483,Male,0,N,Yes,31,Month-to-month,Bank transfer,DSL,Yes,No,no,NO,37.21,1157.13,68, East ,4/13/2019,No
CUST-11610,Male,0,N,No,32,one year,Electronic check,Fiber optic,no,Y,YES,yes,96.71,3099.59,30, Central ,7/24/2019,Yes
CUST-14774,Male,0,no,no,68,one year,Mailed check,DSL,Yes,N,YES,Y,79.89,5424.76,25,North,8/26/2018,No
CUST-13517,Female,0,NO,YES,18,Month-to-month,Electronic check,No,No,No,No,Yes,26.54,469.98,33,SOUTH,8/20/2018,Yes
CUST-14214,Male,0,yes,N,28,month-to-month,Electronic check,Fiber optic,yes,YES,no,Yes,81.05,2276.96,49,North,10/23/2020,No
CUST-14526,Female,0,YES,yes,31,Month-to-month,Credit card,No,No,No,No,no,13.05,395.99,31,south,8/2/2021,Yes
CUST-13690,Male,0,yes,yes,54,Month-to-month,Electronic check,DSL,yes,No,no,No,46.5,2493.38,58,SOUTH,7/4/2018,No
CUST-14603,Male,0,NO,YES,23,Month-to-month,Mailed check,Fiber optic,no,yes,no,yes,82.04,1874.33,31,East,7/24/2020,Yes
CUST-10665,Female,0,Yes,Y,7,Month-to-month,Credit card,DSL,Y,no,YES,Yes,58.26,388.13,19,south,4/4/2017,No
CUST-14468,Male,1,Yes,N,13,One year,Credit card,DSL,Yes,No,no,YES,46.24,599.12,76,North,2/19/2022,No
CUST-10058,Male,0,No,NO,32,One year,Bank transfer,No,No,No,No,Yes,37,1193.41,39,South,6/4/2022,No
CUST-10688,Male,0,N,yes,8,month-to-month,Bank transfer,DSL,NO,yes,yes,Yes,59.2,464.52,52,South,1/14/2019,No
CUST-13213,Female,1,yes,Y,59,two year,Bank transfer,DSL,YES,no,N,NO,65.96,3904.52,77,West,11/8/2023,No
CUST-14753,Female,0,Yes,N,22,Two year,Electronic check,Fiber optic,Yes,Y,Y,NO,88.72,1942.66,60,North,3/10/2019,No
CUST-11901,Female,0,yes,Y,70,Month-to-month,Mailed check,Fiber optic,YES,no,Y,Y,101.52,7103.88,54,Central,9/5/2019,Yes
CUST-11167,Male,1,yes,No,70, Two year ,Bank transfer,Fiber optic,NO,YES,No,NO,97.38,6815.74,78,South,12/5/2022,No
CUST-10374,Female,0,N,yes,70,One year,Credit card,Fiber optic,N,No,No,Yes,86.57,6056.35,49,Central,10/23/2017,No
CUST-10611,Female,1,N,NO,70,One year,Credit card,DSL,no,NO,no,Yes,45.3,3181.89,79,South,7/14/2017,No
CUST-12900,Male,0,No,no,22,Two year,Credit card,DSL,yes,Yes,yes,yes,65.53,1441.85,46, East ,10/11/2020,No
CUST-15289,Female,0,N,yes,11,month-to-month,Bank transfer,No,No,No,No,Yes,17.58,201.69,45,central,12/29/2022,Yes
CUST-15237,Male,0,yes,Y,36,MONTH-TO-MONTH,Electronic check,Fiber optic,Yes,no,yes,yes,85.12,3048.65,19,east,4/19/2023,Yes
CUST-11631,Female,0,no,N,25,two year,Bank transfer,DSL,YES,NO,No,NO,62.37,1546.08,36,South,6/15/2023,No
CUST-13877,Male,1,No,No,56,Two year,Electronic check,DSL,NO,no,Y,N,68.87,3851.67,75,east,12/24/2019,Yes
CUST-10417,Male,0,YES,No,13,One year,Bank transfer,Fiber optic,NO,N,No,no,78.34,1038.33,23,Central,1/20/2023,No
CUST-10243,Male,0,YES,Yes,46,ONE YEAR,Credit card,No,No,No,No,N,44.1,2041.33,41,east,3/4/2018,Yes
CUST-10287,Female,1,YES,N,16,One year,Credit card,Fiber optic,no,NO,Y,Y,86.86,1371.59,84,North,10/22/2020,No
CUST-12275,Female,1,yes,No,2,One year,Bank transfer,Fiber optic,N,NO,NO,Yes,67.9,142.13,70,North,7/22/2021,No
CUST-10541,Male,0,yes,Yes,8,Month-to-month,Electronic check,Fiber optic,Y,YES,YES,Y,96.67,790.14,58,North,4/7/2017,Yes
CUST-11229,Female,1,No,YES,55,Month-to-month,Mailed check,No,No,No,No,Yes,40.55,2240.22,84, North ,9/2/2017,Yes
CUST-15684,Male,0,Yes,yes,7,ONE YEAR,Electronic check,Fiber optic,No,No,NO,YES,79.27,549.56,25,West,2/8/2023,No
CUST-12954,Female,0,no,No,57,Month-to-month,Mailed check,Fiber optic,YES,NO,yes,Y,100.07,5709.61,52,north,3/31/2019,Yes
CUST-13316,Female,0,NO,Yes,6,Month-to-month,Mailed check,Fiber optic,yes,Y,No,no,89.3,550,65,South,12/10/2017,Yes
CUST-10030,Female,0,N,N,11,MONTH-TO-MONTH,Credit card,DSL,no,Y,Y,No,60.92,662.7,38,Central,8/15/2022,Yes
CUST-11314,Female,0,Yes,NO,40, Month-to-month ,Bank transfer,Fiber optic,yes,NO,Yes,YES,108.86,4341.72,30,central,6/3/2022,Yes
CUST-12710,Female,1,Y,no,59,One year,Electronic check,DSL,NO,N,YES,Y,52.19,3078.19,72,WEST,3/8/2017,Yes
CUST-15505,Female,0,Yes,Yes,67,Month-to-month,Mailed check,DSL,YES,no,no,Yes,36.3,2432.46,61,central,3/29/2017,No
CUST-11237,Female,0,no,Y,32,two year,Electronic check,Fiber optic,Yes,no,yes,No,94.57,3017.16,65,South,1/15/2018,No
CUST-14875,Female,0,yes,No,5,One year,Bank transfer,No,No,No,No,Yes,33.07,151.35,36,South,10/18/2021,No
CUST-11297,Female,1,YES,yes,20,Two year,Bank transfer,DSL,yes,NO,NO,Y,42.29,853.35,73, East ,10/21/2022,No
CUST-11884,Male,0,No,YES,37,Two year,Mailed check,Fiber optic,Yes,no,Y,Y,87.88,3232.54,20, Central ,9/14/2023,No
CUST-12718,Female,0,Yes,Yes,56,Two year,Electronic check,No,No,No,No,N,24.67,1376.75,51,south,7/1/2020,No
CUST-15386,Female,0,Y,NO,63,Month-to-month,Mailed check,DSL,no,yes,Y,N,52.24,3272.1,42,North,11/26/2017,Yes
CUST-12863,Female,0,No,Y,72,ONE YEAR,Mailed check,Fiber optic,NO,Y,No,yes,86.63,6232.65,52,South,6/3/2022,Yes
CUST-14398,Female,0,no,yes,13,two year,Electronic check,Fiber optic,Yes,No,Yes,no,103.25,1351.46,43,East,6/3/2020,No
CUST-11885,Male,1,N,no,70,MONTH-TO-MONTH,Credit card,No,No,No,No,No,36.08,2527.47,81,North,4/13/2018,Yes
CUST-12945,Male,0,N,no,66,Month-to-month,Bank transfer,DSL,YES,no,Yes,Y,69.2,4561.45,40,South,4/24/2020,Yes
CUST-15933,Male,0,no,YES,46,Month-to-month,Bank transfer,Fiber optic,No,Y,N,N,83.6,3849.68,61,east,1/3/2022,Yes
CUST-14298,Female,1,NO,N,27,Month-to-month,Mailed check,No,No,No,No,No,34.59,950.71,82,CENTRAL,4/26/2020,Yes
CUST-13774,Female,0,no,No,64,MONTH-TO-MONTH,Bank transfer,Fiber optic,Yes,yes,No,YES,76.68,4889.73,43,West,3/2/2023,No
CUST-10963,Male,0,No,NO,68,Two year,Mailed check,Fiber optic,no,YES,yes,No,96.76,6568.88,34,north,6/12/2021,No
CUST-10242,Female,0,Y,no,25,Month-to-month,Credit card,DSL,YES,NO,Y,Yes,50.39,1251.76,58,East,8/15/2018,No
CUST-12185,Female,0,YES,no,29,One year,Bank transfer,DSL,Y,N,no,no,48.01,1378.89,57,South,10/15/2022,No
CUST-11190,Female,0,YES,yes,64,Month-to-month,Bank transfer,Fiber optic,No,No,YES,no,77.14,4934.46,29,north,6/20/2019,No
CUST-11612,Male,0,No,N,29,Month-to-month,Mailed check,Fiber optic,NO,No,N,N,78.28,2275.34,27,north,8/28/2022,No
CUST-11882,Male,1,N,no,39,Month-to-month,Mailed check,No,No,No,No,N,14.16,537.65,75,Central,10/26/2019,No
CUST-15153,Female,0,No,no,11,Two year,Mailed check,DSL,NO,No,No,yes,42.68,464.19,19,WEST,6/23/2018,Yes
CUST-15797,Male,0,No,no,58,Month-to-month,Electronic check,No,No,No,No,N,24.84,1459.72,62,North,1/30/2018,Yes
CUST-10404,Male,0,YES,No,22,Month-to-month,Credit card,Fiber optic,no,Y,YES,yes,90.19,1985.32,68,north,10/6/2021,Yes
CUST-11186,Male,0,N,YES,23, Month-to-month ,Credit card,No,No,No,No,N,26.05,581.41,53,east,8/20/2017,No
CUST-11481,Male,0,No,YES,25,two year,Credit card,Fiber optic,no,NO,N,no,91.79,2298.58,55, North ,10/26/2017,No
CUST-10545,Female,0,No,yes,16,One year,Electronic check,Fiber optic,Y,YES,No,Yes,74.76,1198.45,45,East,3/3/2023,No
CUST-15211,Male,0,Yes,NO,41,Month-to-month,Mailed check,Fiber optic,Y,no,No,N,69.47,2839.46,48,East,4/5/2018,Yes
CUST-13793,Male,1,N,NO,69,two year,Bank transfer,No,No,No,No,Yes,10.51,722.45,82,west,12/14/2022,No
CUST-13812,Male,0,Yes,no,35,Month-to-month,Electronic check,Fiber optic,No,Y,NO,yes,81.74,2847.93,55,west,7/23/2020,Yes
CUST-14349,Female,0,No,NO,63,Two year,Mailed check,Fiber optic,N,Y,No,No,88.75,5608.24,60,CENTRAL,2/29/2020,No
CUST-10774,Male,1,YES,N,34,Two year,Bank transfer,DSL,NO,N,Y,YES,76.09,2567.91,83,North,9/20/2017,No
CUST-10356,Male,1,Yes,N,49,Month-to-month,Electronic check,Fiber optic,No,Yes,Yes,No,108.52,5301.73,80,Central,12/19/2022,Yes
CUST-12967,Female,0,YES,Yes,55,Month-to-month,Mailed check,DSL,Yes,yes,NO,NO,51.65,2843.38,39,North,10/5/2019,No
CUST-11104,Female,0,N,yes,29,Month-to-month,Bank transfer,Fiber optic,NO,yes,Yes,Yes,103.65,3014.93,41, North ,3/9/2021,No
CUST-12523,Female,0,no,no,18,month-to-month,Electronic check,DSL,YES,no,Yes,Y,72.44,1314.12,46,North,3/13/2019,No
CUST-11826,Female,0,yes,no,9,Month-to-month,Bank transfer,No,No,No,No,no,40.81,371.57,40, West ,2/25/2021,Yes
CUST-14907,Female,0,yes,YES,32,Month-to-month,Electronic check,DSL,Yes,No,YES,YES,47.98,1534.59,64,central,5/27/2018,Yes
CUST-10241,Female,0,Y,No,27,One year,Credit card,Fiber optic,Y,Y,N,Yes,70.03,1882.94,51,WEST,2/28/2020,No
CUST-13022,Female,0,NO,N,48,Month-to-month,Electronic check,Fiber optic,Yes,No,Yes,N,89.77,4311.53,69,NORTH,10/4/2019,No
CUST-11565,Male,0,no,N,20,Month-to-month,Bank transfer,Fiber optic,Y,no,YES,no,99.18,1969.34,999,South,9/30/2018,Yes
CUST-14024,Male,0,Yes,yes,17,ONE YEAR,Bank transfer,No,No,No,No,no,10.84,183.55,52,West,7/10/2021,No
CUST-11257,Male,0,YES,no,10,Month-to-month,Bank transfer,No,No,No,No,yes,24.21,224.04,57,South,10/16/2021,No
CUST-14662,Female,1,yes,No,37,MONTH-TO-MONTH,Bank transfer,DSL,N,No,No,NO,67.4,2488.48,74,East,2/18/2023,No
CUST-15334,Male,1,Yes,no,65,Two year,Credit card,DSL,NO,N,yes,YES,56.49,3680.96,71,North,1/17/2019,Yes
CUST-10399,Male,0,N,yes,38,One year,Electronic check,No,No,No,No,no,14.01,512.38,56,North,7/25/2022,No
CUST-11686,Female,0,Yes,no,67,one year,Bank transfer,No,No,No,No,Yes,42.1,2832.29,55, West ,2/3/2022,No
CUST-15644,Male,0,N,no,25,Month-to-month,Credit card,DSL,YES,Y,YES,YES,45.08,1136.03,64,EAST,11/14/2020,No
CUST-13652,Male,0,Y,yes,37,MONTH-TO-MONTH,Credit card,Fiber optic,NO,Yes,YES,YES,88.93,3308.6,28,East,7/13/2019,Yes
CUST-14317,Male,0,N,yes,60,Month-to-month,Credit card,DSL,YES,yes,YES,yes,61.6,3680.46,35,Central,7/20/2020,No
CUST-12944,Female,0,No,YES,34,One year,Credit card,DSL,yes,Yes,N,no,50.02,1714.21,24,east,6/10/2023,No
CUST-11231,Female,0,N,yes,46,One year,Credit card,DSL,NO,YES,No,no,62.11,2876.9,19,South,10/11/2017,No
CUST-15127,Male,1,No,yes,26,One year,Bank transfer,DSL,Yes,no,NO,No,67.66,1741.98,81,Central,10/14/2021,No
CUST-10493,Female,1,N,No,25,Month-to-month,Credit card,No,No,No,No,YES,28.65,712.12,82,East,10/4/2022,No
CUST-15889,Male,1,Yes,yes,8,ONE YEAR,Mailed check,DSL,yes,Y,N,N,40.28,308.34,74,North,7/8/2017,No
CUST-13613,Female,0,Yes,no,53, Two year ,Credit card,No,No,No,No,No,11.81,632.13,61,Central,10/15/2018,No
CUST-13366,Female,0,YES,NO,1,ONE YEAR,Bank transfer,Fiber optic,No,yes,Y,N,107.28,106.54,49,west,10/22/2017,No
CUST-14346,Female,0,Yes,yes,54,one year,Credit card,Fiber optic,Y,YES,N,N,95.23,5158.63,30, South ,6/3/2019,Yes
CUST-13296,Female,0,N,N,40,MONTH-TO-MONTH,Mailed check,No,No,No,No,no,22.7,915.21,36, West ,11/3/2018,No
CUST-11828,Male,0,N,No,45,TWO YEAR,Mailed check,No,No,No,No,Y,23.39,1053.26,52,east,9/3/2023,No
CUST-14189,Male,0,yes,no,16,One year,Mailed check,No,No,No,No,NO,41.68,681.2,34,East,10/1/2017,No
CUST-14047,Male,0,yes,no,11,Month-to-month,Electronic check,DSL,yes,no,no,no,39.12,418.83,45,South,10/13/2022,Yes
CUST-10506,Male,0,NO,N,39,MONTH-TO-MONTH,Bank transfer,Fiber optic,Y,yes,N,Yes,86.93,3386.09,62,North,11/19/2018,No
CUST-15444,Male,0,No,NO,55,One year,Credit card,No,No,No,No,No,39.01,2155.47,45,Central,7/26/2021,No
CUST-11309,Female,0,NO,N,7,ONE YEAR,Credit card,Fiber optic,Yes,N,Yes,yes,86.42,616,62,North,9/20/2020,No
CUST-11829,Male,0,YES,yes,52,one year,Electronic check,DSL,no,no,N,NO,39.97,2062.9,69,West,8/16/2018,No
CUST-15956,Male,0,YES,No,11,One year,Bank transfer,No,No,No,No,No,31.4,353.27,62,south,10/1/2018,No
CUST-15352,Male,0,no,yes,66,MONTH-TO-MONTH,Electronic check,No,No,No,No,YES,34.67,2285.28,45,Central,4/28/2021,Yes
CUST-14142,Male,0,N,Yes,32,Month-to-month,Credit card,Fiber optic,Y,Y,NO,no,72.34,2309.93,30,West,7/19/2023,Yes
CUST-13663,Male,0,yes,no,-3,month-to-month,Electronic check,No,No,No,No,N,22.46,974.51,67,West,12/4/2018,No
CUST-11734,Female,0,YES,NO,68,ONE YEAR,Credit card,Fiber optic,Yes,N,no,yes,80.79,5482.11,68,Central,2/1/2018,No
CUST-12176,Female,1,YES,yes,20,month-to-month,Credit card,No,No,No,No,no,13.35,286.34,83,South,1/21/2019,Yes
CUST-15509,Female,0,YES,NO,43,Two year,Credit card,Fiber optic,No,No,NO,yes,66.29,2853.93,41,East,7/26/2018,No
CUST-13218,Male,0,yes,Yes,20,Two year,Mailed check,No,No,No,No,NO,36.4,735.32,23,Central,1/7/2023,No
CUST-14690,Male,0,Y,yes,39,One year,Mailed check,DSL,NO,Yes,no,Y,58.19,2249.56,22,North,6/12/2023,No
CUST-11832,Female,0,yes,YES,44,month-to-month,Bank transfer,DSL,yes,no,N,Yes,37.99,1678.16,39,South,2/25/2023,No
CUST-12272,Female,0,NO,No,52,Month-to-month,Electronic check,DSL,Y,no,Y,N,77.32,4007.14,67,south,10/26/2018,No
CUST-13403,Female,0,N,YES,65,One year,Bank transfer,DSL,YES,YES,N,N,41.81,2713.39,65,Central,8/5/2020,No
CUST-15884,Male,0,YES,Yes,10,Month-to-month,Credit card,DSL,yes,yes,NO,Y,45.33,456.21,32,Central,6/9/2022,No
CUST-15440,Male,0,yes,YES,60,Two year,Bank transfer,Fiber optic,Yes,YES,YES,N,81.52,4909.37,34,west,2/15/2021,No
CUST-12779,Female,0,No,N,8,Month-to-month,Bank transfer,Fiber optic,N,no,YES,Yes,104.03,814.36,57,CENTRAL,7/31/2022,Yes
CUST-10833,Female,0,N,N,72,One year,Electronic check,DSL,NO,N,no,Yes,44.83,3226.46,30,North,2/19/2018,No
CUST-12498,Female,0,Y,Y,46,month-to-month,Electronic check,DSL,No,no,NO,N,41.77,1913.4,44,North,5/12/2018,Yes
CUST-11479,Female,0,Yes,Yes,7,One year,Mailed check,Fiber optic,YES,N,Y,No,81.42,565.1,34,SOUTH,8/16/2021,No
CUST-15758,Female,0,NO,N,40,One year,Credit card,DSL,YES,No,yes,YES,76.79,3079.67,62,NORTH,12/9/2017,Yes
CUST-11458,Male,0,NO,NO,42,month-to-month,Electronic check,Fiber optic,N,yes,YES,Yes,88.88,3740.29,22,West,5/1/2020,No
CUST-10429,Male,1,yes,N,29,Month-to-month,Mailed check,No,No,No,No,yes,29.35,841.1,70,CENTRAL,7/8/2023,No
CUST-12328,Female,1,NO,YES,15,MONTH-TO-MONTH,Credit card,DSL,N,Y,YES,Y,64.26,944.82,81,central,4/14/2022,Yes
CUST-15247,Male,0,N,Yes,43,two year,Electronic check,Fiber optic,No,N,yes,Yes,102.04,4404.3,57,South,6/25/2020,Yes
CUST-11233,Male,0,N,Y,32,Two year,Electronic check,DSL,No,Y,Yes,Y,61.16,1946.37,46,WEST,11/19/2021,No
CUST-11116,Female,0,Y,YES,50,Two year,Credit card,No,No,No,No,yes,22.77,1140.72,64,North,2/14/2022,Yes
CUST-10183,Female,1,no,NO,41,one year,Bank transfer,No,No,No,No,no,12.41,495.01,79,Central,12/19/2020,No
CUST-10138,Male,0,No,Yes,66,MONTH-TO-MONTH,Mailed check,Fiber optic,No,Yes,yes,no,87.53,5773.37,28, West ,6/24/2023,No
CUST-14935,Male,0,no,Yes,12,Month-to-month,Credit card,Fiber optic,no,Y,no,Y,87.73,1057.21,56,west,4/22/2023,No
CUST-11139,Female,0,NO,YES,43,Month-to-month,Credit card,DSL,NO,YES,Yes,NO,59.58,2561.08,47,Central,4/30/2023,Yes
CUST-15150,Male,0,no,Y,35,Month-to-month,Bank transfer,DSL,NO,No,Yes,no,56.19,1955.04,36,East,1/15/2020,Yes
CUST-13646,Male,1,NO,no,33,Month-to-month,Bank transfer,DSL,NO,Yes,NO,No,59.02,1932.83,78,SOUTH,6/13/2018,No
CUST-13327,Male,0,YES,No,13,month-to-month,Mailed check,Fiber optic,N,yes,no,Yes,76.62,1007.2,37,South,6/22/2022,No
CUST-14942,Female,1,yes,Y,63,month-to-month,Mailed check,DSL,N,NO,Yes,Y,49.29,3122.11,71,Central,6/22/2022,No
CUST-15904,Male,0,Yes,no,22,Month-to-month,Bank transfer,No,No,No,No,NO,10.76,231.78,67,North,6/20/2020,Yes
CUST-11416,Male,0,No,Yes,37,Month-to-month,Bank transfer,Fiber optic,Yes,Yes,No,No,80.78,2989.62,38,South,1/11/2021,No
CUST-11341,Female,1,no,N,11,One year,Bank transfer,Fiber optic,Y,N,no,no,93.28,1027.78,81,West,11/23/2017,Yes
CUST-10057,Female,0,no,Yes,30,Month-to-month,Credit card,DSL,N,No,no,NO,50.02,1505.19,33,North,7/9/2017,No
CUST-14019,Female,0,NO,N,42,one year,Electronic check,Fiber optic,YES,no,No,YES,71.64,2990.23,30,EAST,6/16/2022,No
CUST-14927,Female,0,YES,Y,23,Two year,Credit card,Fiber optic,N,NO,Y,Yes,91.66,2094.56,40,Central,10/15/2020,Yes
CUST-10507,Female,0,YES,YES,50,month-to-month,Bank transfer,DSL,No,N,no,N,42.03,2102.23,20,North,8/30/2018,Yes
CUST-12469,Male,0,No,No,60,Two year,Credit card,Fiber optic,YES,N,No,YES,91.28,5468.95,49,South,10/4/2020,No
CUST-10548,Female,0,NO,Y,5,TWO YEAR,Credit card,DSL,NO,yes,no,Y,57.61,298.27,28,North,3/19/2021,No
CUST-13260,Male,1,No,No,51,month-to-month,Mailed check,Fiber optic,YES,N,no,no,84.65,4326.97,74,North,2/10/2021,No
CUST-14786,Male,0,N,yes,6,Month-to-month,Electronic check,DSL,Y,No,Yes,no,72.69,445.44,40,West,10/26/2018,Yes
CUST-12444,Male,0,no,yes,2,Month-to-month,Credit card,Fiber optic,YES,Yes,N,No,71.92,124.99,64,South,11/14/2020,Yes
CUST-15590,Male,0,yes,No,10,Month-to-month,Bank transfer,No,No,No,No,N,27.49,290.13,23,East,7/31/2022,Yes
CUST-11659,Male,0,yes,Yes,57,month-to-month,Mailed check,DSL,N,Yes,N,YES,63.36,3616.61,55,east,10/5/2022,Yes
CUST-13102,Male,0,YES,Yes,0,TWO YEAR,Credit card,No,No,No,No,yes,19.97,,52,North,11/6/2020,Yes
CUST-15190,Female,1,no,no,46,Month-to-month,Mailed check,Fiber optic,NO,YES,no,YES,85.63,3924.24,78,West,4/8/2023,No
CUST-15538,Female,0,YES,NO,24,TWO YEAR,Credit card,Fiber optic,yes,yes,Y,Y,108.73,2621.35,41, South ,12/26/2022,No
CUST-12548,Female,0,Y,YES,60,Two year,Bank transfer,No,No,No,No,yes,29.85,1778.64,22,North,5/6/2021,No
CUST-14706,Female,0,N,N,7,Two year,Electronic check,No,No,No,No,Yes,31.75,217.78,30,EAST,7/17/2017,No
CUST-13524,Male,1,NO,yes,13,One year,Credit card,Fiber optic,YES,No,Yes,YES,91.19,1167.62,74,East,10/20/2020,No
CUST-12552,Female,0,YES,N,44, Two year ,Electronic check,DSL,yes,N,N,yes,51.6,2268.18,22,South,11/8/2020,No
CUST-15413,Male,0,N,yes,46,Month-to-month,Electronic check,Fiber optic,NO,YES,no,Y,69.82,3210.79,43,North,3/17/2018,Yes
CUST-11166,Male,0,NO,Yes,65,One year,Mailed check,DSL,YES,no,Yes,NO,75.73,4913.88,65,west,12/24/2021,No
CUST-12413,Female,0,N,N,40,Month-to-month,Bank transfer,DSL,Yes,yes,yes,YES,72.89,2922.78,58,south,5/21/2023,Yes
CUST-12694,Male,0,no,YES,44,Month-to-month,Mailed check,DSL,No,N,Yes,no,77.76,3434.8,25,East,7/30/2017,Yes
CUST-12117,Male,0,Yes,Yes,3,Month-to-month,Mailed check,Fiber optic,No,Yes,yes,Yes,97.64,305.41,47,East,1/9/2021,Yes
CUST-13233,Male,1,YES,No,50,One year,Electronic check,No,No,No,No,NO,38.64,1946.57,75,Central,7/26/2018,No
CUST-10202,Male,0,Yes,No,18,Two year,Bank transfer,DSL,Yes,yes,YES,no,78.82,1428.73,41,East,7/9/2023,No
CUST-14714,Male,1,NO,YES,29,TWO YEAR,Bank transfer,No,No,No,No,N,29.21,835.22,71,North,5/20/2021,Yes
CUST-12190,Female,0,no,Yes,49,Month-to-month,Mailed check,DSL,YES,N,Yes,N,54.89,2700.21,51,south,10/2/2020,Yes
CUST-13962,Male,0,Y,no,54,One year,Electronic check,DSL,N,Y,N,Yes,59.93,3233.32,49,East,4/22/2020,No
CUST-10395,Female,1,Y,Y,45,One year,Electronic check,DSL,YES,no,NO,yes,50.12,2272.13,79,South,6/19/2021,No
CUST-15839,Female,0,no,yes,68,Month-to-month,Mailed check,Fiber optic,No,No,NO,N,68.79,4677.19,20,North,3/21/2018,Yes
CUST-11389,Female,0,Yes,yes,66,Month-to-month,Electronic check,Fiber optic,YES,NO,No,NO,70.02,4623.89,38, Central ,8/26/2018,Yes
CUST-15530,Female,1,Y,Yes,2,month-to-month,Electronic check,No,No,No,No,No,42.84,83.75,73,EAST,1/7/2023,Yes
CUST-15939,Male,0,Yes,NO,20,Month-to-month,Electronic check,Fiber optic,N,no,no,no,94.88,1909.53,47,north,7/31/2019,No
CUST-10262,Male,0,No,YES,58,One year,Electronic check,Fiber optic,Y,no,yes,NO,95.15,5503.13,33,South,2/16/2018,No
CUST-14682,Female,0,yes,no,42,One year,Mailed check,DSL,Yes,No,no,No,64.08,2692.7,42,WEST,7/11/2021,No
CUST-15713,Female,0,YES,NO,19,Month-to-month,Mailed check,Fiber optic,Yes,yes,N,No,88.16,1678.84,58,CENTRAL,10/13/2023,Yes
CUST-12570,Male,0,No,YES,48,MONTH-TO-MONTH,Electronic check,Fiber optic,No,Y,YES,NO,100.39,4824.04,49,East,11/8/2020,Yes
CUST-15363,Male,1,Y,Yes,9,MONTH-TO-MONTH,Bank transfer,Fiber optic,Yes,No,yes,no,88.26,808.21,78,CENTRAL,9/26/2017,Yes
CUST-10259,Male,0,Yes,NO,63,Two year,Mailed check,Fiber optic,NO,Y,no,no,70.05,4400.16,35,North,12/28/2018,No
CUST-10454,Male,0,Y,Y,35,ONE YEAR,Mailed check,DSL,N,NO,Y,Y,68,2370.99,47,north,3/15/2017,No
CUST-10043,Male,0,N,Yes,62,one year,Credit card,DSL,yes,YES,NO,YES,50.88,3158.78,24,Central,8/21/2022,No
CUST-12636,Male,0,no,Yes,14,month-to-month,Credit card,DSL,Yes,yes,Yes,Y,72.68,1023.59,30,North,3/2/2022,Yes
CUST-11339,Female,0,N,NO,4,MONTH-TO-MONTH,Credit card,DSL,Y,Yes,Yes,Yes,51.79,208.92,30,North,7/25/2017,Yes
CUST-15022,Female,0,N,no,9,MONTH-TO-MONTH,Bank transfer,Fiber optic,Yes,yes,NO,No,86.45,760.41,30,Central,1/18/2022,Yes
CUST-11102,Female,1,Yes,yes,51, Two year ,Electronic check,No,No,No,No,N,37.93,1914.59,72,South,12/8/2018,No
CUST-10289,Male,1,YES,Yes,69,Month-to-month,Mailed check,DSL,no,Y,No,NO,41.35,2861.68,79,east,7/19/2019,Yes
CUST-13263,Female,1,YES,NO,43,Two year,Credit card,Fiber optic,Y,yes,N,YES,71.02,3072.6,78,North,3/5/2022,No
CUST-12621,Female,1,No,N,34,Month-to-month,Mailed check,No,No,No,No,Yes,28.88,981.48,84,East,1/12/2023,No
CUST-14039,Female,0,NO,N,58,ONE YEAR,Bank transfer,No,No,No,No,YES,10.83,628.78,35,East,9/7/2019,Yes
CUST-10718,Male,0,N,N,33,month-to-month,Bank transfer,Fiber optic,YES,YES,yes,no,109.38,3628.84,27,North,2/9/2022,No
CUST-14166,Female,1,yes,Yes,12,Two year,Bank transfer,Fiber optic,No,YES,no,NO,72.27,882.88,76,East,7/9/2020,No
CUST-10656,Male,0,Yes,No,33,month-to-month,Electronic check,DSL,N,No,Y,NO,77.47,2556.84,22,East,10/16/2017,No
CUST-11249,Female,0,YES,Y,57,Two year,Mailed check,DSL,NO,Yes,Yes,N,50.09,2862.27,66,East,2/21/2018,No
CUST-13597,Male,0,YES,Yes,14,One year,Electronic check,DSL,Y,N,Yes,N,77,1087.33,52,West,8/24/2019,No
CUST-11444,Male,1,Yes,NO,2, Month-to-month ,Mailed check,No,No,No,No,Yes,42.29,85.34,70,West,8/18/2020,No
CUST-14278,Male,0,Y,YES,48,MONTH-TO-MONTH,Credit card,DSL,No,Y,NO,no,40.42,1925.22,45,North,11/14/2021,Yes
CUST-12784,Male,0,YES,YES,23,Month-to-month,Credit card,DSL,yes,yes,Y,no,56.46,1316.36,43,EAST,8/9/2022,Yes
CUST-14550,Female,0,NO,No,15,Month-to-month,Bank transfer,Fiber optic,NO,Y,Yes,no,87.96,1313.15,45,SOUTH,12/8/2020,Yes
CUST-12977,Male,1,no,N,39,Month-to-month,Credit card,Fiber optic,N,N,N,No,89.81,3506.74,70,East,6/23/2020,Yes
CUST-12855,Female,0,YES,Yes,36,Month-to-month,Bank transfer,Fiber optic,no,YES,no,NO,75.24,2700.96,68,central,7/18/2019,Yes
CUST-10853,Male,0,NO,no,7,Month-to-month,Mailed check,DSL,Y,N,No,NO,54.55,386.67,26,Central,7/18/2017,No
CUST-15374,Male,1,YES,Y,62,ONE YEAR,Mailed check,Fiber optic,Yes,Y,YES,Y,108,6708.87,74,East,7/1/2018,No
CUST-10530,Male,0,no,YES,45,Month-to-month,Credit card,Fiber optic,Y,N,N,No,93.5,4205.44,25,CENTRAL,12/29/2020,Yes
CUST-12487,Female,1,no,no,7,One year,Credit card,No,No,No,No,YES,29.4,187.75,71,EAST,11/11/2023,No
CUST-15238,Male,1,yes,yes,62,MONTH-TO-MONTH,Electronic check,DSL,yes,Y,yes,no,71.6,4429.52,81,CENTRAL,8/11/2023,No
CUST-13043,Male,0,N,no,65,two year,Electronic check,Fiber optic,N,YES,Yes,Yes,78.55,5125.41,26,WEST,7/27/2023,Yes
CUST-11465,Female,0,No,no,31,Month-to-month,Electronic check,Fiber optic,YES,N,NO,No,85.63,2635.14,57,South,8/16/2019,No
CUST-12513,Female,0,yes,yes,3,Two year,Mailed check,DSL,Y,yes,N,No,68.66,201.85,43,west,9/6/2017,No
CUST-13932,Female,0,N,no,27,Two year,Credit card,DSL,no,N,NO,Y,43.04,1145.15,49,WEST,5/18/2018,No
CUST-13252,Female,0,yes,NO,70,MONTH-TO-MONTH,Credit card,Fiber optic,N,no,no,N,77.87,5466.81,44,CENTRAL,7/15/2023,Yes
CUST-13679,Female,0,N,No,29,Two year,Electronic check,DSL,yes,N,No,YES,65.25,1888.9,59,West,11/26/2017,No
CUST-13498,Male,0,yes,Y,14,MONTH-TO-MONTH,Bank transfer,DSL,no,yes,N,Yes,35.66,483.58,66,Central,9/6/2017,No
CUST-14649,Female,0,yes,YES,58,Two year,Mailed check,DSL,No,NO,No,yes,42.65,2463.19,66,Central,12/29/2017,Yes
CUST-12786,Male,1,N,No,21,Two year,Mailed check,DSL,no,YES,N,yes,68.96,1454.37,79,North,7/14/2019,No
CUST-12086,Male,1,yes,NO,34,Month-to-month,Bank transfer,Fiber optic,yes,YES,N,YES,73.96,2517.23,77,North,1/19/2021,No
CUST-13876,Female,0,No,Y,34,TWO YEAR,Bank transfer,Fiber optic,no,YES,No,N,67.91,2302.69,32,West,10/7/2020,No
CUST-11954,Male,0,Y,Y,4,MONTH-TO-MONTH,Credit card,DSL,Yes,N,NO,Y,65.51,256.47,24,South,5/14/2022,No
CUST-14692,Female,0,NO,No,46,Two year,Bank transfer,DSL,yes,N,Yes,YES,65.17,2981.76,26,East,3/27/2022,No
CUST-12512,Female,0,Yes,N,11,month-to-month,Electronic check,Fiber optic,yes,no,Y,YES,86.79,939.59,39,North,9/27/2017,No
CUST-12660,Female,0,Y,Yes,16,One year,Electronic check,No,No,No,No,yes,19.6,330.7,25,NORTH,7/11/2019,No
CUST-11744,Female,0,Y,no,35,Two year,Bank transfer,Fiber optic,Y,Y,YES,Yes,106.68,3713.94,30,North,12/1/2023,Yes
CUST-14353,Male,1,Y,YES,4, Month-to-month ,Mailed check,Fiber optic,yes,NO,YES,Yes,93.01,384.88,82,Central,4/3/2022,Yes
CUST-13019,Female,1,N,NO,13,Two year,Electronic check,DSL,N,Y,YES,No,58.8,752.92,73,East,4/4/2018,No
CUST-12037,Female,0,N,NO,54,Month-to-month,Bank transfer,Fiber optic,No,No,YES,NO,92.62,5000.53,42, West ,10/14/2021,No
CUST-13351,Female,1,yes,Y,67,Month-to-month,Electronic check,Fiber optic,No,Y,NO,YES,69.6,4647.53,75,West,2/13/2023,No
CUST-10949,Male,1,N,Yes,14,TWO YEAR,Mailed check,DSL,Yes,no,Yes,YES,55.21,757.33,81,North,12/20/2017,No
CUST-10397,Female,1,NO,Y,59,Month-to-month,Credit card,Fiber optic,No,N,yes,NO,102.53,6052.48,81,EAST,6/29/2022,No
CUST-13324,Female,0,YES,YES,61,Two year,Credit card,Fiber optic,NO,Yes,YES,Yes,86.12,5273.19,51,west,2/27/2018,Yes
CUST-15766,Female,0,Yes,no,35,One year,Credit card,Fiber optic,no,NO,N,yes,94.7,3299.41,32,West,6/24/2019,No
CUST-15625,Female,0,N,Y,7,month-to-month,Electronic check,Fiber optic,NO,Yes,YES,NO,78.14,537.53,55,South,7/20/2023,Yes
CUST-10226,Male,0,Y,no,29,TWO YEAR,Electronic check,Fiber optic,Yes,Yes,yes,Yes,106.66,3105.97,24,North,10/21/2018,No
CUST-14325,Male,0,NO,N,68,two year,Electronic check,Fiber optic,NO,YES,Yes,no,103.11,7004.59,51,Central,11/11/2019,No
CUST-12922,Male,1,YES,no,35,ONE YEAR,Mailed check,Fiber optic,no,YES,No,No,77.63,2733.38,84,Central,9/27/2020,No
CUST-15661,Male,1,Yes,Y,52,Month-to-month,Bank transfer,DSL,Yes,Yes,N,NO,44.62,2312.92,73,East,8/2/2021,Yes
CUST-10678,Female,0,NO,No,4,MONTH-TO-MONTH,Electronic check,Fiber optic,no,YES,N,Yes,76.6,322.52,20,West,1/12/2019,No
CUST-14536,Male,0,No,Y,47,Month-to-month,Credit card,Fiber optic,Yes,N,yes,NO,94.11,4431.27,19,North,8/23/2018,No
CUST-10009,Male,0,Y,no,7,Two year,Electronic check,No,No,No,No,Yes,33.63,224.82,25,CENTRAL,7/13/2017,No
CUST-11234,Male,0,YES,yes,7,MONTH-TO-MONTH,Credit card,Fiber optic,yes,NO,N,YES,77.67,550.97,57,WEST,9/23/2021,No
CUST-12735,Female,1,YES,yes,18, Month-to-month ,Electronic check,Fiber optic,Yes,Yes,Yes,no,86.99,1580.01,80,Central,8/9/2022,Yes
CUST-11566,Female,1,yes,N,56,Month-to-month,Credit card,Fiber optic,Y,No,Yes,yes,95.89,5384.49,82,North,5/27/2020,No
CUST-15782,Female,0,Yes,yes,12,Two year,Mailed check,Fiber optic,yes,YES,Y,yes,103.98,1245.2,45,EAST,7/28/2017,No
CUST-11937,Female,1,yes,YES,57, Month-to-month ,Credit card,DSL,yes,No,Y,Y,67.29,3815.59,75,South,1/1/2019,Yes
CUST-10063,Female,0,N,NO,44,One year,Bank transfer,No,No,No,No,no,37.78,1662.67,25,WEST,8/31/2021,No
CUST-15677,Male,0,Y,No,11,Month-to-month,Mailed check,DSL,NO,Y,N,Yes,61.96,670.49,60,SOUTH,1/26/2022,No
CUST-15381,Female,0,no,YES,48,Month-to-month,Bank transfer,DSL,YES,NO,yes,Yes,51.87,2498.84,25,west,6/12/2022,No
CUST-10795,Female,0,NO,N,52,TWO YEAR,Credit card,Fiber optic,NO,Yes,No,NO,65.53,3404.07,24,East,3/13/2018,No
CUST-14661,Male,1,Yes,Yes,72,Month-to-month,Electronic check,DSL,N,No,no,NO,69.78,5008.76,81,West,4/25/2022,No
CUST-14068,Female,0,yes,N,7,two year,Mailed check,Fiber optic,yes,Yes,N,Yes,69.33,497.2,51,west,5/19/2023,No
CUST-10070,Female,0,YES,N,72,Month-to-month,Electronic check,Fiber optic,N,No,NO,no,90.25,6501.34,28,WEST,1/15/2018,Yes
CUST-10332,Female,0,No,yes,49,Two year,Bank transfer,Fiber optic,no,no,Yes,N,86.06,4229.59,36,central,6/19/2021,No
CUST-14630,Male,0,No,yes,12,ONE YEAR,Credit card,DSL,no,no,no,No,53.27,651.85,39,East,11/27/2021,No
CUST-15914,Male,0,Yes,yes,28,One year,Credit card,No,No,No,No,Y,32.54,927.91,62,West,5/17/2017,No
CUST-15627,Female,0,No,YES,41,One year,Electronic check,DSL,N,No,Y,YES,72.49,2960.94,24,west,5/23/2018,No
CUST-13578,Male,0,NO,Y,57,month-to-month,Bank transfer,Fiber optic,Yes,Yes,Y,NO,80.28,4594.49,29,Central,4/19/2020,Yes
CUST-11732,Female,1,Yes,no,53,One year,Bank transfer,Fiber optic,no,NO,N,no,90.04,4768.84,82,West,11/26/2022,No
CUST-15378,Male,0,No,no,31,Month-to-month,Mailed check,DSL,Yes,yes,NO,yes,49.71,1539.24,24,West,11/5/2018,No
CUST-11864,Female,0,Y,NO,10,Month-to-month,Electronic check,Fiber optic,Yes,YES,N,Yes,69.29,684.39,56,North,3/5/2019,Yes
CUST-12918,Male,1,no,No,16,TWO YEAR,Electronic check,DSL,yes,No,no,No,64.91,1033.66,75,west,4/30/2022,No
CUST-14241,Male,0,No,YES,40,Month-to-month,Electronic check,DSL,yes,YES,Y,Y,52.74,2108.78,27,North,5/23/2022,Yes
CUST-11852,Male,0,No,No,19,Two year,Mailed check,No,No,No,No,N,44.9,860.3,18,East,5/6/2022,No
CUST-10677,Male,1,N,No,1,month-to-month,Bank transfer,DSL,Yes,yes,NO,no,57.44,40.84,71,Central,7/5/2018,No
CUST-12933,Female,0,Y,Yes,23,Month-to-month,Bank transfer,Fiber optic,YES,yes,Yes,YES,108.48,2513.61,32,South,8/8/2022,Yes
CUST-15592,Female,1,Yes,N,68,One year,Mailed check,No,No,No,No,Yes,42.18,2862.77,78,North,2/4/2021,Yes
CUST-13449,Male,0,No,YES,25,Month-to-month,Electronic check,No,No,No,No,yes,35.49,881.84,31,Central,7/10/2021,Yes
CUST-15438,Male,0,Y,NO,41,One year,Mailed check,No,No,No,No,no,23.66,979.08,49,East,4/17/2021,No
CUST-13531,Female,0,YES,No,22,MONTH-TO-MONTH,Electronic check,No,No,No,No,yes,11.73,261.2,55,Central,12/28/2019,Yes
CUST-12293,Female,0,N,yes,30,One year,Credit card,Fiber optic,Yes,YES,NO,YES,70.65,2133.83,47,East,8/1/2022,Yes
CUST-14897,Male,1,YES,YES,24,One year,Electronic check,Fiber optic,YES,N,yes,N,75.11,1800.1,75,West,2/21/2018,No
CUST-14164,Male,0,Yes,Y,51,One year,Bank transfer,No,No,No,No,yes,35.72,1834.03,46,SOUTH,8/22/2018,No
CUST-10278,Female,0,Yes,NO,33,month-to-month,Mailed check,DSL,No,NO,yes,yes,62.02,2066.41,68,central,12/8/2019,No
CUST-11353,Female,0,YES,NO,52,Two year,Bank transfer,No,No,No,No,NO,20.38,1056.19,30, South ,3/9/2020,No
CUST-10073,Female,0,YES,NO,17,month-to-month,Mailed check,DSL,no,No,YES,No,68.84,1155.78,53,West,2/24/2022,No
CUST-12448,Male,1,N,No,59,MONTH-TO-MONTH,Mailed check,No,No,No,No,YES,36.83,2171.03,83,east,10/27/2023,No
CUST-15601,Female,0,N,Y,51,month-to-month,Bank transfer,No,No,No,No,YES,36.33,1863.3,60,North,4/7/2021,Yes
CUST-12036,Female,0,yes,NO,32,two year,Bank transfer,DSL,N,Y,yes,NO,73.29,2353.01,44,NORTH,1/6/2018,No
CUST-11940,Male,0,No,yes,22,month-to-month,Credit card,Fiber optic,yes,Y,yes,NO,100.58,2192.88,35,west,5/20/2020,No
CUST-14708,Female,0,YES,No,11,One year,Bank transfer,Fiber optic,N,YES,No,YES,84.04,939.53,27,West,11/2/2022,No
CUST-15575,Female,0,no,Yes,48,Month-to-month,Electronic check,Fiber optic,NO,Y,Yes,yes,88.09,4210.01,24,CENTRAL,1/3/2019,Yes
CUST-11581,Female,0,Yes,YES,2,One year,Credit card,No,No,No,No,N,41.9,96.49,52,North,9/4/2021,Yes
CUST-12304,Female,0,No,No,19,Month-to-month,Mailed check,Fiber optic,Yes,YES,NO,YES,98.38,1889.11,69,East,6/1/2019,Yes
CUST-14843,Female,1,NO,No,16,Month-to-month,Mailed check,No,No,No,No,YES,25.05,389.92,73,Central,2/8/2023,No
CUST-14612,Male,0,Y,No,55,Month-to-month,Credit card,Fiber optic,N,Y,no,Yes,89.37,4921.71,44,east,9/1/2023,Yes
CUST-12908,Male,1,yes,Yes,36,Month-to-month,Credit card,Fiber optic,YES,YES,No,YES,70.9,2555.36,84,north,10/9/2022,Yes
CUST-13875,Male,0,Y,N,52,Month-to-month,Bank transfer,DSL,N,yes,YES,N,76.55,3992.15,35,East,7/22/2017,No
CUST-13079,Female,0,yes,Y,14,Two year,Credit card,DSL,YES,NO,Y,N,68.7,946.54,36,Central,7/28/2022,No
CUST-11094,Female,0,yes,YES,51,MONTH-TO-MONTH,Mailed check,DSL,yes,NO,Y,N,74.86,3836.88,24,Central,11/7/2021,No
CUST-13280,Male,0,no,yes,70,MONTH-TO-MONTH,Credit card,Fiber optic,Yes,NO,no,N,97.57,6840.46,56,North,6/27/2023,Yes
CUST-14801,Female,0,Y,no,13,ONE YEAR,Credit card,Fiber optic,Yes,No,Y,YES,93.69,1232.68,58,SOUTH,1/19/2022,Yes
CUST-11269,Male,0,Y,no,58,One year,Electronic check,DSL,NO,N,No,Yes,46.17,2696.14,67,CENTRAL,2/15/2023,Yes
CUST-15137,Male,0,yes,N,64,Two year,Credit card,No,No,No,No,no,40.86,2634.55,36,South,5/13/2017,No
CUST-12929,Male,1,N,No,7,TWO YEAR,Bank transfer,DSL,no,N,YES,no,54.17,361.95,73,South,11/28/2023,Yes
CUST-13753,Male,0,Y,YES,62,Two year,Bank transfer,Fiber optic,NO,no,N,yes,97.51,6054.5,22,WEST,4/17/2023,No
CUST-15096,Male,0,YES,Y,27, Month-to-month ,Credit card,No,No,No,No,No,34.06,920.91,42,South,11/26/2023,No
CUST-10631,Female,0,Yes,Y,13,Month-to-month,Bank transfer,DSL,yes,yes,N,No,43.34,560.47,38,South,5/29/2023,No
CUST-15236,Male,0,Y,Y,5,Month-to-month,Mailed check,Fiber optic,Y,no,yes,YES,97.14,478.4,67,NORTH,1/6/2022,No
CUST-15476,Male,0,no,No,64,Month-to-month,Electronic check,Fiber optic,N,Yes,Yes,Y,78.57,5045.34,46,West,6/23/2020,No
CUST-15729,Male,0,Yes,NO,10,ONE YEAR,Credit card,Fiber optic,Y,yes,Y,no,81.54,824.61,18,SOUTH,3/23/2019,No
CUST-14527,Male,0,No,yes,22,Month-to-month,Credit card,Fiber optic,no,Yes,Yes,yes,81.87,1819.08,46,North,12/1/2018,No
CUST-14651,Female,0,YES,NO,56,two year,Bank transfer,DSL,YES,N,Y,N,56.67,3187.87,68,North,4/28/2022,Yes
CUST-14779,Female,0,NO,YES,14,month-to-month,Electronic check,No,No,No,No,Yes,13.82,177.97,43,East,4/21/2023,No
CUST-13283,Male,1,NO,Y,39,MONTH-TO-MONTH,Credit card,Fiber optic,YES,No,no,YES,86.02,3368.45,83,EAST,6/19/2023,Yes
CUST-14210,Female,0,NO,NO,53, Month-to-month ,Credit card,Fiber optic,YES,Y,No,No,65.37,3451.62,57,South,5/18/2017,No
CUST-14558,Male,0,NO,Y,27,Month-to-month,Bank transfer,No,No,No,No,yes,33.05,889.52,54,South,4/13/2018,Yes
CUST-10630,Female,0,YES,No,65,TWO YEAR,Electronic check,No,No,No,No,Y,30.97,1999.64,30,south,1/26/2018,No
CUST-15581,Male,0,Y,Y,29,MONTH-TO-MONTH,Bank transfer,Fiber optic,no,no,N,NO,65.12,1875.79,24,South,8/30/2019,No
CUST-14524,Male,1,N,No,7,Month-to-month,Mailed check,Fiber optic,YES,YES,No,NO,74.78,516.71,78,East,5/3/2022,Yes
CUST-11844,Female,1,N,N,52,month-to-month,Bank transfer,Fiber optic,yes,YES,Y,Y,81.18,4221.25,72,West,9/29/2018,No
CUST-10610,Male,0,yes,No,6,Month-to-month,Bank transfer,Fiber optic,No,No,NO,No,90.01,538.18,34,Central,5/20/2017,Yes
CUST-11623,Male,0,yes,no,37,one year,Credit card,DSL,No,N,YES,YES,68.45,2519.36,69,Central,6/28/2021,No
CUST-15829,Male,1,Yes,NO,14,TWO YEAR,Electronic check,DSL,No,Yes,No,Yes,55.45,772.63,71,CENTRAL,10/2/2020,No
CUST-11332,Female,0,NO,No,47,Month-to-month,Bank transfer,DSL,N,Yes,NO,no,49.25,2318.98,62,EAST,8/13/2021,No
CUST-12114,Male,0,Y,YES,9,Month-to-month,Credit card,Fiber optic,no,no,Yes,N,94.41,840.97,18,south,6/18/2020,No
CUST-14963,Male,0,YES,N,30,MONTH-TO-MONTH,Bank transfer,No,No,No,No,yes,11.23,336.1,41,NORTH,10/18/2021,No
CUST-12010,Male,0,Yes,YES,37,Two year,Credit card,Fiber optic,yes,Yes,Yes,N,89.82,3336.29,42,Central,3/13/2021,Yes
CUST-13772,Female,0,Y,yes,67,Month-to-month,Bank transfer,DSL,Y,NO,Yes,yes,63.86,4270.54,34,West,8/15/2023,Yes
CUST-11213,Male,0,yes,YES,33, Month-to-month ,Bank transfer,DSL,YES,No,yes,N,54.18,1783.87,56,Central,9/1/2017,No
CUST-14426,Male,0,N,Yes,40,one year,Mailed check,No,No,No,No,No,36.15,1464.98,65, Central ,11/19/2022,Yes
CUST-15029,Male,1,no,N,60,Month-to-month,Electronic check,DSL,YES,Yes,yes,Yes,71.71,4305.29,81,NORTH,7/12/2019,Yes
CUST-15053,Male,0,N,Yes,47,Two year,Credit card,No,No,No,No,Y,12.79,583.04,60,Central,10/27/2021,No
CUST-15286,Female,1,No,NO,1,TWO YEAR,Mailed check,No,No,No,No,No,27.36,11.6,75,North,12/5/2022,No
CUST-15482,Female,0,Y,no,53,two year,Bank transfer,Fiber optic,No,NO,No,no,88.07,4666.09,20,WEST,11/11/2023,No
CUST-12732,Female,0,Yes,yes,18,one year,Electronic check,Fiber optic,no,no,No,yes,90.96,1642.25,27,Central,1/19/2023,No
CUST-14187,Female,0,N,YES,30,Month-to-month,Electronic check,DSL,Yes,no,NO,Y,55.67,1660.85,44,central,8/28/2023,Yes
CUST-10907,Female,0,NO,Yes,32,Month-to-month,Credit card,Fiber optic,Yes,No,Yes,No,76.59,2457.74,58,East,1/14/2018,Yes
CUST-15964,Male,0,Y,yes,2,ONE YEAR,Credit card,DSL,N,no,Yes,no,55.07,91.17,68,East,8/14/2018,Yes
CUST-14620,Female,0,no,No,65, Month-to-month ,Mailed check,DSL,Y,No,Y,Yes,45.14,2920.32,51,South,4/22/2023,Yes
CUST-11625,Male,0,no,Yes,2,One year,Credit card,No,No,No,No,Y,38.94,78.79,36,West,6/18/2020,No
CUST-12987,Female,0,YES,Y,16,One year,Bank transfer,Fiber optic,YES,NO,Yes,No,86.35,1362.02,57,south,8/5/2017,No
CUST-14846,Male,0,No,No,26,Month-to-month,Mailed check,No,No,No,No,YES,37.44,970.6,22,West,9/22/2018,Yes
CUST-13091,Female,0,Yes,No,53,month-to-month,Mailed check,DSL,no,NO,YES,no,76.32,4049.57,49,EAST,5/31/2023,Yes
CUST-13614,Male,0,no,YES,47,month-to-month,Mailed check,DSL,YES,NO,Y,NO,76.79,3608.53,47,CENTRAL,4/9/2020,Yes
CUST-13129,Female,0,YES,Y,44,Two year,Mailed check,No,No,No,No,YES,13.1,571.39,54,West,9/13/2018,Yes
CUST-14045,Male,1,N,no,54,Month-to-month,Electronic check,DSL,N,No,no,yes,46.92,2552.08,72,South,6/4/2023,Yes
CUST-12370,Male,0,no,no,33,Month-to-month,Electronic check,No,No,No,No,N,11.02,375.56,48,West,1/29/2023,No
CUST-15479,Female,1,Yes,NO,57,Month-to-month,Bank transfer,Fiber optic,yes,NO,NO,yes,65.79,3764.82,83,North,3/27/2022,Yes
CUST-15007,Female,0,No,NO,33,Two year,Credit card,DSL,YES,YES,yes,NO,74.96,2483.78,64,North,8/23/2019,No
CUST-14772,Male,0,Y,no,15,ONE YEAR,Mailed check,Fiber optic,YES,Y,YES,YES,96.94,1434.75,35,North,9/17/2017,No
CUST-12215,Female,0,YES,NO,72,One year,Mailed check,Fiber optic,NO,yes,no,YES,87.07,6249.49,56,CENTRAL,9/7/2023,Yes
CUST-15862,Male,0,No,YES,35,Month-to-month,Credit card,No,No,No,No,yes,41.73,1451.36,59,south,6/6/2018,No
CUST-10023,Male,0,NO,YES,1,Two year,Credit card,DSL,N,N,YES,N,61.27,74.3,55,north,11/28/2020,Yes
CUST-11327,Male,0,Y,YES,66,One year,Credit card,DSL,NO,No,No,Yes,45.38,3008.23,46,central,12/12/2021,No
CUST-10099,Female,0,N,Y,68,One year,Mailed check,Fiber optic,yes,Y,NO,N,69.78,4757.65,53,West,4/2/2018,No
CUST-13726,Female,0,NO,No,24,Month-to-month,Mailed check,Fiber optic,Y,YES,Y,yes,109.13,2610.41,50,East,2/4/2018,No
CUST-12128,Male,0,N,Yes,45,Month-to-month,Bank transfer,Fiber optic,NO,Y,N,Yes,81.66,3683.78,19, East ,3/17/2023,Yes
CUST-15611,Female,1,yes,Y,12,MONTH-TO-MONTH,Credit card,DSL,yes,no,yes,Yes,49.82,592.79,75,East,6/21/2019,Yes
CUST-12728,Female,0,NO,No,17,One year,Electronic check,Fiber optic,No,No,Y,Y,105.12,1772.75,61, West ,9/12/2020,Yes
CUST-13678,Female,0,YES,Yes,51,Month-to-month,Mailed check,Fiber optic,no,YES,No,N,73.41,3746.88,65,North,6/5/2019,Yes
CUST-12604,Male,0,no,no,5,Month-to-month,Mailed check,Fiber optic,Y,YES,Y,yes,83.45,402.75,53,EAST,8/22/2022,Yes
CUST-10947,Male,0,NO,Y,62,Month-to-month,Credit card,DSL,yes,N,Yes,yes,75.91,4719.44,19,central,5/16/2023,No
CUST-14693,Male,0,YES,yes,66,ONE YEAR,Electronic check,Fiber optic,No,No,yes,N,103.52,6851.74,22,north,10/27/2020,No
CUST-11244,Male,0,N,NO,15,Two year,Credit card,DSL,Y,NO,YES,no,73.19,1086.97,51,East,12/25/2019,No
CUST-10059,Female,0,No,N,4,Month-to-month,Electronic check,No,No,No,No,NO,42.67,171.3,52,south,8/11/2018,No
CUST-12543,Female,0,Y,Yes,33,Two year,Credit card,Fiber optic,Y,Yes,No,No,83.66,2775.9,21,central,3/25/2019,No
CUST-12952,Male,0,No,Yes,48,MONTH-TO-MONTH,Mailed check,Fiber optic,YES,Y,no,Yes,91.42,4403.82,60, North ,7/9/2017,No
CUST-15102,Male,0,NO,yes,64,Two year,Mailed check,DSL,Y,NO,no,N,50.24,3225.39,67,east,10/25/2018,No
CUST-14672,Male,0,yes,Yes,39,Month-to-month,Bank transfer,Fiber optic,N,YES,Y,Yes,76.45,2991.46,23, East ,7/8/2018,Yes
CUST-12770,Male,0,YES,no,27,Two year,Electronic check,DSL,Y,NO,no,No,58.79,1575.39,22,West,11/14/2019,No
CUST-13231,Female,0,YES,No,9,ONE YEAR,Electronic check,No,No,No,No,Yes,32.05,282.43,29,South,4/29/2020,No
CUST-10250,Male,0,yes,Y,15,Month-to-month,Credit card,Fiber optic,YES,N,Y,NO,80.16,1200.59,25,SOUTH,2/9/2021,Yes
CUST-15658,Female,0,N,YES,69,Month-to-month,Electronic check,Fiber optic,NO,Yes,Y,YES,80.16,5512.74,54,west,7/26/2023,No
CUST-10657,Male,0,NO,no,56,Two year,Bank transfer,Fiber optic,yes,Yes,Yes,YES,91.56,5111.11,29,Central,10/20/2021,Yes
CUST-13007,Female,0,NO,Yes,32,MONTH-TO-MONTH,Credit card,No,No,No,No,yes,21.41,697.3,24,East,12/12/2019,Yes
CUST-15402,Female,0,yes,YES,46, Month-to-month ,Electronic check,Fiber optic,No,NO,no,No,66.47,3065.66,21,West,10/6/2018,Yes
CUST-13933,Male,0,NO,NO,17,Month-to-month,Mailed check,Fiber optic,yes,NO,Y,Yes,97.31,1662.05,35,North,12/7/2017,Yes
CUST-10624,Female,0,YES,No,20,month-to-month,Electronic check,No,No,No,No,no,33.18,665.29,64,East,3/18/2017,Yes
CUST-11059,Female,0,Y,yes,71,One year,Mailed check,DSL,YES,Y,N,Y,65.02,4596.8,35,Central,5/27/2021,No
CUST-10358,Male,0,NO,YES,15,month-to-month,Electronic check,No,No,No,No,no,25,368.39,29,East,2/25/2019,No
CUST-10559,Female,0,yes,No,8, One year ,Bank transfer,No,No,No,No,Yes,37.27,300.3,41,South,11/30/2021,No
CUST-14787,Male,0,Y,no,44,One year,Credit card,Fiber optic,Y,NO,No,no,92.68,4067.26,29,south,10/21/2021,No
CUST-14098,Male,0,NO,N,44,month-to-month,Bank transfer,DSL,yes,No,no,N,68.04,2993.82,55,North,7/2/2021,No
CUST-10062,Female,0,Yes,NO,50,Month-to-month,Bank transfer,DSL,yes,Y,No,YES,59.64,2970.58,57,SOUTH,9/19/2020,No
CUST-12750,Female,0,Yes,N,66,Month-to-month,Credit card,Fiber optic,yes,YES,Yes,N,95.87,6335.27,66,East,4/29/2021,Yes
CUST-12318,Female,0,N,yes,26,Month-to-month,Bank transfer,DSL,Yes,No,No,no,43.78,1119.17,68,West,2/10/2023,No
CUST-15810,Male,1,YES,yes,2,month-to-month,Electronic check,Fiber optic,no,Yes,yes,Y,104.95,209.27,70,WEST,9/18/2017,No
CUST-13200,Male,0,no,NO,19,One year,Bank transfer,No,No,No,No,Y,41.79,803.81,54,East,8/10/2022,No
CUST-10435,Female,1,N,YES,17, Month-to-month ,Credit card,DSL,yes,Yes,yes,Yes,63.82,1078.18,71,Central,8/31/2018,Yes
CUST-10636,Female,1,no,NO,26,Two year,Electronic check,Fiber optic,no,No,no,no,72.01,1857.99,70,North,7/2/2020,Yes
CUST-12091,Male,0,NO,Yes,60,Month-to-month,Mailed check,Fiber optic,Y,No,no,N,69.19,4162.46,44,South,12/31/2021,No
CUST-10213,Female,0,Y,Yes,48,Month-to-month,Electronic check,DSL,No,no,YES,Y,51.85,2496.06,38,East,7/23/2020,No
CUST-10254,Male,0,No,No,39,Month-to-month,Mailed check,DSL,Y,N,N,Y,55.58,2187.05,42,WEST,7/10/2017,No
CUST-13469,Female,0,N,yes,52,Two year,Electronic check,No,No,No,No,Yes,41.33,2151.38,60,EAST,4/17/2023,No
CUST-15208,Male,1,No,yes,25,TWO YEAR,Mailed check,No,No,No,No,no,33.25,824.68,80,South,12/30/2020,Yes
CUST-15475,Female,0,Yes,Y,27,TWO YEAR,Bank transfer,Fiber optic,No,YES,Y,YES,104.81,2833.27,64,West,8/14/2017,No
CUST-12932,Male,0,no,Yes,34,Two year,Electronic check,Fiber optic,No,no,N,no,81,2740.6,61,east,5/31/2018,No
CUST-11850,Female,0,Yes,YES,71,Month-to-month,Electronic check,Fiber optic,yes,Y,N,NO,88.15,6268.22,69,central,5/25/2017,Yes
CUST-13150,Female,0,yes,yes,71,Two year,Credit card,No,No,No,No,Y,39.68,2806.76,24,south,8/30/2019,No
CUST-15432,Male,0,NO,no,21,Month-to-month,Mailed check,No,No,No,No,NO,29.1,608.07,61,West,9/13/2020,Yes
CUST-10473,Female,1,No,Y,54, Month-to-month ,Credit card,No,No,No,No,No,41.95,2265.79,70,Central,7/29/2017,Yes
CUST-13145,Male,0,Y,NO,24,Month-to-month,Electronic check,Fiber optic,N,N,N,YES,80.94,1926.71,32,WEST,9/30/2019,No
CUST-13018,Male,0,yes,NO,68,Two year,Bank transfer,DSL,N,no,no,YES,54.99,3731.61,53, West ,9/8/2020,No
CUST-14781,Male,0,Y,YES,32,One year,Bank transfer,DSL,NO,N,yes,no,79.6,2562.75,23,west,8/13/2019,No
CUST-12874,Male,0,no,Yes,59,One year,Credit card,Fiber optic,yes,Yes,Y,No,103.25,6096.62,63,Central,4/15/2019,Yes
CUST-12012,Male,0,Y,Yes,43,One year,Mailed check,Fiber optic,N,no,N,YES,69.8,2999.82,23,south,1/1/2020,No
CUST-13555,Male,0,NO,Yes,-3,ONE YEAR,Mailed check,Fiber optic,N,YES,YES,Y,105.75,3063.89,43,West,3/15/2020,No
CUST-12671,Female,0,No,NO,29,MONTH-TO-MONTH,Bank transfer,Fiber optic,no,N,Yes,Yes,92.69,2694.1,52,Central,6/6/2021,Yes
CUST-15525,Male,1,Yes,yes,54,Two year,Mailed check,Fiber optic,Yes,yes,YES,NO,96.45,5227.22,72,South,6/3/2017,No
CUST-14109,Male,0,NO,yes,22,Two year,Electronic check,DSL,Y,N,no,yes,43.12,953.92,57,South,4/1/2020,No
CUST-12379,Male,0,no,NO,28,MONTH-TO-MONTH,Bank transfer,DSL,No,NO,Yes,Y,75.48,2112.36,32,Central,5/1/2017,No
CUST-15112,Female,0,Y,yes,64,One year,Electronic check,DSL,N,yes,Y,N,67.6,4345.4,68, West ,5/19/2023,Yes
CUST-13367,Female,1,Y,NO,24,ONE YEAR,Credit card,No,No,No,No,N,17.54,418.82,84,West,6/21/2022,No
CUST-13100,Female,0,Y,no,21,MONTH-TO-MONTH,Credit card,Fiber optic,Y,YES,no,Yes,67.13,1402.31,69,CENTRAL,7/4/2019,Yes
CUST-11996,Male,0,No,N,48,Month-to-month,Bank transfer,Fiber optic,no,YES,N,No,96.89,4650.91,68,North,6/8/2023,Yes
CUST-12840,Male,0,YES,yes,17,Two year,Mailed check,No,No,No,No,no,40.18,686.04,23, West ,11/27/2017,No
CUST-11225,Male,1,No,N,65,month-to-month,Mailed check,DSL,no,YES,Y,no,63.02,4095.94,79,south,5/18/2017,No
CUST-15167,Female,0,Yes,Y,43,one year,Credit card,DSL,Y,no,Yes,Yes,56.07,2427.77,48,North,7/22/2018,Yes
CUST-12203,Female,0,N,N,23,One year,Credit card,DSL,NO,Y,Yes,Yes,69.1,1604.93,22, South ,5/24/2023,No
CUST-11544,Male,0,N,N,52,month-to-month,Credit card,DSL,N,yes,Yes,No,79.96,4177.49,55,central,3/11/2020,Yes
CUST-13880,Male,0,Yes,Y,4,MONTH-TO-MONTH,Credit card,DSL,Yes,yes,no,YES,51.89,206.52,20,SOUTH,12/25/2018,Yes
CUST-15558,Female,0,Yes,yes,68,month-to-month,Electronic check,DSL,Yes,No,yes,N,76.46,5186.06,65,Central,6/28/2017,Yes
CUST-11912,Male,0,no,no,47,month-to-month,Mailed check,Fiber optic,no,YES,YES,N,103.23,4836.73,24,west,8/10/2022,Yes
CUST-14756,Female,0,NO,no,26,Month-to-month,Credit card,Fiber optic,YES,yes,Y,Yes,95.85,2488.04,64,EAST,5/3/2022,No
CUST-11776,Male,0,yes,no,35, Two year ,Electronic check,DSL,NO,Yes,no,No,45.65,1597.41,63,West,6/21/2020,No
CUST-12568,Male,1,Yes,YES,52,Month-to-month,Electronic check,DSL,Yes,Yes,Y,NO,69.03,3608.01,82,South,6/25/2021,Yes
CUST-11466,Female,0,N,no,30,Month-to-month,Mailed check,DSL,YES,YES,yes,NO,78.78,2368.79,48,north,8/18/2017,No
CUST-10760,Male,1,YES,NO,70,MONTH-TO-MONTH,Mailed check,Fiber optic,YES,YES,Yes,NO,92.12,6453,84,Central,3/5/2023,No
CUST-11504,Female,0,NO,Yes,48,Month-to-month,Credit card,DSL,N,Y,No,N,68.57,3307.8,24,central,6/3/2021,Yes
CUST-13133,Male,0,NO,N,42,Month-to-month,Electronic check,Fiber optic,YES,yes,NO,YES,80.78,3374.27,57,EAST,8/10/2018,No
CUST-10539,Male,1,yes,N,10,Two year,Electronic check,No,No,No,No,No,30.14,291.59,75,WEST,5/18/2021,No
CUST-10365,Female,0,NO,no,40,One year,Bank transfer,No,No,No,No,No,21.6,879.86,50,North,10/15/2022,No
CUST-11931,Female,0,N,NO,18,Month-to-month,Mailed check,DSL,YES,yes,NO,NO,38.28,679.94,28,East,6/24/2023,No
CUST-11587,Male,0,NO,Y,5,month-to-month,Mailed check,DSL,No,yes,NO,no,57.58,289.31,22,central,7/22/2017,Yes
CUST-15906,Male,1,N,NO,29,MONTH-TO-MONTH,Electronic check,No,No,No,No,No,18.48,541.34,80,West,9/29/2023,No
CUST-14623,Male,0,yes,Y,23,one year,Bank transfer,Fiber optic,YES,YES,yes,YES,99.1,2275.28,69,Central,7/3/2022,No
CUST-10107,Male,0,Yes,Yes,67,Two year,Electronic check,No,No,No,No,no,23.54,1590.74,44,West,10/28/2019,Yes
CUST-13533,Female,1,Y,YES,31,One year,Credit card,Fiber optic,No,No,N,Yes,88.57,2726.84,72,CENTRAL,3/14/2021,Yes
CUST-10666,Female,0,Y,NO,71,One year,Credit card,Fiber optic,Y,Yes,NO,YES,82.15,5830.37,52,East,8/5/2023,No
CUST-15940,Female,1,no,Yes,6,One year,Credit card,DSL,Yes,N,No,YES,40.92,258.26,76,North,6/24/2022,No
CUST-12381,Female,0,no,NO,50,month-to-month,Credit card,No,No,No,No,Y,17.51,885.6,49,WEST,6/30/2022,Yes
CUST-11096,Female,0,NO,yes,1,Month-to-month,Bank transfer,Fiber optic,Y,Yes,Y,Yes,85.51,67.17,22,South,9/8/2022,Yes
CUST-12720,Male,0,Y,NO,45,One year,Credit card,Fiber optic,yes,yes,YES,no,103.24,4657.18,18,South,1/10/2022,No
CUST-13332,Male,0,Yes,Yes,52,One year,Bank transfer,DSL,N,Y,Yes,no,66.72,3457.71,25,CENTRAL,9/28/2017,No
CUST-15216,Male,0,no,YES,6,MONTH-TO-MONTH,Electronic check,DSL,NO,no,NO,NO,37.09,211.55,64,West,11/11/2021,No
CUST-15860,Female,0,Yes,Y,36,Month-to-month,Electronic check,Fiber optic,N,YES,YES,Yes,99.99,3580.45,63,West,9/16/2017,No
CUST-10683,Male,0,NO,NO,62,Two year,Electronic check,DSL,no,yes,YES,Yes,69.86,4312.04,64,East,5/13/2023,No
CUST-14710,Female,0,NO,YES,6, Two year ,Credit card,Fiber optic,no,N,YES,No,76.38,463.98,56,SOUTH,2/17/2018,Yes
CUST-10372,Male,0,no,YES,1,Month-to-month,Credit card,No,No,No,No,YES,13.98,32.78,44,West,12/21/2020,Yes
CUST-12403,Male,0,Yes,yes,26,MONTH-TO-MONTH,Bank transfer,No,No,No,No,No,44.36,1152.16,26,West,6/17/2018,No
CUST-14645,Male,0,yes,No,52,One year,Credit card,Fiber optic,Yes,no,Y,Y,94.91,4954.67,40,West,5/5/2022,No
CUST-11724,Male,0,No,No,45,Month-to-month,Electronic check,DSL,NO,NO,yes,no,56.56,2564.98,62,North,9/24/2019,Yes
CUST-14822,Female,0,no,N,49,Month-to-month,Mailed check,DSL,yes,no,No,No,46.38,2271.11,67,Central,9/14/2018,No
CUST-14562,Female,0,N,Yes,47,Month-to-month,Mailed check,Fiber optic,Yes,N,Y,NO,98.42,4637,69, South ,12/20/2017,No
CUST-12279,Female,0,yes,no,23,One year,Electronic check,DSL,N,No,yes,Yes,58.72,1364.61,50,West,11/14/2023,No
CUST-15923,Female,1,Y,Y,65,Two year,Mailed check,DSL,NO,YES,yes,NO,46.04,2974.14,85,North,8/3/2017,Yes
CUST-15245,Female,0,Y,N,67,MONTH-TO-MONTH,Electronic check,Fiber optic,no,Y,Y,No,103.63,6962.26,19,North,3/16/2017,Yes
CUST-11571,Male,0,Yes,no,8,One year,Bank transfer,Fiber optic,N,yes,yes,NO,102.88,842.29,49,east,6/26/2018,No
CUST-14884,Female,1,no,Yes,20,month-to-month,Credit card,DSL,No,Yes,no,no,55.98,1138.84,79,West,1/24/2018,No
CUST-15769,Male,0,No,YES,57,One year,Mailed check,No,No,No,No,no,27.89,1584.69,35,WEST,7/6/2021,No
CUST-15060,Female,0,Y,No,68,Month-to-month,Mailed check,No,No,No,No,N,20.86,1436.16,22,north,12/30/2020,No
CUST-15484,Male,0,N,yes,52,One year,Bank transfer,No,No,No,No,no,16.48,840.22,21,West,1/27/2023,No
CUST-10536,Male,0,NO,Y,8,ONE YEAR,Mailed check,DSL,Y,Y,Y,Yes,65.19,503.28,22,South,10/8/2020,No
CUST-11873,Male,0,No,yes,31,TWO YEAR,Electronic check,DSL,no,YES,N,NO,69.98,2165.54,23,North,11/19/2022,No
CUST-13654,Female,0,Yes,Yes,22,Two year,Bank transfer,DSL,no,Yes,No,Yes,40.51,882.34,28,West,9/27/2018,No
CUST-15222,Male,0,Yes,yes,30,One year,Bank transfer,Fiber optic,no,N,Y,no,102.53,3058.84,63, Central ,8/12/2019,No
CUST-13419,Male,0,Yes,Yes,19,Month-to-month,Mailed check,No,No,No,No,no,13.7,260.12,25,north,8/3/2022,Yes
CUST-14366,Male,0,YES,YES,58,MONTH-TO-MONTH,Mailed check,No,No,No,No,no,10.47,593.12,26,north,4/19/2020,Yes
CUST-10175,Male,0,N,No,50,Month-to-month,Electronic check,DSL,No,N,yes,N,66.93,3331.75,28,East,8/7/2023,Yes
CUST-10982,Female,0,No,Y,18,One year,Electronic check,No,No,No,No,no,23.64,436.81,39,South,3/14/2023,No
CUST-10267,Female,0,NO,N,21,Month-to-month,Credit card,Fiber optic,Y,yes,yes,YES,80.72,1693.81,25,Central,5/15/2018,Yes
CUST-11426,Female,1,NO,yes,27,One year,Electronic check,DSL,NO,Y,no,Yes,54.98,1499.17,73,EAST,3/8/2022,No
CUST-11260,Female,0,NO,yes,39,Month-to-month,Credit card,Fiber optic,YES,yes,NO,YES,76.56,2983.33,37,South,4/21/2022,Yes
CUST-14355,Male,0,No,yes,62,Two year,Credit card,DSL,Yes,Yes,No,Yes,59.33,3688.93,19,East,11/29/2017,No
CUST-14416,Female,1,N,Y,36,Month-to-month,Electronic check,DSL,No,N,Y,Y,54.82,1962.73,85,Central,6/5/2018,Yes
CUST-10355,Female,0,Y,Y,11,Month-to-month,Credit card,DSL,no,no,No,yes,63.61,707.2,30,West,2/21/2023,Yes
CUST-12897,Male,1,no,N,16,Month-to-month,Mailed check,Fiber optic,Yes,Y,YES,N,95.51,1532.55,72,SOUTH,11/8/2018,No
CUST-12663,Female,1,NO,Y,72,Month-to-month,Credit card,Fiber optic,YES,Yes,NO,N,80.28,5765.88,82,East,6/21/2021,No
CUST-10360,Female,1,NO,yes,49, Month-to-month ,Credit card,Fiber optic,yes,Y,no,no,77.66,3793.47,70,NORTH,11/9/2019,No
CUST-11144,Male,0,no,Yes,22,One year,Credit card,Fiber optic,N,Y,NO,N,76.25,1692.18,46,east,6/14/2020,No
CUST-12461,Male,0,N,Yes,72,Two year,Bank transfer,No,No,No,No,N,37.19,2671.81,50,East,12/29/2017,Yes
CUST-13606,Female,1,N,yes,56,Month-to-month,Mailed check,Fiber optic,No,Y,Yes,Y,102.4,5741.41,80,CENTRAL,8/11/2021,No
CUST-15929,Male,0,no,Yes,45,Two year,Bank transfer,DSL,N,Yes,YES,no,69.56,3146.19,37,west,6/2/2021,No
CUST-12307,Male,0,Yes,N,28,month-to-month,Electronic check,Fiber optic,Yes,N,Y,NO,82.31,2319.36,61, Central ,11/5/2019,Yes
CUST-14296,Male,0,Y,yes,19,two year,Mailed check,Fiber optic,YES,yes,YES,Yes,79.53,1521.46,37,East,8/18/2021,No
CUST-13446,Female,0,Y,Y,11,Month-to-month,Bank transfer,No,No,No,No,NO,21.46,220.38,32,North,8/22/2019,No
CUST-15497,Female,0,Yes,no,35,One year,Electronic check,Fiber optic,yes,no,YES,no,106.01,3724.04,30,West,7/4/2022,No
CUST-13929,Female,1,yes,yes,42,ONE YEAR,Bank transfer,Fiber optic,NO,No,no,YES,99.63,4201.63,71,CENTRAL,7/2/2022,No
CUST-12628,Female,1,YES,No,36,Two year,Electronic check,DSL,No,Y,Y,yes,61.19,2184.93,83,East,3/26/2021,No
CUST-12504,Female,0,Yes,NO,51,MONTH-TO-MONTH,Electronic check,Fiber optic,no,NO,Yes,Y,83.59,4277.07,61,North,12/29/2018,Yes
CUST-13025,Female,0,NO,YES,60,Month-to-month,Credit card,Fiber optic,yes,No,No,No,77.04,4622.43,34,Central,4/13/2019,No
CUST-10601,Male,1,N,yes,8,Month-to-month,Credit card,Fiber optic,yes,NO,yes,Y,101.48,797.06,83,EAST,7/9/2021,No
CUST-11350,Female,0,No,no,10,one year,Electronic check,Fiber optic,no,Y,NO,No,65.13,642.34,34,west,10/17/2021,No
CUST-15148,Female,1,Y,no,25,One year,Credit card,Fiber optic,no,N,Yes,NO,95.7,2383.57,74,EAST,3/2/2018,No
CUST-11432,Male,1,YES,YES,0,Month-to-month,Bank transfer,Fiber optic,N,YES,Yes,NO,93.45,,72,West,7/6/2023,No
CUST-14097,Male,0,N,NO,39, Two year ,Bank transfer,Fiber optic,YES,no,no,Y,96.17,3770.14,43,WEST,9/12/2017,No
CUST-10235,Female,0,No,no,17,Two year,Mailed check,Fiber optic,no,no,YES,N,84.7,1422.43,40,North,11/5/2018,No
CUST-10033,Male,0,NO,Y,58,Two year,Mailed check,No,No,No,No,Y,18.17,1064.88,20,West,5/8/2020,No
CUST-15747,Male,0,Y,N,61,Month-to-month,Mailed check,No,No,No,No,Y,30.77,1883.97,50,East,6/2/2021,No
CUST-12912,Male,0,Y,No,62,month-to-month,Credit card,Fiber optic,NO,no,NO,Yes,99.64,6186.14,43,north,6/9/2019,Yes
CUST-10598,Female,0,Yes,YES,64,One year,Electronic check,DSL,Y,Yes,No,no,48.23,3092.19,23,South,11/13/2019,No
CUST-14807,Female,0,N,No,18,Month-to-month,Mailed check,No,No,No,No,Yes,16.62,301.81,37,EAST,9/9/2023,Yes
CUST-13771,Female,1,no,N,55,Month-to-month,Bank transfer,Fiber optic,Yes,Yes,no,yes,86.33,4765.23,82,North,5/29/2017,Yes
CUST-10740,Female,0,NO,N,24,Two year,Electronic check,Fiber optic,no,NO,Yes,Y,92.8,2230.4,39,SOUTH,10/15/2023,Yes
CUST-12326,Female,0,Y,no,22,TWO YEAR,Mailed check,Fiber optic,NO,Yes,NO,YES,92.74,2055.43,24,East,10/13/2017,No
CUST-13739,Female,0,no,Y,3,ONE YEAR,Credit card,Fiber optic,N,No,no,No,65.59,204.53,43,west,12/23/2021,No
CUST-12214,Female,0,yes,NO,36,month-to-month,Mailed check,Fiber optic,no,no,YES,NO,100.93,3632.09,68,South,2/7/2021,No
CUST-15872,Male,0,No,Y,60,MONTH-TO-MONTH,Electronic check,Fiber optic,NO,Y,Y,YES,96.78,5802.38,66,EAST,4/2/2021,Yes
CUST-14231,Male,0,N,Y,61,month-to-month,Credit card,Fiber optic,Yes,no,YES,N,86.67,5289.97,29,North,9/1/2021,Yes
CUST-15047,Female,0,yes,no,69,TWO YEAR,Electronic check,Fiber optic,Y,Yes,Y,YES,86.61,5984.21,32,Central,4/21/2017,No
CUST-12232,Male,0,No,yes,38,Month-to-month,Credit card,Fiber optic,N,Y,NO,N,79.32,3001.49,43,East,12/10/2019,No
CUST-12511,Female,1,Y,NO,57,One year,Mailed check,Fiber optic,yes,no,No,Y,76.55,4347.9,83,Central,2/2/2021,No
CUST-10376,Female,1,NO,Y,30,One year,Credit card,DSL,No,N,Y,no,59.11,1766.02,75,South,1/6/2019,No
CUST-13478,Female,0,NO,yes,65,Month-to-month,Mailed check,No,No,No,No,N,12.27,780.57,26,Central,2/10/2020,Yes
CUST-11600,Male,0,Y,YES,49,one year,Electronic check,Fiber optic,YES,No,No,Yes,80.04,3916.18,60,East,4/9/2017,No
CUST-12655,Male,1,N,No,24,Month-to-month,Bank transfer,Fiber optic,YES,Y,no,no,85.41,2061.35,71,West,3/24/2022,Yes
CUST-13030,Female,0,YES,Yes,27,MONTH-TO-MONTH,Electronic check,Fiber optic,no,YES,YES,N,92.7,2506.54,47,Central,3/8/2022,No
CUST-11871,Female,1,No,yes,22,One year,Mailed check,DSL,YES,no,No,No,49.54,1080.1,81,East,8/2/2018,No
CUST-13906,Male,0,Yes,No,24,Two year,Bank transfer,Fiber optic,No,NO,NO,YES,98.54,2353.73,57,South,4/11/2017,No
CUST-13918,Female,0,yes,Y,42,MONTH-TO-MONTH,Mailed check,No,No,No,No,N,36.2,1518.25,30,South,9/12/2017,No
CUST-14494,Female,0,NO,NO,45,Month-to-month,Bank transfer,Fiber optic,no,no,no,NO,77.67,3488.5,41,Central,12/19/2019,Yes
CUST-12895,Female,0,Yes,YES,59,two year,Credit card,Fiber optic,No,No,No,no,76.93,4524.22,60,South,8/6/2018,Yes
CUST-14745,Female,0,NO,YES,9,One year,Electronic check,No,No,No,No,NO,12.3,97.28,45,East,6/29/2021,No
CUST-11667,Male,0,No,YES,31,One year,Mailed check,No,No,No,No,yes,18.5,592.16,29,Central,6/10/2023,No
CUST-14598,Male,0,YES,no,37,Month-to-month,Bank transfer,DSL,NO,NO,Y,Yes,52.62,1940.86,68,WEST,12/30/2018,No
CUST-10187,Female,0,Y,NO,30,one year,Mailed check,Fiber optic,NO,Y,Y,Yes,109.4,3285.83,51,East,5/28/2022,No
CUST-15555,Female,0,Y,Yes,23,TWO YEAR,Credit card,Fiber optic,yes,N,N,yes,79.2,1803.62,64,East,7/9/2020,No
CUST-14163,Female,0,No,Y,38,MONTH-TO-MONTH,Electronic check,No,No,No,No,N,19.57,727.79,48,Central,10/28/2018,Yes
CUST-12408,Female,0,No,Yes,32,TWO YEAR,Bank transfer,No,No,No,No,N,12.93,409.55,30,North,3/25/2022,No
CUST-12503,Male,0,no,yes,60,one year,Credit card,Fiber optic,no,yes,N,NO,86.25,5157.05,50,East,12/25/2017,Yes
CUST-13187,Male,1,yes,YES,9,Month-to-month,Mailed check,Fiber optic,YES,NO,YES,no,82.7,735.62,77,Central,7/10/2021,Yes
CUST-15995,Female,0,N,No,6,Month-to-month,Bank transfer,DSL,yes,no,no,No,55.5,322.03,56,west,8/8/2018,Yes
CUST-11999,Female,0,no,Yes,70,One year,Mailed check,DSL,N,YES,YES,N,56.86,3971.03,19,CENTRAL,5/27/2019,Yes
CUST-11014,Female,0,NO,NO,17,One year,Mailed check,Fiber optic,YES,No,no,Y,79.7,1353.91,19,West,12/11/2020,Yes
CUST-11911,Female,0,No,N,69,Month-to-month,Mailed check,No,No,No,No,yes,39.74,2730.66,54,NORTH,2/15/2020,No
CUST-14390,Female,0,yes,Y,36,one year,Bank transfer,Fiber optic,Y,N,Y,no,88.87,3216.64,69,North,7/7/2020,No
CUST-13615,Male,1,Yes,Y,51,TWO YEAR,Bank transfer,Fiber optic,yes,No,Yes,YES,107.24,5473.33,75,North,7/6/2021,No
CUST-13190,Female,0,Y,Yes,43,ONE YEAR,Mailed check,Fiber optic,no,Yes,Y,N,101,4353.03,59,East,4/4/2021,No
CUST-15436,Female,1,YES,yes,39,Month-to-month,Credit card,Fiber optic,no,no,Yes,NO,81.71,3183.85,71,North,1/12/2023,Yes
CUST-12590,Male,0,YES,YES,47,One year,Mailed check,Fiber optic,no,No,YES,Yes,85.28,4008.88,28,South,6/17/2018,Yes
CUST-15859,Male,1,No,no,50, Two year ,Mailed check,Fiber optic,N,no,N,N,83.96,4209.28,85,west,3/6/2018,No
CUST-13057,Female,0,Y,yes,55,one year,Credit card,No,No,No,No,N,17.98,980.24,62,East,9/17/2023,No
CUST-14180,Male,0,NO,no,40,month-to-month,Credit card,Fiber optic,NO,No,YES,no,82.98,3326.92,39,SOUTH,5/26/2018,No
CUST-15741,Male,0,yes,Yes,43,One year,Bank transfer,No,No,No,No,Yes,31.65,1379.5,54, South ,4/21/2019,No
CUST-11128,Male,1,yes,Yes,0,MONTH-TO-MONTH,Credit card,Fiber optic,NO,NO,YES,NO,84.7,,71,South,11/8/2018,No
CUST-10406,Female,0,YES,yes,36,MONTH-TO-MONTH,Mailed check,No,No,No,No,NO,23.97,845.19,62,East,9/4/2022,No
CUST-12456,Male,0,No,no,35,One year,Bank transfer,DSL,Yes,no,Y,yes,58.11,2026.07,67,central,3/18/2018,No
CUST-14911,Male,1,YES,yes,16,Month-to-month,Bank transfer,DSL,yes,no,No,N,46.82,756.77,76,South,9/5/2023,Yes
CUST-12009,Male,1,Y,no,28,One year,Bank transfer,No,No,No,No,YES,25.4,725.23,79,South,5/1/2018,Yes
CUST-14258,Male,0,Y,Y,12,One year,Electronic check,DSL,no,No,YES,N,79.8,938.55,27,East,8/30/2020,No
CUST-10020,Female,0,N,no,62, Month-to-month ,Credit card,Fiber optic,Y,N,No,No,67.94,4209.42,47,South,11/18/2021,Yes
CUST-11510,Female,0,NO,N,43,Month-to-month,Credit card,No,No,No,No,No,27.87,1189.36,51,WEST,12/28/2021,Yes
CUST-10597,Male,0,Yes,yes,61,Two year,Electronic check,Fiber optic,NO,Yes,NO,Yes,92.81,5661.57,36,South,8/23/2020,Yes
CUST-15113,Male,0,N,no,57,MONTH-TO-MONTH,Bank transfer,Fiber optic,no,no,No,yes,74.71,4274.8,58,EAST,12/1/2020,No
CUST-12432,Female,0,No,N,13,MONTH-TO-MONTH,Bank transfer,Fiber optic,N,YES,N,Yes,72.13,932.72,30,West,1/9/2022,Yes
CUST-10105,Male,0,No,N,16,Month-to-month,Mailed check,Fiber optic,No,YES,no,yes,87.46,1406.45,22,South,12/21/2017,No
CUST-14345,Male,0,Yes,YES,6,One year,Mailed check,DSL,Y,NO,no,yes,36.61,229.95,33,North,8/11/2019,No
CUST-15880,Female,0,Yes,Yes,19,month-to-month,Mailed check,DSL,no,N,yes,N,77.68,1485.98,31,West,8/12/2018,No
CUST-15548,Male,0,no,N,22,month-to-month,Mailed check,DSL,yes,NO,yes,NO,73.72,1639.66,34,south,12/18/2017,Yes
CUST-14092,Female,0,YES,no,44,Month-to-month,Electronic check,Fiber optic,yes,yes,YES,Yes,99.05,4363.55,24,CENTRAL,10/20/2020,No
CUST-10185,Female,0,NO,yes,9,MONTH-TO-MONTH,Mailed check,Fiber optic,No,Yes,Y,No,103.83,925.1,20,South,2/17/2023,Yes
CUST-12153,Male,1,no,Yes,33,ONE YEAR,Mailed check,Fiber optic,YES,no,no,N,80.04,2634.19,78,NORTH,4/25/2018,No
CUST-15232,Male,0,Y,Yes,40,Month-to-month,Electronic check,Fiber optic,No,No,yes,Yes,99.26,3986.62,18,SOUTH,10/15/2018,Yes
CUST-12524,Male,0,YES,Yes,69,Month-to-month,Mailed check,Fiber optic,no,N,NO,Yes,91.8,6320.2,43,EAST,9/12/2017,No
CUST-14354,Male,0,Y,YES,11,One year,Mailed check,Fiber optic,yes,yes,No,Y,71.57,780.12,45,Central,10/4/2021,No
CUST-14263,Female,0,no,Yes,45,Two year,Credit card,DSL,yes,Y,YES,NO,62,2783.27,65,South,1/9/2021,No
CUST-14711,Female,1,YES,Y,9,Month-to-month,Credit card,Fiber optic,NO,No,No,Y,79.88,715,71,west,3/6/2021,Yes
CUST-10722,Male,0,Y,No,9,One year,Credit card,DSL,No,Yes,no,N,66.71,605.2,47,North,12/15/2017,No
CUST-12982,Female,0,YES,NO,22,month-to-month,Credit card,Fiber optic,Yes,No,yes,Y,102.46,2265.97,50, East ,3/20/2017,Yes
CUST-15072,Female,1,Y,NO,48,Month-to-month,Electronic check,Fiber optic,yes,no,No,Y,68.24,3287.96,78,North,5/1/2023,No
CUST-13322,Male,0,N,YES,1,Two year,Mailed check,Fiber optic,Yes,YES,YES,Y,84.28,78.67,28,North,6/24/2023,Yes
CUST-10700,Female,0,No,Yes,64,Month-to-month,Bank transfer,DSL,NO,N,N,Yes,48.36,3095.71,63,South,5/10/2023,No
CUST-15683,Male,0,Y,N,72,Two year,Mailed check,Fiber optic,no,No,NO,No,91.54,6604.43,45,Central,9/27/2019,No
CUST-13660,Male,0,yes,N,32,TWO YEAR,Mailed check,Fiber optic,yes,no,yes,Yes,88.5,2817.74,35,South,10/23/2021,No
CUST-11404,Female,0,No,yes,22,Month-to-month,Credit card,DSL,yes,NO,YES,YES,50.82,1122.36,37,North,3/12/2023,Yes
CUST-12646,Male,1,Yes,NO,40,Month-to-month,Mailed check,Fiber optic,no,Yes,NO,No,71.06,2830.42,82,NORTH,2/15/2022,Yes
CUST-11420,Female,0,No,YES,39,ONE YEAR,Bank transfer,DSL,Yes,Y,No,Y,49.21,1917.28,22,Central,4/9/2017,No
CUST-13112,Male,0,yes,No,10,one year,Credit card,Fiber optic,N,Yes,yes,Y,84.87,850.29,65,West,12/16/2021,No
CUST-13781,Female,0,Y,N,14,One year,Mailed check,No,No,No,No,No,20.4,276.97,35,North,8/5/2022,No
CUST-11147,Female,0,Yes,N,32,Month-to-month,Electronic check,Fiber optic,N,YES,yes,Y,100.78,3209.33,25,Central,11/27/2022,Yes
CUST-15922,Male,0,No,no,65, Month-to-month ,Electronic check,Fiber optic,yes,NO,Y,Y,98.58,6420.65,25, Central ,10/10/2020,Yes
CUST-14104,Female,0,YES,yes,72,One year,Mailed check,Fiber optic,Yes,Yes,Y,NO,75.27,5418.05,20,east,2/17/2020,No
CUST-14050,Female,0,No,NO,68,Month-to-month,Bank transfer,DSL,Yes,Yes,yes,YES,58.6,3972.74,62,East,9/16/2019,No
CUST-15164,Female,0,yes,No,12,One year,Mailed check,DSL,No,Yes,no,NO,37.74,446.89,44,North,9/19/2021,No
CUST-12551,Male,1,yes,No,1,MONTH-TO-MONTH,Credit card,DSL,YES,Yes,NO,Yes,67.92,79.47,85,central,11/8/2017,No
CUST-10291,Male,0,no,N,71,Month-to-month,Electronic check,No,No,No,No,NO,32.86,2319.76,21,West,7/6/2018,Yes
CUST-15591,Female,0,N,No,5,ONE YEAR,Electronic check,DSL,N,N,NO,Y,36.16,188.25,68,West,9/27/2021,No
CUST-14808,Male,0,Yes,no,59,month-to-month,Bank transfer,No,No,No,No,N,37.28,2214.72,52,West,12/26/2021,No
CUST-14577,Male,0,NO,No,16,MONTH-TO-MONTH,Mailed check,DSL,N,yes,YES,YES,56.12,906.36,36,South,8/17/2023,No
CUST-13105,Female,0,No,yes,21,month-to-month,Mailed check,DSL,No,no,no,NO,65.95,1374.01,59,West,5/23/2021,No
CUST-11111,Male,0,yes,N,36,Month-to-month,Credit card,DSL,no,no,YES,N,66.26,2382.3,30,North,5/14/2020,No
CUST-14535,Female,0,yes,Y,4,Month-to-month,Electronic check,DSL,Yes,Y,No,NO,44.18,178.45,63,East,11/18/2022,No
CUST-15610,Male,0,N,NO,31,Month-to-month,Credit card,No,No,No,No,no,19.2,590.02,37,north,9/15/2017,No
CUST-12449,Male,1,NO,YES,25,One year,Mailed check,No,No,No,No,No,42.02,1045.19,83,North,4/29/2021,No
CUST-14567,Male,0,yes,No,4,Two year,Bank transfer,No,No,No,No,no,43.21,175.14,56,central,6/13/2021,Yes
CUST-12108,Female,1,yes,N,52,month-to-month,Electronic check,Fiber optic,Yes,N,YES,NO,95.31,4952.5,81,NORTH,3/20/2017,Yes
CUST-12510,Female,1,No,no,29,month-to-month,Credit card,Fiber optic,NO,NO,YES,YES,79.93,2337.8,84,south,6/4/2021,Yes
CUST-12886,Female,0,NO,YES,4,One year,Bank transfer,Fiber optic,NO,NO,no,yes,67.19,257.87,59,West,4/3/2020,Yes
CUST-10575,Female,0,Yes,Yes,60,Two year,Credit card,No,No,No,No,no,42.31,2551.99,32,North,11/18/2018,No
CUST-11868,Female,1,no,N,14,Two year,Credit card,Fiber optic,NO,N,no,Yes,65.68,906.31,77,North,12/13/2019,No
CUST-11519,Female,0,YES,N,66,One year,Mailed check,DSL,yes,NO,no,no,41.05,2712.3,60,NORTH,12/17/2021,No
CUST-11766,Female,1,no,YES,1,Month-to-month,Electronic check,Fiber optic,Yes,N,YES,Yes,84.77,97.8,80,West,9/8/2021,Yes
CUST-11917,Female,0,YES,NO,21,month-to-month,Electronic check,Fiber optic,Yes,Yes,no,N,67.75,1429.56,50,East,9/4/2020,No
CUST-12308,Female,0,NO,YES,13,two year,Mailed check,Fiber optic,yes,no,no,YES,84.54,1095.2,20, East ,2/21/2019,No
CUST-12270,Female,0,No,Y,57,One year,Credit card,Fiber optic,NO,No,Yes,yes,104.98,5995.19,43,central,7/2/2021,Yes
CUST-11162,Male,0,YES,Yes,16,TWO YEAR,Electronic check,DSL,No,no,N,Y,40.03,629.43,40,Central,3/1/2019,Yes
CUST-10813,Male,0,yes,yes,61,Month-to-month,Electronic check,No,No,No,No,N,24.91,1504.34,49,east,9/22/2022,Yes
CUST-14993,Male,0,yes,Y,72,Month-to-month,Mailed check,DSL,yes,no,Y,NO,62.66,4504.23,50,West,11/4/2020,No
CUST-15336,Male,0,no,Y,41,Month-to-month,Mailed check,No,No,No,No,NO,20.16,823.81,57,Central,3/21/2022,Yes
CUST-13954,Male,0,Y,YES,22,one year,Credit card,No,No,No,No,yes,37.84,825.16,42,South,12/27/2021,Yes
CUST-11279,Female,1,yes,Y,15,month-to-month,Mailed check,Fiber optic,no,Y,N,No,70.2,1065.39,73,Central,6/12/2017,Yes
CUST-15335,Female,0,N,yes,58,Two year,Mailed check,Fiber optic,yes,Yes,N,YES,95.22,5515.41,68,north,9/16/2020,No
CUST-13328,Female,0,no,Yes,16,One year,Electronic check,Fiber optic,Yes,no,YES,YES,100.52,1614.22,40,East,3/30/2022,Yes
CUST-12979,Male,0,No,No,3,ONE YEAR,Bank transfer,No,No,No,No,NO,33.19,89.55,24,North,1/23/2022,No
CUST-13182,Female,0,N,Y,25,One year,Mailed check,No,No,No,No,NO,30.2,771.66,61,north,6/19/2019,Yes
CUST-15816,Male,0,N,N,41,One year,Credit card,Fiber optic,YES,No,Yes,no,88.8,3648.76,30,North,1/25/2023,Yes
CUST-10566,Male,0,No,yes,63, Month-to-month ,Credit card,No,No,No,No,YES,39.77,2523.74,34,East,6/13/2017,No
CUST-15632,Male,1,Y,no,71,two year,Mailed check,No,No,No,No,No,18.68,1332.09,80,east,5/22/2017,No
CUST-13681,Male,0,No,no,8,One year,Bank transfer,Fiber optic,NO,YES,NO,YES,79.72,619.07,33,North,9/8/2018,No
CUST-15423,Male,0,NO,Yes,71,ONE YEAR,Mailed check,No,No,No,No,N,13.53,971.02,23,north,10/14/2023,No
CUST-13684,Female,0,Yes,No,50,One year,Credit card,Fiber optic,Y,YES,Yes,YES,81.9,4090.79,39,North,11/11/2021,No
CUST-11200,Male,0,no,Y,34, One year ,Electronic check,Fiber optic,Yes,No,NO,N,78.87,2700.39,19,South,12/17/2018,No
CUST-14812,Male,0,YES,Yes,30,month-to-month,Credit card,DSL,N,No,Yes,NO,55.93,1685.11,66,West,5/7/2019,Yes
CUST-10212,Male,1,yes,N,8,Month-to-month,Credit card,No,No,No,No,YES,29.06,221.93,72,Central,6/25/2017,Yes
CUST-10104,Male,0,Y,yes,38,Month-to-month,Bank transfer,DSL,Yes,yes,YES,no,60.02,2264.41,24,central,11/28/2023,Yes
CUST-15518,Male,0,NO,yes,63,Month-to-month,Mailed check,No,No,No,No,no,10.62,658.97,20,South,5/12/2023,No
CUST-14172,Male,0,N,NO,28,Month-to-month,Credit card,DSL,Yes,Y,NO,No,54.17,1521.52,58,Central,7/30/2017,No
CUST-14793,Female,1,YES,N,2,Month-to-month,Bank transfer,DSL,Yes,yes,No,YES,42.78,86.33,70,South,12/5/2020,Yes
CUST-12846,Male,0,N,NO,11,Month-to-month,Credit card,DSL,No,No,Yes,NO,53.44,605.37,21,Central,7/30/2022,No
CUST-12467,Male,0,no,no,63,Two year,Bank transfer,Fiber optic,no,Yes,N,no,72.47,4550.43,49,central,4/3/2022,Yes
CUST-11460,Female,0,YES,No,17,Two year,Electronic check,Fiber optic,no,Yes,No,Yes,76.54,1307.36,50,south,6/14/2023,No
CUST-12265,Male,1,No,Y,44,Two year,Electronic check,No,No,No,No,Yes,43.41,1927.44,81,South,1/9/2021,No
CUST-15469,Female,0,YES,YES,67,One year,Mailed check,Fiber optic,YES,Y,Y,N,105.26,7040.73,33,North,6/16/2018,No
CUST-11914,Male,0,Y,Y,35,month-to-month,Mailed check,No,No,No,No,yes,10.01,354.33,27,West,10/4/2017,No
CUST-13796,Female,1,YES,N,24,Month-to-month,Credit card,DSL,Yes,yes,Yes,YES,71.42,1724.06,81,NORTH,9/8/2022,No
CUST-12522,Male,0,No,No,0,MONTH-TO-MONTH,Bank transfer,No,No,No,No,no,16.07,,61,East,7/31/2021,Yes
CUST-11302,Female,0,yes,NO,24,one year,Credit card,DSL,NO,Yes,YES,Yes,73.17,1747.85,43,north,11/25/2023,No
CUST-13951,Female,0,no,No,12,Month-to-month,Bank transfer,No,No,No,No,no,16.9,199.95,38,east,7/11/2023,No
CUST-11232,Male,0,Yes,N,51,Month-to-month,Electronic check,DSL,yes,NO,Yes,yes,71.23,3629.24,34,East,4/27/2018,No
CUST-14322,Female,0,no,YES,70,Month-to-month,Mailed check,Fiber optic,no,no,No,No,79,5547.54,63,West,12/9/2020,No
CUST-15641,Female,0,NO,yes,1, Month-to-month ,Bank transfer,No,No,No,No,N,38.86,34.44,59,Central,2/12/2018,No
CUST-14853,Male,0,YES,No,7,Month-to-month,Bank transfer,No,No,No,No,N,25.5,172.31,57,Central,1/13/2018,No
CUST-13010,Female,1,Y,Yes,4,MONTH-TO-MONTH,Mailed check,Fiber optic,NO,N,YES,no,82.76,338.87,72,South,8/8/2017,Yes
CUST-13250,Female,0,NO,Y,51, Month-to-month ,Credit card,Fiber optic,yes,yes,Y,N,75.62,3837.55,47,south,5/27/2021,Yes
CUST-12901,Male,0,Yes,N,68,Month-to-month,Electronic check,No,No,No,No,N,20.17,1377.5,26,WEST,11/18/2023,Yes
CUST-10075,Male,0,Y,no,64,Month-to-month,Mailed check,No,No,No,No,Y,32.69,2100.9,18,south,2/21/2020,No
CUST-15664,Male,0,NO,NO,55,Two year,Electronic check,DSL,Yes,Yes,No,Y,45.35,2510.41,62,East,7/19/2021,No
CUST-12206,Female,0,yes,NO,70,One year,Mailed check,Fiber optic,yes,Y,yes,yes,86.12,6013.98,39,North,8/28/2023,No
CUST-12025,Female,0,N,No,2,Month-to-month,Credit card,No,No,No,No,no,27.41,69.77,44,Central,4/22/2023,No
CUST-13708,Male,1,no,No,39,TWO YEAR,Electronic check,DSL,Y,YES,N,yes,35.22,1388.89,83,East,11/21/2018,No
CUST-10680,Male,0,yes,yes,48,MONTH-TO-MONTH,Credit card,DSL,No,N,No,Y,62.36,2976.19,19,East,10/5/2019,Yes
CUST-14523,Male,0,No,No,35,two year,Mailed check,DSL,No,yes,yes,YES,53.59,1882.15,54,East,12/23/2021,Yes
CUST-15055,Male,1,N,N,26,One year,Mailed check,Fiber optic,YES,No,Y,YES,107.62,2806.88,80,South,9/29/2022,No
CUST-11143,Female,0,N,NO,52,Month-to-month,Electronic check,DSL,Yes,No,Y,Yes,62.37,3252.72,19,East,12/9/2021,Yes
CUST-15277,Female,0,No,YES,50,two year,Mailed check,No,No,No,No,Yes,15.15,768.39,29,North,4/9/2020,No
CUST-10225,Male,0,NO,No,45,Month-to-month,Credit card,Fiber optic,yes,yes,Yes,NO,92.49,4180.65,69,EAST,11/18/2018,Yes
CUST-14244,Male,1,N,N,59, Two year ,Credit card,Fiber optic,Y,Yes,Yes,No,105.17,6217.73,81,North,10/30/2017,Yes
CUST-14427,Male,0,No,Y,23,One year,Credit card,DSL,Y,yes,Yes,NO,45.98,1074.12,66,North,1/27/2020,No
CUST-15070,Male,0,YES,No,34,One year,Mailed check,Fiber optic,NO,Yes,yes,no,101.88,3451.3,49, East ,9/12/2019,No
CUST-12772,Female,0,NO,NO,47,Month-to-month,Credit card,Fiber optic,yes,Yes,No,Yes,86.3,4038.82,54,North,12/21/2022,No
CUST-14554,Female,0,YES,Y,35,MONTH-TO-MONTH,Electronic check,Fiber optic,NO,YES,yes,NO,84.88,2988.06,62,North,7/5/2017,Yes
CUST-10109,Female,0,Yes,yes,15,Month-to-month,Mailed check,Fiber optic,YES,NO,yes,NO,100.65,1494.47,19,north,2/29/2020,Yes
CUST-13965,Male,1,N,Yes,60,Two year,Mailed check,Fiber optic,NO,No,No,Y,81.81,4915.96,82,South,6/1/2018,No
CUST-12204,Male,0,YES,Y,52,One year,Bank transfer,No,No,No,No,yes,41.23,2157.2,50,West,8/17/2023,No
CUST-10423,Female,0,yes,YES,62,month-to-month,Mailed check,DSL,No,NO,yes,no,45.96,2865.62,52,North,11/20/2017,Yes
CUST-12726,Female,1,YES,yes,59,Month-to-month,Bank transfer,No,No,No,No,NO,10.42,616.25,81,South,4/22/2019,Yes
CUST-15911,Female,1,yes,N,30,Month-to-month,Electronic check,DSL,No,YES,N,Y,51.4,1522.97,73,North,6/16/2018,No
CUST-12935,Male,0,NO,NO,18,One year,Bank transfer,Fiber optic,yes,No,Y,no,93.14,1687.4,57,north,10/13/2023,No
CUST-11406,Female,1,N,No,71,month-to-month,Electronic check,Fiber optic,yes,No,Yes,no,97.31,6905.97,82, Central ,5/10/2021,No
CUST-12309,Male,1,N,no,63,Month-to-month,Credit card,Fiber optic,YES,No,No,no,85.05,5358.97,80,South,11/15/2020,No
CUST-10204,Male,0,No,Y,15,ONE YEAR,Mailed check,No,No,No,No,N,11.59,167.84,69,east,7/16/2021,No
CUST-11753,Female,0,No,no,20,Two year,Mailed check,Fiber optic,NO,NO,Y,Y,97.77,1962.12,36,SOUTH,10/4/2020,No
CUST-12005,Female,1,Yes,YES,6,Month-to-month,Mailed check,Fiber optic,yes,N,Y,yes,90.85,540.98,75,central,9/22/2018,No
CUST-14347,Male,0,NO,Y,52,Month-to-month,Credit card,DSL,no,yes,YES,no,78.08,4078.69,57,East,12/7/2018,No
CUST-14487,Male,1,NO,Y,67,Two year,Electronic check,Fiber optic,NO,YES,No,N,66.73,4460.48,85,North,12/5/2017,No
CUST-12351,Male,0,Y,Y,16,TWO YEAR,Electronic check,No,No,No,No,N,44.05,687.93,32,North,4/11/2017,No
CUST-13373,Male,1,Y,NO,27,Month-to-month,Bank transfer,Fiber optic,YES,No,No,Yes,81.76,2218.95,85,North,12/15/2017,No
CUST-11037,Male,0,no,Y,70,Month-to-month,Bank transfer,Fiber optic,No,No,yes,YES,94.37,6588.78,39,Central,6/18/2021,Yes
CUST-11928,Female,0,No,No,66,Month-to-month,Electronic check,No,No,No,No,YES,11.23,750.61,39,North,3/10/2018,No
CUST-13174,Female,0,no,N,65,Two year,Mailed check,Fiber optic,Yes,Y,No,No,66.67,4322.53,33,Central,7/4/2021,Yes
CUST-13750,Female,0,Y,No,60,Two year,Electronic check,No,No,No,No,No,26.13,1583.39,28,East,1/9/2023,No
CUST-10806,Male,0,NO,Yes,11,Month-to-month,Electronic check,No,No,No,No,NO,41.92,457.94,67,Central,3/6/2022,No
CUST-15734,Male,0,No,N,32,two year,Bank transfer,No,No,No,No,no,11.5,363.27,18,Central,2/3/2021,No
CUST-15278,Female,0,Y,No,70,Month-to-month,Bank transfer,Fiber optic,Y,Y,yes,No,97.65,6844.23,31,North,3/19/2019,Yes
CUST-14456,Male,0,Yes,Yes,4,Two year,Credit card,Fiber optic,No,YES,N,YES,77.4,290.22,47,East,8/21/2020,Yes
CUST-15382,Male,0,N,no,31,One year,Electronic check,Fiber optic,YES,NO,N,N,73.1,2268.81,59,Central,2/23/2021,No
CUST-12690,Male,1,NO,YES,62, Month-to-month ,Credit card,No,No,No,No,N,43.68,2720.26,70,SOUTH,5/6/2022,Yes
CUST-12075,Male,0,no,Yes,0, One year ,Bank transfer,Fiber optic,YES,N,no,yes,82.15,,67,CENTRAL,5/28/2017,No
CUST-14632,Male,0,N,N,42,MONTH-TO-MONTH,Bank transfer,DSL,Y,YES,Yes,yes,58.39,2460.94,67,South,12/30/2022,No
CUST-15254,Male,0,Y,NO,17,Two year,Mailed check,No,No,No,No,NO,38.56,651.44,46,West,5/9/2023,Yes
CUST-12921,Male,1,Yes,NO,63,One year,Mailed check,DSL,NO,No,NO,no,44.74,2833.37,76,North,6/29/2021,No
CUST-14113,Male,0,yes,No,69,Two year,Credit card,DSL,No,YES,Yes,Yes,77.93,5388.43,34,Central,8/23/2023,No
CUST-13341,Female,0,No,Yes,67,month-to-month,Credit card,Fiber optic,NO,no,yes,Yes,83.6,5616.28,27,South,4/21/2023,Yes
CUST-15783,Female,0,YES,Yes,54,One year,Bank transfer,Fiber optic,Y,Yes,N,no,70.63,3826.2,63,Central,3/25/2021,No
CUST-12008,Male,0,Yes,Y,49,Two year,Electronic check,Fiber optic,Yes,Y,NO,NO,92.87,4552.17,26,South,7/29/2023,No
CUST-11780,Female,0,yes,Y,15,month-to-month,Electronic check,No,No,No,No,Yes,37.28,560.47,68,West,2/1/2022,Yes
CUST-10703,Male,0,yes,NO,19,Month-to-month,Mailed check,DSL,YES,no,No,yes,36.45,703.62,26,North,4/11/2018,Yes
CUST-10915,Male,0,no,No,53,month-to-month,Mailed check,Fiber optic,No,yes,No,Yes,82.4,4355.53,26,North,8/31/2019,No
CUST-13356,Female,0,Yes,no,41,Month-to-month,Bank transfer,DSL,N,No,yes,Y,74.33,3066.76,68,SOUTH,6/9/2019,No
CUST-10967,Male,1,no,Y,10,TWO YEAR,Bank transfer,DSL,No,yes,No,YES,56.79,567.11,74,West,1/21/2019,No
CUST-10280,Male,0,NO,No,25,Month-to-month,Credit card,Fiber optic,Y,yes,YES,N,87.62,2197.1,27,West,12/24/2017,Yes
CUST-15329,Male,1,no,No,45,One year,Credit card,Fiber optic,yes,NO,Yes,NO,79.87,3610.28,77,EAST,10/4/2018,Yes
CUST-14844,Male,1,Yes,yes,24,Month-to-month,Bank transfer,DSL,yes,N,NO,Yes,44.58,1064.61,71,West,4/15/2019,No
CUST-12915,Male,1,yes,No,3,ONE YEAR,Mailed check,Fiber optic,YES,yes,N,yes,89.96,265.89,85,West,2/24/2022,Yes
CUST-13261,Male,0,YES,YES,11,month-to-month,Electronic check,Fiber optic,No,No,Y,N,98.86,1093.15,27,North,10/8/2020,Yes
CUST-13248,Female,0,NO,No,18,Month-to-month,Mailed check,DSL,NO,Y,yes,No,55.23,1010.76,46,south,10/13/2017,Yes
CUST-10590,Male,0,YES,yes,68,MONTH-TO-MONTH,Mailed check,Fiber optic,No,yes,Yes,Y,93.72,6382.5,24,south,10/8/2017,Yes
CUST-12320,Female,0,No,Y,14,MONTH-TO-MONTH,Credit card,Fiber optic,Yes,N,no,YES,68.03,946.44,68,south,1/23/2020,Yes
CUST-15676,Female,0,N,Y,32,One year,Credit card,DSL,YES,N,N,Yes,64.45,2044.45,57,West,5/13/2023,No
CUST-13309,Female,0,N,yes,66,One year,Electronic check,Fiber optic,NO,No,N,NO,93.22,6160.97,32,West,3/27/2022,No
CUST-11472,Female,0,Y,N,37,Month-to-month,Credit card,Fiber optic,No,N,Y,No,105.56,3920.51,38,CENTRAL,8/29/2020,Yes
CUST-12589,Male,1,yes,Y,26,Month-to-month,Bank transfer,DSL,yes,Yes,No,yes,60.83,1583.22,72,SOUTH,6/4/2020,Yes
CUST-15140,Female,0,N,Yes,59,Month-to-month,Mailed check,Fiber optic,yes,No,Yes,Y,78.54,4616,46,SOUTH,8/11/2020,No
CUST-13548,Female,0,NO,Y,51,One year,Electronic check,Fiber optic,Y,NO,yes,no,109.67,5591.4,68,CENTRAL,1/25/2018,No
CUST-14303,Male,0,yes,Yes,24,month-to-month,Electronic check,Fiber optic,NO,yes,No,Yes,95.93,2298.69,55,SOUTH,5/8/2021,No
CUST-15534,Female,0,N,Yes,31,Month-to-month,Bank transfer,Fiber optic,NO,NO,yes,Y,104.29,3248.79,50,West,6/14/2022,Yes
CUST-11499,Female,0,N,NO,37,Month-to-month,Electronic check,DSL,N,yes,Yes,yes,56.49,2103.13,65,CENTRAL,12/10/2017,No
CUST-10714,Male,0,NO,N,68,Month-to-month,Bank transfer,DSL,No,yes,yes,No,55.82,3788.55,60,east,9/25/2021,Yes
CUST-11007,Female,0,N,N,55,Month-to-month,Bank transfer,Fiber optic,Yes,Yes,N,No,94.62,5208.95,23,central,1/6/2023,No
CUST-13203,Female,1,no,no,11,Month-to-month,Bank transfer,Fiber optic,Y,yes,No,Y,67.35,739.5,70,South,4/2/2023,Yes
CUST-10002,Male,0,Y,NO,20,MONTH-TO-MONTH,Mailed check,Fiber optic,No,no,no,Y,74.45,1506.02,62,north,9/3/2017,Yes
CUST-12207,Female,0,no,Y,4,Month-to-month,Credit card,DSL,YES,YES,No,no,64.42,270.67,60,West,5/20/2020,Yes
CUST-11726,Female,0,NO,N,6,One year,Bank transfer,No,No,No,No,Y,41.41,261.97,52,South,7/19/2018,No
CUST-12405,Female,0,Yes,YES,17,Month-to-month,Electronic check,DSL,yes,Y,YES,Yes,54.9,930.84,63,North,12/27/2018,Yes
CUST-15757,Male,1,No,Y,49,One year,Bank transfer,Fiber optic,no,No,N,N,98.91,4852.8,81,East,6/2/2022,Yes
CUST-11794,Female,0,No,no,15,TWO YEAR,Bank transfer,DSL,Yes,N,yes,Yes,49.19,757.28,35,CENTRAL,6/24/2017,No
CUST-15080,Female,0,Y,YES,26,TWO YEAR,Credit card,DSL,N,NO,No,No,54.97,1424.11,26,EAST,7/27/2022,No
CUST-15753,Male,0,No,yes,19,TWO YEAR,Electronic check,Fiber optic,yes,Yes,no,No,67.39,1264.02,45,central,5/26/2018,No
CUST-12489,Male,0,NO,No,22,TWO YEAR,Electronic check,Fiber optic,No,yes,Y,N,101.64,2217.37,18,South,3/26/2020,No
CUST-10027,Female,1,no,N,57,two year,Bank transfer,No,No,No,No,NO,29.9,1686.71,73,north,8/3/2021,No
CUST-12693,Female,0,Y,Yes,34,Month-to-month,Credit card,DSL,YES,NO,Y,N,46.66,1590.88,58, West ,12/18/2020,No
CUST-13410,Male,0,N,YES,5,one year,Electronic check,DSL,No,NO,YES,No,54.83,271.84,52,South,9/27/2017,Yes
CUST-10939,Female,0,N,Yes,37,Two year,Bank transfer,DSL,No,N,N,N,46.9,1729.08,60,NORTH,8/22/2018,No
CUST-12098,Male,0,YES,yes,56,ONE YEAR,Electronic check,No,No,No,No,no,35.39,1978.71,48,North,2/9/2019,Yes
CUST-15639,Female,0,Yes,Y,24,Month-to-month,Mailed check,Fiber optic,Y,Yes,YES,Y,106.82,2562.65,45,North,9/2/2019,No
CUST-15131,Female,0,NO,Y,24,Month-to-month,Electronic check,DSL,no,no,N,No,44.12,1053.38,69,north,5/16/2023,No
CUST-13896,Female,1,Yes,N,37,Month-to-month,Credit card,DSL,Y,NO,Y,yes,53.45,1980.63,83,central,3/30/2022,Yes
CUST-11211,Male,0,no,YES,43,ONE YEAR,Electronic check,No,No,No,No,N,32.16,1385.71,43, North ,10/12/2017,No
CUST-11295,Male,0,N,N,5,Month-to-month,Mailed check,Fiber optic,no,YES,No,N,88.86,448.03,61,East,1/5/2023,Yes
CUST-10158,Female,1,N,no,46,month-to-month,Bank transfer,DSL,No,Yes,no,no,50.62,2315.69,74,west,7/1/2018,Yes
CUST-11691,Female,0,Yes,no,64, Month-to-month ,Credit card,No,No,No,No,no,35.86,2285.33,20,Central,9/22/2018,No
CUST-10205,Female,1,No,YES,43,Month-to-month,Electronic check,No,No,No,No,YES,42.28,1817.2,85,West,7/10/2023,Yes
CUST-15998,Male,0,N,No,31,One year,Electronic check,Fiber optic,N,YES,YES,no,102.95,3171.91,68,East,10/7/2020,No
CUST-10405,Male,0,No,Y,24,two year,Credit card,Fiber optic,yes,N,Y,No,79.45,1907.49,24, Central ,8/6/2022,Yes
CUST-10323,Male,0,Y,yes,0,Month-to-month,Bank transfer,Fiber optic,N,NO,YES,No,89.31,,20,South,7/11/2022,Yes
CUST-12911,Male,0,no,yes,50,Two year,Credit card,Fiber optic,N,Yes,yes,no,81.63,4097.31,40,East,6/9/2020,No
CUST-15885,Male,1,NO,Y,13,MONTH-TO-MONTH,Mailed check,Fiber optic,NO,YES,NO,N,93.38,1219.98,77,North,11/5/2018,Yes
CUST-15349,Male,1,Yes,N,71,Month-to-month,Credit card,DSL,Yes,N,Y,No,53.6,3818.84,85,NORTH,8/11/2018,Yes
CUST-11822,Male,1,No,Yes,26,month-to-month,Bank transfer,DSL,no,no,yes,Y,62.28,1601.05,79,South,1/15/2018,Yes
CUST-11089,Female,0,YES,yes,3,Two year,Mailed check,DSL,Y,NO,YES,YES,66.26,186.96,47,CENTRAL,1/11/2023,No
CUST-14611,Male,0,N,NO,24,Two year,Mailed check,No,No,No,No,Y,10.06,233.56,31,South,10/14/2017,Yes
CUST-13384,Female,0,no,N,54,One year,Credit card,Fiber optic,Y,no,N,YES,97.81,5296.47,41,Central,11/25/2019,No
CUST-11394,Female,0,No,yes,48,Month-to-month,Credit card,DSL,No,YES,NO,No,61.12,2925.64,50,West,7/26/2018,Yes
CUST-14184,Female,0,NO,NO,52,Month-to-month,Electronic check,Fiber optic,Y,N,yes,yes,93.66,4858.11,61,West,4/8/2023,No
CUST-12893,Female,0,no,yes,71,Month-to-month,Bank transfer,Fiber optic,N,Yes,Yes,YES,79.27,5617.41,37,central,1/8/2019,Yes
CUST-10739,Male,1,Yes,NO,45,Month-to-month,Bank transfer,Fiber optic,No,yes,Y,NO,83.74,3770.6,75,SOUTH,2/1/2022,No
CUST-14813,Male,0,Y,N,21,Month-to-month,Bank transfer,Fiber optic,Yes,yes,no,Yes,86.25,1830.26,44,WEST,4/25/2022,No
CUST-14754,Male,0,Yes,No,22,MONTH-TO-MONTH,Electronic check,No,No,No,No,yes,36.21,813.39,61,South,4/27/2019,No
CUST-11867,Female,1,No,N,11,Two year,Credit card,Fiber optic,YES,no,NO,no,78.3,865.34,81,South,4/29/2017,No
CUST-11198,Female,0,Yes,Y,30,Two year,Credit card,DSL,N,YES,NO,YES,46.21,1396.06,44,east,11/10/2019,No
CUST-12681,Female,0,NO,N,8,one year,Electronic check,Fiber optic,YES,NO,No,yes,78.52,613.03,39,Central,2/11/2023,No
CUST-13658,Female,1,N,Yes,16,MONTH-TO-MONTH,Mailed check,Fiber optic,N,Yes,YES,NO,103.33,1637.89,70,North,12/17/2018,Yes
CUST-13728,Male,0,YES,NO,29,Two year,Credit card,Fiber optic,Yes,N,N,No,92.91,2701.93,52,West,3/8/2020,Yes
CUST-10716,Male,0,yes,N,29,ONE YEAR,Mailed check,No,No,No,No,no,10.05,285.99,48,South,6/6/2021,No
CUST-12038,Female,0,N,Yes,0,Month-to-month,Credit card,No,No,No,No,No,27.1,,45,East,4/11/2019,No
CUST-12575,Male,0,No,YES,29,Two year,Mailed check,Fiber optic,NO,Y,yes,No,89.9,2622.82,43,North,4/18/2019,No
CUST-14475,Female,0,Y,N,5,month-to-month,Credit card,Fiber optic,N,N,yes,No,88.85,436.84,40,West,5/30/2019,No
CUST-15317,Female,0,no,No,64,ONE YEAR,Bank transfer,DSL,Yes,No,no,Y,52.42,3354.78,57,South,12/26/2021,Yes
CUST-10461,Male,0,Y,Yes,13,Month-to-month,Bank transfer,Fiber optic,No,NO,YES,yes,102.84,1325.32,24,West,3/21/2020,Yes
CUST-14916,Male,1,YES,NO,43,One year,Mailed check,No,No,No,No,No,40.18,1722.27,85,South,6/9/2022,No
CUST-15578,Female,1,no,no,18,Month-to-month,Electronic check,Fiber optic,No,No,Yes,yes,98.52,1779.71,73,West,6/27/2020,Yes
CUST-15617,Female,0,no,NO,34,month-to-month,Mailed check,No,No,No,No,Y,35.1,1181.73,68,SOUTH,2/19/2019,Yes
CUST-14037,Female,0,YES,NO,14,Month-to-month,Mailed check,DSL,No,Yes,N,N,46.26,657.5,34,North,5/10/2017,Yes
CUST-12372,Male,0,Y,yes,37,MONTH-TO-MONTH,Bank transfer,No,No,No,No,yes,20.16,754.29,22,Central,2/19/2021,Yes
CUST-14099,Female,0,N,No,58,Two year,Electronic check,Fiber optic,Y,yes,YES,No,80,4621.14,66,SOUTH,8/9/2021,No
CUST-11645,Male,0,yes,Y,56,month-to-month,Mailed check,DSL,YES,yes,Y,yes,53.28,2965.68,68,East,8/13/2019,No
CUST-13756,Male,1,YES,Y,67,Month-to-month,Mailed check,No,No,No,No,no,30.61,2060.09,83,East,4/27/2017,No
CUST-15516,Female,0,Yes,yes,2,Two year,Electronic check,DSL,NO,No,N,Y,63.65,117.35,45,north,6/26/2021,Yes
CUST-14276,Female,0,Y,YES,31,One year,Bank transfer,DSL,Y,Yes,yes,Y,67.56,2087.83,43,Central,11/18/2022,No
CUST-12205,Female,0,NO,NO,42,one year,Electronic check,Fiber optic,NO,Yes,N,Yes,96.14,4051.03,53,South,10/30/2017,No
CUST-14384,Male,0,no,yes,62,Two year,Bank transfer,Fiber optic,yes,YES,YES,Y,100.43,6243.43,26,South,3/25/2019,No
CUST-13924,Female,0,YES,yes,50,Month-to-month,Electronic check,No,No,No,No,Yes,10.66,520.5,23,North,6/18/2021,No
CUST-15596,Female,0,N,Yes,69,Month-to-month,Credit card,DSL,yes,NO,N,Yes,68.54,4716.61,22,North,9/21/2022,No
CUST-15696,Male,1,Y,no,61,Two year,Bank transfer,No,No,No,No,yes,41.84,2537.91,75,Central,5/2/2020,No
CUST-12822,Male,0,No,No,28,Month-to-month,Mailed check,No,No,No,No,YES,34.84,964.47,62,South,5/19/2018,Yes
CUST-15418,Female,1,NO,N,49,Two year,Credit card,Fiber optic,Yes,YES,no,YES,74.79,3661.35,70,west,8/29/2018,Yes
CUST-12300,Male,1,no,YES,9,Month-to-month,Credit card,DSL,Yes,Y,NO,yes,69.19,611.39,78,West,10/11/2018,No
CUST-11305,Female,1,No,N,28,Month-to-month,Electronic check,Fiber optic,N,No,Yes,Y,103.17,2889.16,76,east,7/17/2017,No
CUST-13623,Female,0,Yes,yes,59,two year,Mailed check,DSL,YES,NO,yes,NO,73.91,4354.88,37,South,1/5/2023,No
CUST-10782,Female,0,yes,YES,10,MONTH-TO-MONTH,Electronic check,Fiber optic,Y,N,N,no,88.6,882.83,58,South,12/17/2019,Yes
CUST-10084,Female,0,No,yes,15,One year,Credit card,No,No,No,No,no,23.88,347.77,38, East ,9/29/2020,No
CUST-13302,Male,0,no,no,36,One year,Bank transfer,DSL,No,YES,Yes,yes,74.45,2686.97,40, Central ,2/15/2023,No
CUST-15988,Female,0,no,YES,67,Month-to-month,Credit card,DSL,Yes,no,N,Yes,45.92,3090.39,63,south,9/25/2020,Yes
CUST-13795,Male,0,No,yes,47,ONE YEAR,Credit card,No,No,No,No,yes,15.27,729.06,55,WEST,1/2/2023,No
CUST-10353,Female,0,NO,No,21,Month-to-month,Mailed check,DSL,NO,NO,No,no,69.63,1450.63,25, East ,11/27/2023,No
CUST-11436,Male,0,no,YES,17,Month-to-month,Credit card,No,No,No,No,No,44.03,734.83,56,East,2/5/2019,No
CUST-10251,Male,0,no,YES,19,MONTH-TO-MONTH,Electronic check,Fiber optic,N,no,Y,YES,93.99,1798.19,52,West,10/16/2017,No
CUST-11995,Male,0,NO,NO,15,Month-to-month,Credit card,Fiber optic,N,no,NO,no,78.94,1196.87,50,West,11/9/2021,No
CUST-11593,Male,0,Yes,NO,71,One year,Bank transfer,No,No,No,No,Y,29.28,2060.66,69,south,11/15/2020,No
CUST-10571,Male,0,NO,Yes,63,one year,Bank transfer,DSL,no,N,YES,Y,59.63,3773.91,68,WEST,6/14/2020,No
CUST-11969,Female,0,Yes,N,0,month-to-month,Electronic check,Fiber optic,No,N,Yes,Y,97.34,,42,west,3/28/2021,Yes
CUST-12668,Male,1,N,YES,55,One year,Mailed check,No,No,No,No,Y,14.87,803.94,83,west,9/13/2019,No
CUST-15832,Male,0,Y,Yes,1,Month-to-month,Credit card,Fiber optic,Yes,NO,YES,Y,76.19,78.6,42,South,9/28/2019,Yes
CUST-10532,Male,0,Yes,NO,34,One year,Credit card,DSL,YES,YES,N,YES,50.81,1725.36,59,NORTH,3/7/2018,No
CUST-11022,Female,0,N,NO,43, Two year ,Electronic check,No,No,No,No,No,42.08,1828.29,53,North,9/18/2019,No
CUST-10730,Female,0,Yes,yes,72,Month-to-month,Electronic check,DSL,NO,Yes,Y,Y,75.25,5419.15,56,West,7/12/2019,No
CUST-13382,Female,1,no,YES,63,One year,Credit card,Fiber optic,No,yes,N,N,73.45,4633.58,76,Central,12/4/2017,No
CUST-10900,Female,0,Yes,NO,71,Month-to-month,Credit card,No,No,No,No,yes,30.7,2188.46,26,South,11/28/2017,No
CUST-12354,Female,0,NO,yes,49,Month-to-month,Credit card,DSL,no,N,N,Y,46.69,2287.39,25,East,1/11/2023,Yes
CUST-14028,Female,0,Yes,N,66,Two year,Mailed check,Fiber optic,NO,Yes,no,NO,89.77,5915.16,23,South,4/11/2021,Yes
CUST-11157,Male,0,No,Y,48,month-to-month,Bank transfer,DSL,Y,no,YES,yes,63.52,3058.51,19,West,3/11/2021,No
CUST-15968,Female,1,Y,yes,1,Month-to-month,Bank transfer,Fiber optic,no,Yes,no,yes,67.22,83.52,75,South,4/15/2019,Yes
CUST-15299,Male,0,No,Yes,3,Two year,Bank transfer,DSL,NO,N,Yes,yes,48.14,155.46,59,North,4/29/2017,No
CUST-13462,Male,0,Y,NO,46,One year,Bank transfer,No,No,No,No,yes,43.24,1990.1,53,Central,9/13/2018,No
CUST-12828,Male,0,Y,No,30,Month-to-month,Electronic check,Fiber optic,yes,N,Y,Yes,79.1,2360.23,21, South ,8/8/2020,Yes
CUST-13212,Female,0,no,no,16,Month-to-month,Electronic check,No,No,No,No,yes,43.06,677.25,48,East,5/26/2018,No
CUST-11392,Male,1,No,Yes,20,ONE YEAR,Electronic check,DSL,Y,Y,Y,N,53.41,1064.84,84,East,9/8/2019,No
CUST-15186,Female,0,No,NO,22,MONTH-TO-MONTH,Mailed check,Fiber optic,no,YES,Y,No,107.2,2344.45,50,east,12/28/2022,Yes
CUST-13386,Male,1,Y,NO,2,Two year,Bank transfer,Fiber optic,Y,No,No,Yes,66.29,140.2,73,north,8/21/2023,No
CUST-15422,Female,0,Y,NO,44,month-to-month,Credit card,DSL,NO,Y,YES,Y,50.49,2238.67,37,East,6/4/2023,No
CUST-13976,Female,0,yes,no,29,Month-to-month,Mailed check,DSL,YES,NO,no,No,63.46,1849.89,58,west,8/10/2021,No
CUST-10326,Male,0,NO,no,22,MONTH-TO-MONTH,Mailed check,DSL,Yes,yes,Yes,no,54.08,1205.85,44,SOUTH,12/23/2018,No
CUST-14676,Female,0,N,NO,44,Two year,Mailed check,No,No,No,No,no,28.47,1235.94,49,west,3/8/2023,No
CUST-12940,Female,0,Y,YES,19,Two year,Credit card,Fiber optic,yes,NO,Yes,No,75.51,1444.53,32,West,10/27/2022,No
CUST-11206,Male,0,Y,N,0,Month-to-month,Mailed check,Fiber optic,Yes,No,YES,N,81.76,,51,NORTH,10/16/2023,No
CUST-10097,Male,0,No,no,31,Month-to-month,Mailed check,DSL,Y,Y,no,N,48.85,1523.85,30,south,11/17/2018,No
CUST-10860,Female,0,yes,N,38,Month-to-month,Electronic check,Fiber optic,No,N,Y,No,95.88,3625.08,61,Central,8/8/2022,Yes
CUST-11254,Female,1,No,Yes,19,Two year,Mailed check,Fiber optic,N,Yes,NO,no,74.67,1418.59,71,East,4/18/2023,No
CUST-11925,Female,0,YES,YES,38,One year,Mailed check,DSL,N,yes,yes,NO,62.85,2405.88,48,EAST,10/14/2020,No
CUST-11083,Female,0,NO,No,34,Month-to-month,Bank transfer,No,No,No,No,Yes,12.75,438.33,41,South,9/30/2019,Yes
CUST-13743,Female,0,No,YES,35, Month-to-month ,Bank transfer,DSL,yes,no,yes,N,52.36,1828.21,43,North,3/14/2023,Yes
CUST-12152,Male,0,YES,yes,13, Month-to-month ,Bank transfer,No,No,No,No,No,23.99,319.32,58,south,6/15/2020,Yes
CUST-14770,Female,0,YES,YES,18, Month-to-month ,Bank transfer,Fiber optic,Yes,yes,Y,Yes,107.07,1930.05,51,South,5/13/2023,No
CUST-13560,Female,0,N,N,42,Month-to-month,Credit card,Fiber optic,yes,no,Y,No,109.08,4599.7,33,South,11/13/2022,Yes
CUST-13901,Female,0,Y,no,22,Two year,Mailed check,Fiber optic,yes,No,No,YES,68.25,1517.95,34,Central,3/24/2023,No
CUST-10196,Male,0,yes,NO,52,Two year,Bank transfer,Fiber optic,NO,yes,yes,YES,96.2,5006.89,56,North,4/25/2021,Yes
CUST-12385,Male,1,N,No,16,One year,Electronic check,Fiber optic,Yes,yes,Yes,yes,75.62,1220.12,84,Central,9/27/2018,No
CUST-15453,Male,0,N,N,1, Two year ,Bank transfer,No,No,No,No,N,18.62,10.87,36,North,7/10/2022,No
CUST-11072,Male,0,Y,YES,64,One year,Credit card,DSL,Yes,N,N,No,56.61,3617.06,54,South,6/15/2022,No
CUST-13074,Female,0,No,yes,27,One year,Bank transfer,DSL,yes,No,No,NO,66.16,1794.44,38,west,3/21/2021,No
CUST-14423,Male,1,Y,Y,52,Month-to-month,Bank transfer,No,No,No,No,No,37.88,1958.38,81,North,3/23/2017,No
CUST-10763,Female,0,YES,yes,41,One year,Credit card,No,No,No,No,No,13.55,558.13,24,east,12/4/2019,No
CUST-13159,Male,1,N,Y,68, Two year ,Mailed check,No,No,No,No,NO,37.45,2538.25,77,South,11/20/2020,No
CUST-15778,Male,0,YES,no,39,Month-to-month,Electronic check,No,No,No,No,Yes,13.92,562.79,35,East,1/4/2023,Yes
CUST-13680,Male,0,Y,No,47,Two year,Mailed check,Fiber optic,Yes,No,Yes,yes,105.17,4955.68,61, North ,2/29/2020,Yes
CUST-15250,Male,0,No,Yes,45,Month-to-month,Electronic check,Fiber optic,NO,no,Y,YES,75.45,3382.71,18,North,8/20/2019,Yes
CUST-14234,Male,0,No,NO,7, Month-to-month ,Credit card,No,No,No,No,No,25.48,186.07,41,East,4/23/2020,No
CUST-12759,Male,0,Yes,Y,23,Month-to-month,Electronic check,DSL,Y,Yes,YES,No,79.23,1839.43,30,North,8/10/2017,Yes
CUST-12907,Male,0,no,NO,55,month-to-month,Electronic check,Fiber optic,Y,N,Yes,No,75.92,4191.87,50,Central,12/2/2020,Yes
CUST-12535,Male,0,Y,YES,47,One year,Electronic check,Fiber optic,NO,Yes,no,N,84.31,3955.68,57,North,9/11/2022,No
CUST-10092,Female,0,Y,no,66,MONTH-TO-MONTH,Credit card,DSL,YES,Yes,YES,Y,72.39,4772.18,33,NORTH,5/12/2018,Yes
CUST-14689,Female,0,no,no,37,One year,Mailed check,Fiber optic,Yes,NO,Y,Y,84.37,3106.25,49,East,3/23/2022,No
CUST-15086,Female,0,no,NO,32,Month-to-month,Electronic check,DSL,N,YES,no,Y,53.36,1693.41,69,North,2/24/2019,No
CUST-11473,Male,1,Y,YES,6,month-to-month,Bank transfer,Fiber optic,Y,yes,N,NO,75.22,469.72,85,Central,9/16/2018,No
CUST-10385,Female,0,YES,YES,63,One year,Credit card,DSL,N,No,No,Yes,63.89,4010.62,38,East,1/13/2019,Yes
CUST-12947,Male,0,yes,YES,38,Month-to-month,Credit card,Fiber optic,Yes,NO,No,Yes,83.84,3198.54,49, East ,7/31/2020,No
CUST-11688,Male,0,yes,no,30,Two year,Credit card,No,No,No,No,no,10.7,323.06,34,North,4/29/2020,No
CUST-13631,Female,0,NO,NO,61,Month-to-month,Credit card,Fiber optic,Yes,N,N,Yes,67.42,4116.5,59,south,6/23/2021,No
CUST-12988,Female,0,YES,NO,35,Two year,Bank transfer,Fiber optic,YES,NO,NO,No,70.41,2471.71,19,West,9/29/2018,No
CUST-14391,Female,0,no,yes,67,One year,Electronic check,Fiber optic,YES,No,yes,NO,81.46,5455.37,20,South,12/10/2020,No
CUST-15920,Male,0,NO,Y,53,Month-to-month,Credit card,Fiber optic,YES,NO,Y,NO,82.1,4359.89,46,NORTH,3/4/2018,No
CUST-13205,Female,0,No,N,14,two year,Credit card,Fiber optic,Y,No,yes,N,105.45,1463.96,39, West ,3/11/2022,No
CUST-11060,Male,0,N,No,29,Month-to-month,Bank transfer,Fiber optic,Y,Y,NO,NO,69.07,1983.04,52, Central ,10/8/2020,No
CUST-14150,Female,1,N,no,11,Month-to-month,Mailed check,No,No,No,No,Yes,43.95,473.55,82,North,6/5/2017,Yes
CUST-10456,Female,0,YES,YES,57,ONE YEAR,Electronic check,DSL,NO,N,No,NO,54.48,3104.99,33,Central,9/17/2019,Yes
CUST-12464,Male,0,N,No,7,Month-to-month,Credit card,No,No,No,No,N,44.8,328.64,37,NORTH,3/6/2019,No
CUST-12614,Male,0,yes,N,56,two year,Bank transfer,DSL,yes,Yes,Yes,YES,62.52,3515.27,61,East,2/27/2022,No
CUST-12689,Female,0,No,Y,23,month-to-month,Credit card,DSL,no,Y,Y,N,79.34,1815.13,54,East,6/6/2021,No
CUST-15805,Female,0,Yes,yes,19,Two year,Electronic check,Fiber optic,yes,No,Yes,No,105.67,1995.15,21,North,12/27/2022,No
CUST-14767,Female,0,Y,yes,15,One year,Electronic check,Fiber optic,Y,yes,No,N,68.33,1037.15,50,WEST,11/10/2020,Yes
CUST-15718,Female,0,yes,no,10,MONTH-TO-MONTH,Credit card,DSL,No,N,N,N,65.26,671.28,23,Central,3/3/2017,Yes
CUST-13094,Female,0,YES,YES,9,Month-to-month,Mailed check,Fiber optic,yes,YES,no,No,94.4,857.45,26,NORTH,9/26/2023,Yes
CUST-14081,Female,0,No,No,8,One year,Credit card,No,No,No,No,YES,29.25,214.77,41,East,4/3/2017,No
CUST-11792,Male,0,yes,YES,27,One year,Bank transfer,DSL,N,no,yes,no,75.62,2025.52,19,Central,7/3/2021,No
CUST-11690,Male,1,Y,yes,55,Month-to-month,Electronic check,DSL,no,No,no,no,46.89,2591.56,78,WEST,11/25/2021,No
CUST-12386,Female,0,YES,N,7,Month-to-month,Bank transfer,Fiber optic,YES,NO,No,N,77.26,538.29,49,WEST,5/13/2017,Yes
CUST-12344,Male,0,Yes,yes,45,Two year,Credit card,Fiber optic,N,N,Y,Y,84.81,3822.85,49,East,9/10/2019,No
CUST-10270,Male,0,N,yes,20,Month-to-month,Credit card,DSL,no,Y,NO,no,47.57,935.24,41,West,3/4/2018,No
CUST-11799,Male,0,no,YES,61,month-to-month,Mailed check,Fiber optic,No,Yes,Y,Yes,80.37,4897.3,53,East,9/11/2017,No
CUST-12875,Male,0,Yes,NO,4,Month-to-month,Mailed check,No,No,No,No,Yes,11.48,52.63,33,West,3/14/2023,Yes
CUST-10359,Male,0,NO,No,0,Two year,Mailed check,Fiber optic,yes,Y,No,NO,70.06,,38,East,6/28/2022,No
CUST-13539,Female,0,N,no,1,MONTH-TO-MONTH,Bank transfer,Fiber optic,Yes,no,YES,N,94.94,81.42,58,East,2/11/2019,No
CUST-15412,Female,0,No,No,59,One year,Bank transfer,Fiber optic,Y,Y,no,yes,82.11,4845.95,20,South,5/28/2023,No
CUST-15689,Male,0,Yes,yes,61,Month-to-month,Mailed check,DSL,no,N,YES,yes,56.14,3428,54,West,2/20/2023,Yes
CUST-11400,Female,0,N,Y,53,One year,Bank transfer,No,No,No,No,N,42.7,2252.66,34, East ,5/9/2019,No
CUST-12580,Male,1,N,Y,11, Month-to-month ,Electronic check,DSL,no,yes,yes,N,77.5,869.51,82,West,7/6/2023,No
CUST-15514,Male,1,No,NO,10,Two year,Mailed check,DSL,No,N,yes,yes,63.22,651.75,83,Central,1/7/2018,Yes
CUST-12745,Male,0,YES,N,14,Two year,Credit card,Fiber optic,yes,no,No,yes,66.87,941.03,25,SOUTH,10/16/2020,No
CUST-12587,Male,0,No,Y,15,Month-to-month,Mailed check,Fiber optic,Yes,NO,No,yes,68.58,1036.49,55,South,2/19/2022,No
CUST-15613,Male,0,NO,no,42,month-to-month,Mailed check,Fiber optic,yes,YES,yes,Y,102.08,4303.63,23,SOUTH,11/29/2022,Yes
CUST-15308,Female,0,Yes,No,61,Two year,Mailed check,DSL,Yes,YES,YES,N,65.17,3981.4,40,Central,10/15/2018,No
CUST-13617,Female,0,yes,NO,68,Month-to-month,Electronic check,Fiber optic,no,No,yes,YES,91.35,6195.28,69,central,11/18/2019,No
CUST-13958,Female,0,No,No,28,Month-to-month,Electronic check,DSL,No,No,Y,YES,57.63,1629.37,65,East,1/20/2019,Yes
CUST-12313,Male,0,Y,Yes,4,Two year,Credit card,No,No,No,No,No,40.06,167.89,53,West,11/3/2018,No
CUST-15990,Male,0,Yes,N,5,MONTH-TO-MONTH,Electronic check,Fiber optic,Y,NO,yes,No,101.86,526.56,49,east,10/22/2020,Yes
CUST-11050,Female,0,N,NO,8,Month-to-month,Credit card,Fiber optic,No,no,no,yes,76.28,596.6,42,Central,12/29/2022,No
CUST-15371,Female,0,NO,Yes,70,Month-to-month,Electronic check,Fiber optic,no,Y,NO,Yes,70.07,4914.11,54,NORTH,10/2/2019,No
CUST-11650,Male,0,YES,Yes,6,Month-to-month,Electronic check,No,No,No,No,NO,20.68,111.91,38,West,2/27/2019,Yes
CUST-11704,Male,0,yes,yes,3,month-to-month,Mailed check,DSL,Yes,yes,Y,YES,60.63,169.98,63,North,1/19/2019,No
CUST-12484,Female,0,no,No,41,One year,Credit card,Fiber optic,Y,N,N,No,93.75,3836.45,34,west,9/9/2018,Yes
CUST-15788,Male,0,no,NO,36,Month-to-month,Mailed check,DSL,Y,No,Y,Y,59.88,2154.8,29,Central,11/9/2023,No
CUST-11756,Female,1,NO,Y,1,ONE YEAR,Credit card,No,No,No,No,Yes,19.35,9.95,77,North,1/17/2020,Yes
CUST-13734,Male,0,yes,Y,14,Month-to-month,Electronic check,DSL,Yes,yes,Y,No,61.77,845.94,38,South,6/22/2023,Yes
CUST-14934,Male,0,yes,N,28,One year,Credit card,Fiber optic,yes,Y,no,N,84.07,2365.92,66,Central,6/30/2020,Yes
CUST-11356,Female,0,no,no,22,One year,Mailed check,DSL,no,yes,yes,no,66.26,1452.49,23,central,6/29/2020,No
CUST-12789,Male,0,NO,NO,6,MONTH-TO-MONTH,Electronic check,No,No,No,No,Yes,27.81,185.84,39,east,11/15/2018,Yes
CUST-15348,Male,0,No,no,10,Month-to-month,Electronic check,Fiber optic,yes,N,Y,NO,104.82,1048.97,67,north,6/9/2022,Yes
CUST-15179,Female,0,NO,No,72,Two year,Mailed check,Fiber optic,No,YES,Yes,NO,104.28,7526.78,60,North,5/8/2020,No
CUST-12839,Female,1,Y,N,15,One year,Electronic check,DSL,N,Y,YES,N,66.8,993.89,77,West,10/4/2022,No
CUST-15377,Male,1,Yes,yes,45,month-to-month,Bank transfer,Fiber optic,N,yes,YES,Y,83.94,3786.32,83,East,12/19/2017,Yes
CUST-13113,Female,0,No,N,46,One year,Electronic check,DSL,No,no,No,Yes,68.53,3154.91,34,north,9/1/2020,No
CUST-15719,Female,0,YES,Y,42,Month-to-month,Bank transfer,No,No,No,No,Yes,28.12,1183.94,27, North ,6/5/2023,No
CUST-15394,Female,1,no,NO,30,ONE YEAR,Credit card,DSL,N,No,Y,Yes,72.72,2169.31,70,EAST,5/27/2019,No
CUST-11296,Female,0,No,YES,0,One year,Bank transfer,Fiber optic,N,YES,Y,N,79.38,,22,East,4/3/2021,Yes
CUST-11804,Male,0,No,NO,7,Month-to-month,Mailed check,Fiber optic,No,YES,YES,Yes,90.26,621.08,27,NORTH,3/15/2020,Yes
CUST-12442,Male,0,N,yes,67,One year,Mailed check,No,No,No,No,N,11.16,767.04,41,South,6/2/2019,No
CUST-11800,Male,0,Y,No,24,Month-to-month,Electronic check,Fiber optic,Yes,No,Yes,no,99.86,2405.02,22,East,5/18/2018,Yes
CUST-12452,Male,0,yes,N,27,TWO YEAR,Electronic check,DSL,N,N,yes,Y,59.67,1609.5,31,South,2/19/2019,Yes
CUST-10431,Male,0,N,YES,41,Month-to-month,Electronic check,DSL,Yes,Y,Y,Y,64.63,2649.16,62,West,12/9/2017,No
CUST-12851,Male,0,yes,Y,50, Two year ,Credit card,No,No,No,No,Y,20.62,1047.71,48,EAST,2/16/2022,Yes
CUST-15311,Female,0,no,no,67,Month-to-month,Bank transfer,No,No,No,No,NO,35.67,2374.9,68,Central,7/2/2018,Yes
CUST-12040,Male,0,NO,yes,5,Month-to-month,Mailed check,Fiber optic,Yes,No,Y,Y,79.08,409.37,23,East,9/17/2020,Yes
CUST-11431,Female,0,NO,N,36,One year,Electronic check,Fiber optic,NO,no,No,Yes,67.14,2435.07,24,west,7/26/2019,No
CUST-10164,Female,1,Y,NO,50,One year,Credit card,Fiber optic,no,Y,YES,N,100.75,5051.7,73,SOUTH,5/5/2021,No
CUST-10911,Female,0,YES,Y,38,One year,Bank transfer,Fiber optic,Yes,Y,YES,Yes,100.54,3823.85,40,West,2/22/2021,No
CUST-12371,Female,0,Yes,Yes,54,month-to-month,Bank transfer,Fiber optic,Y,YES,yes,YES,75.77,4099.49,24,CENTRAL,8/16/2020,Yes
CUST-15603,Female,0,no,yes,71,One year,Electronic check,No,No,No,No,yes,16.86,1199.36,39,WEST,1/5/2023,No
CUST-15827,Female,0,No,Y,6,Two year,Mailed check,No,No,No,No,NO,30.71,174.75,43,Central,11/30/2020,Yes
CUST-11595,Male,0,NO,no,56,Month-to-month,Credit card,Fiber optic,N,Yes,YES,Yes,83.22,4669.68,30,North,1/18/2023,Yes
CUST-13518,Male,1,Yes,NO,4,One year,Electronic check,Fiber optic,N,YES,No,NO,67.87,257.9,76,WEST,8/3/2022,Yes
CUST-13224,Female,0,YES,YES,20,Month-to-month,Electronic check,DSL,no,Yes,No,Yes,58.19,1164.57,41,East,2/13/2019,No
CUST-12754,Male,1,yes,N,0,Month-to-month,Bank transfer,DSL,N,YES,No,yes,64.49,,80,Central,6/24/2021,No
CUST-11950,Female,1,NO,no,20,Two year,Bank transfer,DSL,Y,yes,Yes,YES,54.79,1079.16,81,central,12/18/2022,No
CUST-10069,Female,1,YES,No,16,Two year,Credit card,Fiber optic,NO,no,N,No,66.36,1070.3,85,CENTRAL,2/4/2018,No
CUST-11570,Male,0,NO,Yes,53,MONTH-TO-MONTH,Credit card,DSL,N,No,YES,NO,53.73,2849.39,20,Central,10/25/2020,Yes
CUST-12019,Male,0,yes,yes,29,MONTH-TO-MONTH,Electronic check,DSL,YES,YES,no,no,64.23,1881.73,20,West,4/5/2017,No
CUST-10311,Male,0,no,Y,3,Month-to-month,Electronic check,No,No,No,No,yes,18.16,60.86,22, South ,10/27/2018,Yes
CUST-13599,Male,0,no,Y,46,Two year,Mailed check,Fiber optic,no,No,NO,yes,71.45,3290.85,40, North ,2/12/2020,Yes
CUST-11641,Female,0,Yes,yes,13, Month-to-month ,Credit card,Fiber optic,Yes,yes,N,No,95.55,1243.47,57,EAST,1/18/2022,Yes
CUST-11738,Male,0,no,Y,19,Two year,Bank transfer,DSL,YES,no,Y,No,79.77,1520.14,18,CENTRAL,12/7/2020,No
CUST-10166,Male,0,N,YES,24,Month-to-month,Mailed check,Fiber optic,NO,Yes,No,N,77.36,1852.45,55,North,9/3/2021,No
CUST-12032,Male,0,YES,No,22, Month-to-month ,Mailed check,Fiber optic,No,no,yes,No,86.94,1896.53,26,central,3/24/2018,Yes
CUST-10103,Male,0,N,NO,8,Two year,Credit card,DSL,yes,YES,NO,no,54.81,437.89,39,WEST,5/18/2023,No
CUST-15353,Female,1,YES,YES,66,two year,Bank transfer,Fiber optic,yes,No,NO,Y,67.89,4494.91,72,North,12/23/2021,No
CUST-10085,Female,0,Y,NO,26,Month-to-month,Credit card,DSL,no,Y,yes,Y,64.94,1678.27,53,West,2/19/2020,No
CUST-14197,Male,0,no,NO,67,MONTH-TO-MONTH,Mailed check,Fiber optic,No,NO,No,no,67.82,4552.52,22,West,12/25/2017,No
CUST-13254,Male,0,N,No,39, Month-to-month ,Credit card,Fiber optic,yes,no,No,no,69.28,2719.04,64,South,2/1/2020,No
CUST-14596,Male,0,Y,yes,30,MONTH-TO-MONTH,Credit card,DSL,YES,No,N,No,51.02,1522.85,18,North,8/28/2018,Yes
CUST-13256,Female,0,Y,No,47,ONE YEAR,Mailed check,DSL,N,Yes,Y,No,69.71,3275.09,42,West,5/17/2022,Yes
CUST-12210,Male,0,No,yes,35,Month-to-month,Electronic check,Fiber optic,No,Yes,No,YES,66.42,2322.84,50,West,5/22/2021,Yes
CUST-13053,Male,0,NO,No,52,Month-to-month,Mailed check,DSL,no,yes,YES,N,60.91,3186.23,60,North,5/3/2018,Yes
CUST-10491,Female,0,Y,N,32,Month-to-month,Bank transfer,Fiber optic,NO,Yes,YES,no,82.33,2645.39,53,South,4/23/2020,No
CUST-15130,Female,0,yes,YES,57,Month-to-month,Electronic check,DSL,no,YES,Y,NO,46.97,2664.23,50,east,7/4/2023,No
CUST-15499,Female,1,No,NO,36,Month-to-month,Credit card,Fiber optic,Yes,No,NO,Y,67.02,2424.45,78,EAST,1/15/2018,Yes
CUST-14044,Female,0,N,no,4,Two year,Bank transfer,Fiber optic,yes,yes,Y,no,79.32,325.78,21,South,11/16/2021,Yes
CUST-13917,Male,0,Yes,Yes,34,One year,Bank transfer,No,No,No,No,Y,18.01,608.89,28,SOUTH,6/27/2020,No
CUST-11012,Female,0,yes,no,32,Month-to-month,Bank transfer,DSL,N,N,no,Yes,58.6,1861.22,32,West,10/6/2019,Yes
CUST-11944,Female,0,Y,N,56,One year,Mailed check,Fiber optic,Yes,No,Y,Y,92.55,5194.29,54,west,5/14/2021,No
CUST-14328,Female,0,NO,yes,38,MONTH-TO-MONTH,Bank transfer,DSL,No,Yes,No,N,39.28,1494.51,42,WEST,11/30/2021,Yes
CUST-10081,Male,0,Yes,N,6, Month-to-month ,Electronic check,Fiber optic,yes,No,YES,YES,95.21,582.16,38,central,4/6/2021,Yes
CUST-13088,Male,0,Y,N,38,month-to-month,Credit card,DSL,Yes,NO,No,YES,69.65,2665.84,47,East,5/4/2019,No
CUST-12533,Male,0,NO,no,35,MONTH-TO-MONTH,Electronic check,Fiber optic,YES,no,N,no,79.58,2772.21,38,East,2/24/2020,Yes
CUST-11992,Female,0,Y,Y,37,Month-to-month,Credit card,DSL,Yes,Yes,YES,no,45.29,1693.59,39,West,10/4/2023,Yes
CUST-13945,Male,0,Yes,no,5,Month-to-month,Credit card,Fiber optic,yes,no,No,Y,77.03,377.51,19,EAST,1/30/2018,No
CUST-15392,Male,1,yes,Yes,36,month-to-month,Credit card,Fiber optic,Y,YES,Y,YES,88.42,3174.98,82,Central,11/26/2019,No
CUST-12914,Female,0,yes,NO,21,month-to-month,Bank transfer,No,No,No,No,Yes,10.4,199.19,49,West,10/10/2023,No
CUST-12675,Male,0,N,No,42,Month-to-month,Electronic check,DSL,NO,Y,YES,no,60.74,2547.79,47,East,12/26/2019,No
CUST-10127,Male,0,Y,NO,66,Month-to-month,Electronic check,No,No,No,No,N,13.94,906.03,54,North,4/29/2017,No
CUST-10448,Male,0,NO,yes,44,Month-to-month,Credit card,Fiber optic,N,no,No,YES,91.71,4020.58,67,West,4/2/2020,No
CUST-12925,Female,0,Y,Yes,58,two year,Bank transfer,No,No,No,No,N,31.29,1826.12,30,South,4/10/2019,No
CUST-11271,Female,0,YES,NO,14,one year,Mailed check,Fiber optic,Yes,YES,No,No,66.75,923.35,36,South,7/14/2019,No
CUST-12771,Male,0,N,yes,51,month-to-month,Electronic check,No,No,No,No,No,27.64,1397.2,68,east,7/4/2021,No
CUST-14311,Female,0,YES,N,55,MONTH-TO-MONTH,Bank transfer,DSL,Yes,Y,YES,Y,71.34,3918.01,49,North,11/23/2018,Yes
CUST-14882,Male,1,Yes,YES,70,One year,Bank transfer,DSL,no,Y,No,No,36.36,2531.51,75,west,2/24/2022,No
CUST-15409,Male,0,yes,No,65,Month-to-month,Mailed check,No,No,No,No,no,20.46,1334.32,41,NORTH,11/19/2021,No
CUST-11966,Female,0,No,YES,48,One year,Bank transfer,Fiber optic,N,NO,NO,no,71.57,3432.38,51,south,11/21/2020,No
CUST-14204,Male,0,N,NO,27,Two year,Mailed check,DSL,NO,No,no,YES,35.43,963.91,66,EAST,7/14/2019,Yes
CUST-10846,Female,0,YES,N,23,One year,Bank transfer,No,No,No,No,N,41.5,937.75,18,south,8/10/2020,No
CUST-14593,Female,0,Yes,no,4,Two year,Bank transfer,Fiber optic,YES,N,YES,yes,105.58,409.8,57,Central,4/26/2022,Yes
CUST-12635,Male,0,NO,YES,58,Two year,Mailed check,Fiber optic,Yes,no,NO,Y,68.21,3974.65,36,Central,8/30/2023,No
CUST-12181,Male,0,N,NO,9,One year,Credit card,Fiber optic,No,NO,YES,no,99.37,898.19,49, Central ,5/5/2018,No
CUST-12544,Male,0,Yes,Yes,11,one year,Electronic check,No,No,No,No,yes,42.04,446.63,54,North,9/20/2018,No
CUST-13997,Male,0,Y,yes,21,One year,Credit card,DSL,NO,Yes,YES,yes,57.23,1200.15,61,west,6/23/2019,No
CUST-10451,Female,1,Y,NO,14,One year,Credit card,Fiber optic,Yes,YES,NO,Y,80.22,1121.67,71,North,7/23/2022,No
CUST-12904,Female,0,N,NO,27,Month-to-month,Mailed check,Fiber optic,no,No,no,yes,84.94,2299.27,62,East,9/3/2020,Yes
CUST-15385,Male,0,Y,NO,54,One year,Bank transfer,DSL,Yes,No,No,Y,69.4,3761.63,25,north,7/14/2020,No
CUST-11904,Female,0,Yes,no,12,Two year,Mailed check,Fiber optic,YES,yes,no,no,69.78,827.31,68,West,3/9/2020,No
CUST-15073,Male,0,yes,N,11,One year,Credit card,Fiber optic,No,N,N,NO,80.98,903.73,29,West,5/31/2020,Yes
CUST-10232,Male,1,no,Y,27,One year,Credit card,DSL,no,Y,no,No,49.62,1321.51,85,West,4/7/2018,No
CUST-14362,Male,0,No,N,13,One year,Mailed check,DSL,NO,Yes,Y,no,66.28,854.95,63,Central,1/4/2020,No
CUST-11588,Female,0,NO,no,10,One year,Bank transfer,Fiber optic,NO,Y,No,YES,99.73,1013.95,42,North,4/23/2021,No
CUST-14418,Male,0,NO,YES,2,One year,Mailed check,No,No,No,No,Y,18.54,54.06,37,East,10/22/2022,No
CUST-10896,Female,1,yes,YES,34,Month-to-month,Bank transfer,DSL,NO,yes,N,N,68.38,2337.5,72,East,1/28/2019,Yes
CUST-12788,Female,0,Y,NO,24,MONTH-TO-MONTH,Bank transfer,Fiber optic,No,NO,N,N,86.51,2074.35,50,West,8/25/2023,Yes
CUST-13973,Male,0,Y,YES,29,Month-to-month,Mailed check,DSL,Y,Y,no,yes,56.56,1632.48,30,Central,5/26/2019,No
CUST-14936,Female,0,No,YES,67,MONTH-TO-MONTH,Bank transfer,Fiber optic,NO,YES,no,Yes,77.76,5213.76,47,North,6/10/2017,Yes
CUST-13287,Female,0,no,Y,13,Month-to-month,Mailed check,No,No,No,No,yes,38.66,490.66,68,SOUTH,10/9/2022,Yes
CUST-14553,Female,0,yes,Yes,51,Month-to-month,Mailed check,DSL,Y,N,Y,yes,58.52,2964.78,51,CENTRAL,7/5/2018,No
CUST-11936,Female,0,N,N,30, Month-to-month ,Mailed check,DSL,YES,No,N,NO,38.22,1142.46,28,North,7/10/2018,Yes
CUST-15723,Male,0,YES,NO,45,two year,Mailed check,Fiber optic,YES,YES,Y,no,93.86,4212.56,57,South,4/23/2021,No
CUST-13735,Female,1,Yes,no,61,Month-to-month,Mailed check,Fiber optic,N,no,yes,Yes,79.29,4841.68,85,South,12/9/2017,Yes
CUST-14013,Female,0,Y,Y,32,One year,Bank transfer,DSL,yes,no,No,no,55.85,1794.46,67,East,4/23/2023,No
CUST-11682,Female,1,YES,NO,37,MONTH-TO-MONTH,Bank transfer,DSL,yes,YES,yes,Y,47.23,1751.57,78,west,10/5/2018,Yes
CUST-15485,Female,0,Yes,No,23,ONE YEAR,Electronic check,No,No,No,No,Y,24.18,561.66,51, South ,5/13/2017,Yes
CUST-15554,Female,0,no,YES,14,Month-to-month,Bank transfer,DSL,yes,no,NO,YES,59.56,825.34,47,CENTRAL,9/14/2020,Yes
CUST-10643,Male,1,No,yes,61,Month-to-month,Mailed check,DSL,No,N,Y,Yes,50.08,3036.82,74,West,3/21/2022,Yes
CUST-12294,Male,1,Y,YES,68,one year,Mailed check,DSL,yes,YES,No,yes,37.42,2553.18,83,south,3/21/2017,No
CUST-12613,Male,0,NO,Y,12,Two year,Bank transfer,No,No,No,No,Y,10.09,107.17,65,Central,3/8/2018,No
CUST-11110,Female,0,No,N,61,MONTH-TO-MONTH,Mailed check,DSL,YES,N,N,no,56.98,3472.29,41,SOUTH,5/13/2020,Yes
CUST-10258,Female,0,No,YES,17,Month-to-month,Bank transfer,Fiber optic,Yes,N,No,No,75.99,1283.75,22,North,5/10/2019,No
CUST-10648,Male,0,YES,Yes,15,Month-to-month,Bank transfer,No,No,No,No,Y,29.75,456.99,46,CENTRAL,10/15/2019,No
CUST-10554,Female,0,YES,no,49,Month-to-month,Electronic check,No,No,No,No,YES,38.33,1863.15,33,South,5/13/2019,Yes
CUST-12525,Female,0,N,YES,62,Two year,Credit card,No,No,No,No,NO,37.49,2327.81,42,South,2/23/2019,No
CUST-10857,Male,1,NO,yes,21,Two year,Bank transfer,DSL,yes,No,No,NO,52.81,1102.78,72,east,11/7/2022,No
CUST-13794,Male,1,N,YES,69,Two year,Credit card,No,No,No,No,No,14.99,1027.46,72,Central,2/25/2019,Yes
CUST-13745,Male,1,no,No,41,Month-to-month,Mailed check,DSL,YES,no,Yes,NO,45.45,1868.76,81,Central,5/10/2023,Yes
CUST-15154,Female,0,no,no,70,One year,Electronic check,Fiber optic,No,yes,NO,No,71.93,5016.37,62,East,7/12/2023,No
CUST-15241,Male,0,no,YES,5,Month-to-month,Mailed check,DSL,N,Y,NO,N,39.57,216.91,30,south,6/4/2018,No
CUST-12691,Female,0,Y,No,57,Month-to-month,Mailed check,Fiber optic,no,no,N,Yes,90.62,5161.58,52,EAST,10/23/2018,Yes
CUST-14432,Female,0,No,Y,18,two year,Electronic check,DSL,YES,No,Yes,N,73.6,1304.83,45,Central,12/21/2019,No
CUST-15431,Male,0,Yes,No,27,month-to-month,Mailed check,No,No,No,No,yes,29.39,782,64,East,11/20/2017,No
CUST-10698,Male,0,NO,N,42,one year,Credit card,DSL,no,Y,Y,yes,59.67,2518.3,29,East,10/29/2023,No
CUST-14703,Female,0,Yes,Yes,69,One year,Bank transfer,Fiber optic,YES,Yes,No,yes,66.86,4622.1,65,SOUTH,6/16/2022,No
CUST-15228,Female,0,N,yes,65,Two year,Credit card,DSL,Y,Y,YES,YES,49.17,3215.91,45,South,10/28/2019,No
CUST-10308,Female,0,no,NO,1,one year,Bank transfer,No,No,No,No,N,43.1,55.97,66,South,10/15/2023,No
CUST-13960,Male,0,no,Yes,54,Month-to-month,Credit card,Fiber optic,YES,No,YES,N,100.61,5444.83,67,EAST,3/23/2020,Yes
CUST-15395,Male,0,NO,Y,9,Month-to-month,Electronic check,No,No,No,No,no,12.06,106.83,48,east,8/1/2019,Yes
CUST-15764,Male,0,NO,Yes,65,MONTH-TO-MONTH,Mailed check,Fiber optic,Y,Yes,no,YES,95.31,6196.73,27,North,7/22/2020,Yes
CUST-13685,Male,0,Yes,No,0,Two year,Bank transfer,Fiber optic,Yes,YES,YES,NO,108.68,,43,CENTRAL,6/26/2019,Yes
CUST-13497,Male,0,yes,Y,16,One year,Electronic check,Fiber optic,N,Y,no,N,80.06,1272.71,45,CENTRAL,11/1/2021,Yes
CUST-11484,Male,0,NO,NO,71,month-to-month,Electronic check,No,No,No,No,no,10.2,730.88,67,South,4/6/2022,No
CUST-12909,Male,0,Y,No,72,Month-to-month,Electronic check,Fiber optic,No,no,YES,N,79.3,5708.74,46,EAST,3/1/2022,Yes
CUST-14299,Male,0,N,N,2,Month-to-month,Credit card,DSL,No,Yes,YES,No,50.49,112.48,24,South,8/20/2017,Yes
CUST-11938,Male,0,NO,No,1,Month-to-month,Credit card,Fiber optic,N,NO,YES,NO,100.82,84.33,66,East,11/10/2017,Yes
CUST-10419,Male,0,no,Y,29,One year,Mailed check,No,No,No,No,Y,33.59,980.75,56,NORTH,12/31/2020,No
CUST-14738,Female,0,no,NO,2,ONE YEAR,Bank transfer,Fiber optic,N,YES,no,YES,66.71,127.65,37,East,1/4/2020,No
CUST-15118,Female,0,yes,no,40,Month-to-month,Electronic check,No,No,No,No,N,23.2,912.68,26,North,2/1/2023,No
CUST-13104,Male,0,yes,no,27,Month-to-month,Electronic check,DSL,Yes,N,YES,Y,46.9,1266.88,47,north,1/27/2018,No
CUST-14453,Female,0,Y,no,17,month-to-month,Credit card,DSL,no,no,yes,NO,49.8,854.74,67,south,2/27/2017,No
CUST-15725,Female,0,Y,NO,22,Month-to-month,Electronic check,No,No,No,No,YES,19.89,444.7,54,north,2/28/2023,No
CUST-14484,Female,1,No,YES,59,Two year,Mailed check,Fiber optic,Yes,N,NO,YES,89.17,5243.36,72, East ,2/14/2018,No
CUST-12459,Female,0,no,N,10,Two year,Electronic check,No,No,No,No,Y,10.96,94.41,21,east,9/12/2019,No
CUST-10490,Male,0,N,No,44,One year,Credit card,No,No,No,No,No,42.91,1900.57,58,central,1/29/2019,Yes
CUST-12266,Male,0,yes,Y,49,One year,Bank transfer,DSL,Y,no,YES,N,77.99,3820.14,65,West,11/29/2020,No
CUST-13177,Male,1,YES,NO,60,Month-to-month,Bank transfer,No,No,No,No,N,18.3,1112.09,80,Central,4/6/2022,Yes
CUST-15585,Male,0,Yes,Yes,51,MONTH-TO-MONTH,Electronic check,Fiber optic,Y,YES,Y,NO,98.52,5018.83,23,South,6/2/2017,No
CUST-12527,Male,0,Y,no,46,Two year,Mailed check,No,No,No,No,No,18.21,822.82,34,East,12/24/2021,Yes
CUST-10132,Male,0,NO,NO,38,One year,Credit card,DSL,NO,NO,NO,yes,66.49,2538.84,69,South,3/11/2017,No
CUST-12627,Female,0,yes,Yes,46,Two year,Mailed check,No,No,No,No,no,18.51,839.32,46, South ,1/27/2018,No
CUST-11887,Female,0,no,NO,36,Two year,Credit card,DSL,NO,yes,N,NO,47.97,1742.9,21,east,8/9/2021,No
CUST-11836,Female,0,YES,NO,18,Month-to-month,Electronic check,No,No,No,No,no,43.85,773.61,63,CENTRAL,4/19/2017,Yes
CUST-13789,Male,0,Y,NO,58,Month-to-month,Mailed check,No,No,No,No,NO,31.17,1800.85,26,Central,11/21/2020,Yes
CUST-14192,Male,0,No,N,42, One year ,Electronic check,Fiber optic,Y,yes,NO,Y,71.08,2987.95,59,central,12/12/2018,No
CUST-12092,Male,0,Y,Y,43,Month-to-month,Electronic check,No,No,No,No,Y,13.45,571.77,68,NORTH,1/2/2021,No
CUST-11568,Male,0,Yes,No,14,One year,Bank transfer,Fiber optic,yes,No,N,Yes,90.34,1273.39,60,West,10/1/2018,Yes
CUST-11197,Male,0,no,N,53, Month-to-month ,Bank transfer,No,No,No,No,N,18.63,989.77,40, Central ,12/3/2022,Yes
CUST-11651,Male,0,No,No,72,month-to-month,Mailed check,DSL,Yes,Y,N,yes,49.64,3571.67,25,south,5/27/2018,No
CUST-12644,Female,0,N,YES,17,Month-to-month,Electronic check,DSL,NO,Yes,N,N,51.59,882.74,39,west,10/23/2021,Yes
CUST-15364,Male,0,yes,yes,23,month-to-month,Bank transfer,No,No,No,No,Yes,15.4,364.75,54,WEST,8/21/2023,No
CUST-12458,Male,0,N,No,66,Month-to-month,Bank transfer,DSL,No,no,YES,Y,53.18,3514.29,24,West,7/5/2017,Yes
CUST-12338,Female,0,Y,Y,37,MONTH-TO-MONTH,Bank transfer,No,No,No,No,NO,42.01,1573.08,44, East ,1/14/2019,No
CUST-14537,Male,0,YES,Y,6,month-to-month,Bank transfer,No,No,No,No,N,12.96,81.47,55,West,2/12/2023,No
CUST-14206,Male,0,yes,no,31,Month-to-month,Electronic check,DSL,yes,YES,No,N,48.13,1481.4,23,CENTRAL,2/19/2021,No
CUST-14740,Male,0,yes,No,55,Month-to-month,Mailed check,DSL,No,No,no,no,40.64,2242.65,39,Central,7/8/2021,No
CUST-10485,Male,0,no,no,45,Month-to-month,Mailed check,Fiber optic,No,NO,no,Yes,88.81,4001.85,57,South,5/20/2021,No
CUST-13769,Male,0,yes,Yes,39,Month-to-month,Bank transfer,Fiber optic,Y,NO,Yes,NO,103.28,4041.95,30,East,12/1/2018,No
CUST-10696,Male,0,yes,YES,1,Month-to-month,Mailed check,No,No,No,No,yes,41.46,28.81,24,North,10/8/2018,Yes
CUST-11752,Male,0,NO,no,61,Month-to-month,Mailed check,No,No,No,No,no,37.82,2288.74,22,central,2/29/2020,No
CUST-14655,Female,1,YES,yes,71,one year,Bank transfer,DSL,Yes,Yes,NO,NO,59.56,4231.46,77,West,9/16/2022,No
CUST-13151,Male,0,N,yes,4,One year,Credit card,No,No,No,No,yes,15.31,50.42,68,west,11/15/2023,No
CUST-13866,Male,1,N,no,44,Month-to-month,Credit card,DSL,Y,Y,Yes,YES,49.32,2180.55,71, South ,8/3/2022,No
CUST-15638,Male,0,Y,NO,43,Two year,Bank transfer,Fiber optic,yes,N,YES,Yes,97.21,4161.46,36,north,5/12/2022,Yes
CUST-12089,Female,1,NO,Y,8,Month-to-month,Electronic check,No,No,No,No,YES,10.98,102.98,70,East,3/1/2020,No
CUST-15579,Male,1,Yes,NO,30,two year,Electronic check,Fiber optic,No,N,yes,NO,98.57,2947.46,74,North,12/1/2017,No
CUST-14832,Female,1,Y,no,61,Two year,Electronic check,No,No,No,No,yes,40.08,2464.59,70,East,4/4/2019,Yes
CUST-12558,Female,0,no,Y,60,Month-to-month,Credit card,No,No,No,No,NO,44.99,2684.19,28,WEST,11/26/2017,No
CUST-15541,Female,1,No,Yes,29,One year,Mailed check,DSL,yes,yes,YES,Yes,76.37,2209.51,72,West,9/13/2022,No
CUST-14211,Male,0,No,NO,28, Month-to-month ,Bank transfer,No,No,No,No,NO,18.53,524.8,58, East ,7/27/2021,Yes
CUST-12562,Female,1,Yes,Y,48,Month-to-month,Bank transfer,DSL,no,YES,No,yes,67.62,3265.34,73,SOUTH,5/16/2022,No
CUST-13262,Male,0,NO,YES,14,Two year,Electronic check,DSL,Yes,no,Yes,Yes,54.25,746.67,61,East,6/20/2019,No
CUST-15879,Male,0,no,YES,63,Month-to-month,Electronic check,Fiber optic,No,yes,No,N,81.38,5128.74,26,East,5/6/2022,No
CUST-15701,Female,0,Y,YES,25,One year,Electronic check,Fiber optic,no,no,Yes,yes,76.24,1914.49,24, East ,5/2/2018,No
CUST-11133,Female,0,NO,N,50,Month-to-month,Mailed check,DSL,No,no,Yes,NO,46.04,2311.4,24,Central,3/12/2022,Yes
CUST-10219,Male,0,N,no,56,ONE YEAR,Mailed check,DSL,NO,YES,No,Y,48.96,2733.81,65,West,12/12/2017,No
CUST-14396,Female,0,YES,no,58,TWO YEAR,Credit card,Fiber optic,NO,no,Y,no,88.72,5160.52,35,West,6/24/2019,No
CUST-13011,Male,0,NO,Y,3,One year,Credit card,DSL,yes,No,YES,No,56.69,177.43,49,South,4/6/2020,No
CUST-10393,Female,0,Yes,Y,28,One year,Mailed check,Fiber optic,Y,Yes,Y,NO,105.7,2966.75,46,East,1/4/2018,No
CUST-13878,Male,0,No,yes,22,Month-to-month,Credit card,No,No,No,No,YES,42.8,937.48,28,North,4/22/2021,No
CUST-13020,Female,1,Y,N,42,Month-to-month,Credit card,DSL,N,yes,YES,yes,70.56,2966.79,73,Central,5/5/2022,Yes
CUST-10639,Male,0,No,NO,9,One year,Mailed check,Fiber optic,yes,YES,no,no,76.21,703.48,35,West,3/27/2019,No
CUST-14474,Female,0,Y,No,22,Month-to-month,Credit card,Fiber optic,No,YES,no,No,84.34,1846.25,62,Central,12/3/2018,Yes
CUST-12817,Male,0,N,No,58,Two year,Bank transfer,DSL,no,Yes,yes,yes,67.89,3943.55,20,East,3/26/2019,No
CUST-12224,Female,0,YES,no,50,Month-to-month,Mailed check,DSL,Y,yes,yes,N,73.17,3669.72,57,south,7/18/2021,No
CUST-13193,Male,0,N,Yes,19,Two year,Credit card,Fiber optic,No,No,no,Y,69.42,1338.39,37,west,11/27/2022,No
CUST-12362,Male,0,yes,NO,65,Month-to-month,Mailed check,No,No,No,No,N,44.53,2899.22,39,West,12/28/2022,No
CUST-11851,Male,0,no,yes,5,Two year,Credit card,DSL,no,No,no,Y,58.47,307.73,60,North,10/22/2021,No
CUST-12871,Female,0,Yes,NO,42,MONTH-TO-MONTH,Bank transfer,Fiber optic,N,yes,N,Y,78.83,3302.42,62,North,3/26/2019,No
CUST-15861,Male,0,NO,N,67,One year,Credit card,Fiber optic,N,N,NO,N,85.16,5707.91,50,east,3/17/2022,No
CUST-14691,Female,0,no,yes,39,two year,Bank transfer,DSL,yes,Y,YES,Yes,76.91,3013.4,30,Central,8/18/2018,No
CUST-15573,Female,0,yes,Y,45,month-to-month,Credit card,DSL,Yes,Yes,yes,yes,59.9,2687.82,42,north,6/25/2022,Yes
CUST-15280,Male,0,YES,no,58,Month-to-month,Credit card,No,No,No,No,No,30.98,1814.53,48,east,11/24/2020,No
CUST-15896,Male,1,N,N,45,One year,Electronic check,DSL,yes,yes,No,NO,38.93,1745.03,82,South,4/30/2022,Yes
CUST-14697,Female,0,No,yes,35,Month-to-month,Credit card,Fiber optic,no,no,no,no,72.79,2556.33,49,west,10/17/2022,Yes
CUST-12782,Female,0,N,YES,28,Month-to-month,Bank transfer,DSL,YES,N,N,N,67.92,1891.26,24,EAST,1/27/2020,Yes
CUST-10570,Male,0,YES,NO,11,month-to-month,Bank transfer,DSL,Yes,No,no,N,63.85,701.96,35,North,4/7/2017,No
CUST-11338,Female,0,NO,YES,23,Month-to-month,Bank transfer,DSL,N,N,N,YES,39.96,899.28,22,central,9/15/2017,Yes
CUST-11476,Female,0,yes,NO,26, One year ,Mailed check,DSL,N,Y,N,YES,66.61,1743.34,26,Central,7/27/2019,No
CUST-12998,Female,1,N,N,72,two year,Credit card,Fiber optic,Yes,Y,No,Yes,74.15,5349.34,85,East,4/20/2017,No
CUST-11030,Male,0,N,N,48,Month-to-month,Mailed check,DSL,Yes,yes,no,No,65.97,3186.25,69,East,10/1/2021,Yes
CUST-13904,Male,0,Yes,N,6,ONE YEAR,Electronic check,No,No,No,No,NO,19.14,95.88,54,EAST,5/18/2022,No
CUST-12626,Female,0,No,YES,7,TWO YEAR,Bank transfer,Fiber optic,N,NO,No,No,84.14,587.43,26,Central,4/22/2021,No
CUST-10430,Female,0,YES,yes,4,Month-to-month,Electronic check,No,No,No,No,Y,14.59,67.98,35,WEST,12/20/2022,Yes
CUST-14499,Female,0,Y,Y,51,MONTH-TO-MONTH,Mailed check,Fiber optic,YES,no,yes,Yes,103.36,5289.57,57,SOUTH,3/10/2018,No
CUST-15058,Male,0,yes,YES,30,Month-to-month,Bank transfer,Fiber optic,YES,Y,no,NO,78.27,2342.7,55,east,8/12/2018,Yes
CUST-15098,Female,0,Y,NO,17, Month-to-month ,Electronic check,DSL,No,NO,Yes,YES,69.29,1197.67,32,North,3/6/2018,Yes
CUST-11501,Female,1,Y,Yes,54,ONE YEAR,Electronic check,DSL,N,No,YES,YES,60.42,3268.86,71,East,6/13/2023,No
CUST-14433,Male,0,YES,No,18, Month-to-month ,Mailed check,No,No,No,No,YES,14.27,257.46,25,Central,4/4/2017,Yes
CUST-10246,Male,0,Yes,yes,29,MONTH-TO-MONTH,Mailed check,DSL,Yes,Y,No,Yes,62.76,1820.58,21, North ,8/29/2018,Yes
CUST-12147,Female,0,NO,no,68,Month-to-month,Bank transfer,Fiber optic,yes,yes,No,Y,92.06,6275.21,50,Central,5/14/2019,No
CUST-15147,Male,0,Y,yes,24,Month-to-month,Credit card,DSL,no,No,Y,no,74.94,1802.19,30,CENTRAL,2/23/2021,Yes
CUST-12187,Male,0,N,No,64, One year ,Credit card,Fiber optic,NO,Y,Yes,YES,77.7,4955.38,69,Central,5/8/2017,No
CUST-15837,Male,0,yes,Y,30,Two year,Credit card,Fiber optic,no,Yes,No,Y,67.02,2021.79,20,West,6/23/2018,Yes
CUST-14186,Male,0,Y,Yes,54,TWO YEAR,Credit card,DSL,yes,N,yes,no,77.1,4179.38,22,South,8/18/2022,Yes
CUST-15260,Male,1,Y,no,16,One year,Electronic check,Fiber optic,No,YES,no,NO,79.16,1276.54,77,East,4/17/2019,No
CUST-10935,Male,0,NO,no,67,Month-to-month,Electronic check,DSL,no,N,Yes,Yes,61.99,4171.38,56,North,5/13/2022,Yes
CUST-13416,Male,0,no,Yes,55,Month-to-month,Electronic check,Fiber optic,Yes,N,Y,yes,91.46,5014.74,68,East,12/9/2018,No
CUST-10605,Female,0,No,Y,70,One year,Electronic check,DSL,Yes,No,NO,No,54.24,3810.3,51,West,10/10/2023,No
CUST-13265,Male,0,YES,Yes,60,Two year,Credit card,DSL,NO,YES,NO,No,57.73,3473.47,58,West,5/7/2022,No
CUST-13197,Female,0,YES,NO,43,MONTH-TO-MONTH,Bank transfer,DSL,no,Yes,Yes,Yes,48.63,2091.87,42,WEST,1/13/2021,Yes
CUST-14374,Male,0,No,N,23,Month-to-month,Bank transfer,Fiber optic,YES,Y,yes,N,77.88,1771.68,64,West,6/24/2019,Yes
CUST-14176,Female,1,Y,yes,32,month-to-month,Electronic check,DSL,NO,YES,Y,YES,52.8,1688.6,76,East,12/9/2021,No
CUST-11539,Female,0,Yes,Yes,16,One year,Electronic check,DSL,Yes,yes,Yes,yes,58.05,939.4,20,central,12/3/2021,No
CUST-13460,Female,1,YES,NO,27,month-to-month,Electronic check,Fiber optic,N,Yes,No,YES,80.98,2181.19,76,East,6/7/2021,No
CUST-13058,Female,0,No,Y,18,Month-to-month,Bank transfer,Fiber optic,YES,yes,N,no,65.14,1170.17,18,North,11/30/2023,Yes
CUST-13851,Male,0,N,Yes,56,Month-to-month,Bank transfer,No,No,No,No,no,17.86,1013.83,52,West,11/3/2022,No
CUST-14333,Female,0,Yes,Y,17,Month-to-month,Credit card,Fiber optic,Y,NO,NO,No,66.55,1117.5,57,Central,12/15/2017,No
CUST-12806,Male,0,Yes,Yes,35,Month-to-month,Electronic check,DSL,no,Yes,Y,YES,77.62,2699.25,38,West,9/8/2023,No
CUST-10170,Female,0,NO,YES,50,MONTH-TO-MONTH,Mailed check,DSL,N,No,N,no,51,2534.81,51,South,10/5/2018,Yes
CUST-11605,Female,0,NO,yes,39,Month-to-month,Credit card,Fiber optic,N,NO,No,Y,98.01,3807.57,58,west,7/5/2019,No
CUST-11707,Male,0,YES,Y,61, Month-to-month ,Credit card,DSL,Yes,N,N,YES,38.53,2349.24,33,West,12/30/2019,No
CUST-14960,Male,0,YES,NO,55,one year,Electronic check,Fiber optic,Yes,no,No,N,93.55,5135.81,57,west,6/24/2023,No
CUST-15176,Female,0,YES,Yes,2,MONTH-TO-MONTH,Mailed check,Fiber optic,yes,Yes,Y,Y,87.59,170.16,44,Central,10/3/2021,Yes
CUST-14407,Male,0,N,No,69,Month-to-month,Bank transfer,DSL,Y,No,N,YES,59.59,4119.63,68,North,4/4/2017,Yes
CUST-14270,Male,0,Yes,N,12,Month-to-month,Bank transfer,No,No,No,No,YES,37.08,449.78,40,East,8/14/2020,Yes
CUST-11106,Female,0,no,no,61,one year,Credit card,Fiber optic,NO,no,yes,N,107.11,6529.33,20,North,2/3/2019,No
CUST-12445,Male,0,YES,No,9,One year,Mailed check,Fiber optic,Yes,no,N,N,73.18,677.53,65,West,12/15/2020,No
CUST-15149,Male,0,no,yes,70,Month-to-month,Credit card,Fiber optic,N,NO,Y,yes,99.38,6973.58,39,South,8/28/2021,Yes
CUST-14901,Female,0,Y,Y,30,one year,Mailed check,No,No,No,No,YES,28.58,856.29,69,East,1/13/2019,No
CUST-15290,Male,1,yes,no,68,month-to-month,Mailed check,Fiber optic,N,Y,YES,Yes,106.87,7285.33,79,West,12/22/2019,Yes
CUST-15876,Female,0,yes,no,34,ONE YEAR,Electronic check,No,No,No,No,Y,30.62,1026.04,27,North,5/20/2019,No
CUST-14987,Male,0,NO,N,71,Two year,Mailed check,Fiber optic,NO,YES,N,No,76.64,5428.93,46,West,5/6/2022,Yes
CUST-15283,Male,0,NO,N,45,Month-to-month,Credit card,DSL,yes,no,YES,YES,51.09,2285.23,25,EAST,1/22/2020,Yes
CUST-13116,Male,0,NO,No,70,One year,Mailed check,No,No,No,No,YES,42.45,2990.08,39,central,10/1/2023,No
CUST-12821,Female,0,Y,NO,17,Month-to-month,Mailed check,No,No,No,No,N,38.31,656,44,NORTH,9/20/2018,Yes
CUST-14273,Male,0,YES,yes,68,One year,Mailed check,DSL,YES,yes,Yes,YES,52.75,3580.28,60,West,1/14/2022,No
CUST-14219,Female,1,no,NO,18,One year,Bank transfer,DSL,YES,N,yes,yes,56.64,1036.97,76,East,10/17/2021,No
CUST-10347,Male,0,N,N,16,Month-to-month,Electronic check,No,No,No,No,YES,27.5,450.7,33,Central,5/3/2023,Yes
CUST-13604,Male,1,Y,No,12, Month-to-month ,Bank transfer,No,No,No,No,Y,42.98,535.05,75,North,2/26/2021,No
CUST-13453,Female,1,yes,No,63,Month-to-month,Mailed check,No,No,No,No,No,19.85,1242.19,79,south,12/6/2022,No
CUST-13471,Female,0,YES,Y,64, Month-to-month ,Bank transfer,DSL,no,YES,Y,no,60.64,3866.95,51,East,3/16/2018,Yes
CUST-10021,Female,0,N,Yes,60,month-to-month,Electronic check,No,No,No,No,Yes,37.34,2246.47,66,North,7/28/2023,Yes
CUST-10257,Male,1,Y,yes,38,Two year,Credit card,DSL,No,N,YES,NO,69.04,2612.97,77,East,8/24/2022,Yes
CUST-15621,Male,1,NO,No,23,One year,Credit card,DSL,NO,N,N,no,43.95,1016.17,81,East,5/31/2020,Yes
CUST-15056,Male,0,No,yes,48,Month-to-month,Electronic check,Fiber optic,yes,N,no,YES,66.31,3194.07,67,central,4/15/2021,Yes
CUST-10650,Female,1,Y,Yes,62, Month-to-month ,Electronic check,Fiber optic,NO,yes,No,No,81.22,5023.46,71,West,5/4/2019,Yes
CUST-10826,Female,1,N,YES,64,One year,Bank transfer,Fiber optic,no,NO,N,yes,65.63,4200.64,82,South,7/6/2018,No
CUST-11210,Female,0,Y,no,14,Month-to-month,Credit card,DSL,No,no,no,no,41.85,573.18,40,West,5/17/2017,No
CUST-15913,Female,0,No,No,46,one year,Bank transfer,No,No,No,No,N,17.1,793.98,63,Central,8/27/2021,No
CUST-14471,Male,1,no,N,32,month-to-month,Electronic check,Fiber optic,Y,no,Y,no,105.36,3370.32,77,East,1/4/2021,Yes
CUST-13479,Female,0,YES,Y,62,Two year,Mailed check,Fiber optic,YES,YES,Y,no,100.29,6213.47,31,West,5/10/2017,No
CUST-13822,Male,0,no,yes,13,Month-to-month,Bank transfer,No,No,No,No,no,28.9,360.27,46,South,6/13/2021,Yes
CUST-13709,Female,0,YES,Y,6,MONTH-TO-MONTH,Credit card,DSL,YES,NO,No,No,51.82,307.8,23,south,7/24/2020,No
CUST-14122,Female,0,N,No,61,Two year,Mailed check,Fiber optic,YES,yes,N,NO,71.3,4354.59,51,North,3/8/2022,No
CUST-11410,Male,0,N,YES,11,Month-to-month,Electronic check,Fiber optic,Y,no,no,N,68.8,759.5,38,North,11/26/2020,No
CUST-10955,Female,0,No,no,71,TWO YEAR,Mailed check,No,No,No,No,N,25.96,1853.04,66,EAST,8/15/2022,No
CUST-13138,Male,0,YES,yes,12,ONE YEAR,Credit card,Fiber optic,NO,N,N,no,77.74,949.1,55,EAST,9/2/2020,Yes
CUST-13095,Female,0,Yes,No,60,month-to-month,Credit card,No,No,No,No,NO,31.72,1909.72,27,West,6/15/2017,Yes
CUST-13142,Female,0,Yes,Yes,48,month-to-month,Electronic check,DSL,yes,yes,Y,NO,59.69,2865.73,54,South,1/29/2019,Yes
CUST-10960,Female,0,NO,Y,49,Two year,Mailed check,No,No,No,No,yes,13.21,667.09,49,EAST,5/13/2022,No
CUST-14617,Male,0,N,NO,55,Two year,Mailed check,Fiber optic,N,yes,no,yes,73.25,4031.41,25,CENTRAL,1/25/2018,Yes
CUST-10888,Male,0,Yes,yes,27,one year,Electronic check,Fiber optic,No,yes,yes,NO,103.76,2804.05,44,West,10/7/2017,Yes
CUST-11763,Female,0,NO,no,48,One year,Credit card,DSL,N,N,No,No,54.41,2591.75,33,West,8/14/2023,Yes
CUST-13298,Female,1,Y,yes,17, Month-to-month ,Bank transfer,No,No,No,No,NO,13.6,228.18,73, East ,8/28/2019,No
CUST-12311,Male,0,N,NO,4,Month-to-month,Electronic check,DSL,YES,No,NO,Y,47.58,206.59,58,West,6/2/2017,No
CUST-13584,Female,0,Yes,Yes,24,One year,Electronic check,DSL,Y,yes,yes,YES,51.36,1236.94,19,West,11/22/2023,No
CUST-10004,Male,1,Yes,no,20,Two year,Credit card,Fiber optic,Y,No,No,NO,91.9,1831.61,79,East,1/17/2019,Yes
CUST-14140,Female,0,Y,NO,48,One year,Credit card,DSL,N,No,No,Y,65.46,3133.94,35, West ,12/26/2022,No
CUST-10563,Female,0,N,Yes,31,Two year,Electronic check,DSL,Y,N,YES,Y,46.42,1458.27,48,central,2/28/2023,No
CUST-12795,Male,0,No,no,69,One year,Bank transfer,No,No,No,No,Y,10.82,745.03,29,Central,7/9/2019,No
CUST-10344,Male,0,yes,No,54,MONTH-TO-MONTH,Mailed check,Fiber optic,yes,No,Y,yes,75.08,4059.57,43,Central,6/25/2021,No
CUST-12584,Male,0,YES,YES,57,Month-to-month,Mailed check,DSL,No,Yes,No,YES,63.58,3642.65,20,South,3/2/2020,Yes
CUST-10966,Male,0,N,NO,3,Month-to-month,Credit card,No,No,No,No,no,26.1,74.36,55,West,2/20/2022,Yes
CUST-11471,Female,1,NO,Yes,36,Month-to-month,Mailed check,Fiber optic,NO,Y,Y,no,98.89,3547.15,80,South,3/19/2021,No
CUST-12335,Female,0,NO,NO,36,month-to-month,Electronic check,No,No,No,No,yes,38.39,1365.83,31,NORTH,5/23/2019,No
CUST-14880,Female,0,N,Y,18, One year ,Credit card,Fiber optic,Y,N,NO,no,97.14,1755.39,64,west,10/20/2023,Yes
CUST-10100,Female,0,Yes,no,37,Month-to-month,Mailed check,Fiber optic,Y,N,No,NO,92.13,3421.74,41,West,11/3/2017,Yes
CUST-12415,Male,0,no,NO,34,ONE YEAR,Electronic check,DSL,No,YES,Y,Yes,65.26,2215.14,18,North,8/20/2019,Yes
CUST-11118,Female,0,no,NO,8,Month-to-month,Mailed check,Fiber optic,no,NO,YES,Yes,98.96,772.46,41,East,1/6/2023,Yes
CUST-11908,Male,0,N,No,11,Month-to-month,Electronic check,Fiber optic,yes,N,NO,yes,80.12,897.13,26,East,4/13/2017,No
CUST-10578,Male,0,Yes,yes,15,TWO YEAR,Electronic check,No,No,No,No,YES,43.78,641.23,46,Central,2/19/2020,No
CUST-15765,Male,0,Yes,No,15,Two year,Mailed check,No,No,No,No,No,39.12,588.55,68,South,9/4/2018,No
CUST-11839,Male,1,NO,Yes,22,two year,Bank transfer,Fiber optic,Y,No,No,yes,77.92,1705.97,76, West ,9/21/2022,No
CUST-11092,Female,0,Yes,NO,37,One year,Electronic check,Fiber optic,No,no,N,Y,73.29,2712.13,26,north,6/11/2020,No
CUST-12497,Male,0,Y,YES,25,Month-to-month,Electronic check,No,No,No,No,No,29.07,712.32,42,North,2/27/2020,No
CUST-12485,Female,0,no,NO,35, Month-to-month ,Mailed check,Fiber optic,yes,NO,Yes,no,93.7,3296.44,30,East,10/14/2020,No
CUST-14839,Male,0,no,NO,61,Month-to-month,Bank transfer,DSL,YES,N,Yes,No,69.33,4247.13,33,south,12/27/2021,No
CUST-15698,Male,0,yes,YES,7,Two year,Bank transfer,No,No,No,No,YES,15.92,128.65,29, West ,7/6/2019,No
CUST-14802,Male,0,YES,No,55, Month-to-month ,Bank transfer,DSL,NO,N,N,no,39.68,2163.04,22,South,7/8/2022,Yes
CUST-14064,Female,0,No,YES,42,Month-to-month,Electronic check,Fiber optic,NO,No,no,Yes,87.7,3702.68,35,Central,10/30/2023,Yes
CUST-13211,Male,0,No,no,67,ONE YEAR,Bank transfer,DSL,N,N,YES,N,56.89,3813.8,34, North ,6/8/2022,No
CUST-10214,Female,0,N,NO,7,month-to-month,Electronic check,DSL,NO,YES,no,Y,56.88,406.63,43,South,8/23/2019,Yes
CUST-15124,Male,1,No,No,3,Month-to-month,Bank transfer,Fiber optic,NO,NO,N,N,71.51,224.88,82,East,6/16/2017,Yes
CUST-14581,Female,0,yes,No,50,One year,Electronic check,Fiber optic,NO,Y,N,Yes,87.14,4354.17,63,south,9/20/2017,No
CUST-13481,Female,0,Y,NO,22,Two year,Credit card,Fiber optic,YES,YES,YES,N,95.1,2088.86,33,NORTH,3/15/2020,No
CUST-11268,Female,0,yes,yes,11,Month-to-month,Credit card,Fiber optic,Yes,yes,Y,NO,92.86,1018.2,27,South,2/9/2021,Yes
CUST-13444,Male,0,N,YES,67,Month-to-month,Electronic check,No,No,No,No,Yes,27.41,1845.72,57,East,9/20/2022,No
CUST-13865,Male,0,Yes,N,48,One year,Bank transfer,DSL,N,yes,YES,Yes,70.74,3385.96,31,SOUTH,1/21/2023,No
CUST-12346,Male,0,No,NO,64,Month-to-month,Mailed check,Fiber optic,YES,Yes,Yes,no,91.84,5871.9,57,East,10/16/2018,Yes
CUST-11115,Female,0,N,yes,58,Two year,Mailed check,Fiber optic,Y,NO,No,no,73.92,4285.42,61,South,12/18/2022,No
CUST-13971,Female,0,YES,N,19,One year,Mailed check,No,No,No,No,Yes,33.98,628.16,26,East,10/12/2020,No
CUST-11906,Male,0,NO,No,48,Two year,Mailed check,DSL,YES,Yes,Y,N,56.83,2730.91,22,EAST,9/13/2019,No
CUST-10627,Male,0,YES,NO,49,Month-to-month,Bank transfer,Fiber optic,No,no,yes,NO,104.84,5127.89,29,SOUTH,1/18/2018,Yes
CUST-11345,Female,0,NO,yes,49,Month-to-month,Mailed check,Fiber optic,YES,Yes,NO,YES,67.29,3288.16,28,east,3/26/2023,Yes
CUST-13731,Male,0,yes,Y,36,Month-to-month,Mailed check,DSL,Y,no,No,NO,46.77,1686.26,66,West,6/12/2020,No
CUST-12440,Male,0,Yes,Y,55, Month-to-month ,Electronic check,No,No,No,No,yes,44.79,2465.85,40,Central,6/25/2019,Yes
CUST-14070,Female,0,YES,Y,51,Month-to-month,Bank transfer,DSL,YES,No,Yes,no,66.23,3363.97,69,North,11/4/2019,No
CUST-14447,Male,0,NO,No,0,ONE YEAR,Credit card,DSL,Y,No,no,YES,37.59,,62,Central,9/14/2017,Yes
CUST-15014,Female,0,N,Yes,62,MONTH-TO-MONTH,Electronic check,Fiber optic,YES,yes,Y,NO,109.69,6789.99,47,North,4/1/2020,No
CUST-12158,Female,0,NO,No,8,Month-to-month,Electronic check,DSL,NO,yes,NO,no,68.03,527.6,54,WEST,7/29/2019,No
CUST-13235,Male,0,Y,Y,56,Month-to-month,Credit card,DSL,Y,Yes,N,YES,40.63,2268.98,48,East,8/30/2018,No
CUST-12367,Female,0,N,YES,53,Month-to-month,Mailed check,No,No,No,No,YES,40.3,2153.59,53,South,12/26/2021,Yes
CUST-11289,Male,0,Yes,No,36,Month-to-month,Bank transfer,Fiber optic,YES,Yes,YES,N,106.54,3838.68,55,east,7/25/2022,Yes
CUST-13605,Male,1,Y,yes,26,MONTH-TO-MONTH,Credit card,Fiber optic,No,YES,YES,no,80.4,2103.85,78,East,12/19/2021,Yes
CUST-11876,Female,0,YES,NO,49,MONTH-TO-MONTH,Bank transfer,DSL,YES,Yes,NO,yes,59.62,2921.84,50, West ,12/6/2017,No
CUST-12054,Male,1,YES,No,19,Month-to-month,Credit card,No,No,No,No,yes,32.58,627.45,79,East,4/21/2020,Yes
CUST-10364,Female,0,Yes,YES,42, Month-to-month ,Bank transfer,DSL,yes,NO,yes,No,53.41,2226.62,54,WEST,8/2/2017,No
CUST-11495,Male,0,Y,no,18,Month-to-month,Mailed check,Fiber optic,YES,Yes,YES,NO,89.89,1602.86,47,west,12/18/2018,No
CUST-14145,Male,0,N,N,11,One year,Credit card,Fiber optic,yes,yes,NO,YES,92.08,999.52,59,West,11/13/2021,Yes
CUST-11344,Male,0,No,NO,48,Month-to-month,Bank transfer,No,No,No,No,N,34.1,1622.82,24,South,7/16/2019,Yes
CUST-11134,Male,0,YES,YES,31,ONE YEAR,Bank transfer,Fiber optic,YES,No,Y,YES,90,2789.99,49,south,11/16/2017,No
CUST-11620,Female,0,no,YES,52,Month-to-month,Credit card,Fiber optic,NO,No,no,no,65.64,3420.06,49,West,11/7/2017,No
CUST-12063,Male,0,NO,Yes,53,two year,Bank transfer,Fiber optic,Y,Yes,N,Y,90.02,4771.42,39,east,9/15/2023,No
CUST-12241,Female,0,no,NO,71,Month-to-month,Electronic check,Fiber optic,yes,No,N,N,81.4,5793.73,49,EAST,6/17/2021,Yes
CUST-10641,Female,0,YES,yes,16,month-to-month,Electronic check,DSL,Yes,no,Yes,Y,66.23,1077.27,47, West ,2/7/2018,No
CUST-10528,Male,0,Yes,yes,18,Month-to-month,Electronic check,Fiber optic,No,yes,Y,N,101.55,1812.21,35,west,10/22/2018,No
CUST-10047,Male,0,Y,Y,53,Month-to-month,Electronic check,Fiber optic,Y,NO,Y,No,75.27,3981.37,31,NORTH,5/19/2022,Yes
CUST-10644,Male,0,Yes,Y,51,Month-to-month,Mailed check,DSL,No,YES,N,no,67.39,3446.76,31, West ,7/4/2023,Yes
CUST-14452,Male,0,N,Y,63,Two year,Mailed check,DSL,NO,no,No,NO,55.5,3498.75,43,CENTRAL,9/14/2019,No
CUST-15707,Male,0,Yes,NO,16,Month-to-month,Bank transfer,Fiber optic,no,N,Yes,NO,85.22,1368.42,69,east,11/30/2022,No
CUST-11438,Female,0,NO,No,24,Month-to-month,Electronic check,Fiber optic,No,Y,no,No,83.04,2005.45,39,Central,4/12/2023,Yes
CUST-15269,Male,0,Yes,NO,35, One year ,Bank transfer,DSL,Yes,Yes,no,N,52.76,1842.15,39,west,6/18/2019,No
CUST-12747,Male,0,yes,YES,63,Two year,Credit card,Fiber optic,yes,NO,Yes,N,80.31,5055.9,43,West,11/19/2019,No
CUST-14758,Male,0,No,Yes,3,two year,Credit card,Fiber optic,YES,YES,NO,No,85.38,262.6,50,Central,8/1/2019,Yes
CUST-13984,Female,0,N,no,11,Two year,Bank transfer,No,No,No,No,No,20.12,238.71,38,South,10/4/2018,No
CUST-13558,Male,0,yes,yes,62,One year,Mailed check,Fiber optic,Yes,no,No,N,65.1,4030.33,19,South,1/22/2019,No
CUST-13069,Male,1,NO,No,71,Month-to-month,Credit card,DSL,No,NO,yes,YES,61.93,4388.95,76,East,7/9/2021,Yes
CUST-10106,Male,0,N,No,12,month-to-month,Electronic check,Fiber optic,Y,yes,Yes,YES,102.26,1234.74,60,South,7/15/2020,No
CUST-11217,Female,0,YES,NO,49,Two year,Credit card,DSL,Yes,yes,YES,no,56.57,2782.63,30,WEST,8/2/2022,No
CUST-15918,Female,0,Yes,Yes,9,month-to-month,Mailed check,Fiber optic,NO,No,N,Y,81.34,738.47,25,North,7/16/2017,Yes
CUST-11698,Female,1,Y,yes,5,MONTH-TO-MONTH,Bank transfer,No,No,No,No,No,33.87,158.77,73,Central,6/25/2017,No
CUST-13838,Male,1,YES,yes,67,One year,Credit card,No,No,No,No,YES,20.47,1374.08,80,West,3/31/2017,No
CUST-12557,Male,0,NO,N,37,Month-to-month,Credit card,No,No,No,No,Y,42.65,1565.68,41,NORTH,3/3/2018,Yes
CUST-12520,Female,0,no,Yes,33,Two year,Credit card,Fiber optic,YES,Y,no,yes,99.16,3270.61,41,East,6/24/2023,No
CUST-12401,Female,0,NO,Y,2,Two year,Bank transfer,Fiber optic,NO,N,No,N,74.95,147.49,38,West,12/21/2018,No
CUST-10223,Male,1,Y,Y,27,One year,Electronic check,No,No,No,No,No,11.22,285.76,78,North,12/2/2018,No
CUST-15850,Male,0,no,NO,5,One year,Credit card,No,No,No,No,No,31.85,160.21,49,Central,12/1/2019,No
CUST-12797,Female,1,YES,no,39,month-to-month,Electronic check,Fiber optic,No,No,NO,Yes,92.09,3571.6,77,Central,6/29/2019,No
CUST-12859,Male,0,Yes,Y,2,Month-to-month,Mailed check,DSL,Yes,N,N,Yes,59.42,133.03,19,East,9/19/2018,Yes
CUST-12454,Male,1,No,no,62,Month-to-month,Bank transfer,Fiber optic,yes,Yes,yes,Y,102.53,6344.2,78,East,10/15/2021,No
CUST-12375,Female,0,YES,NO,4,ONE YEAR,Mailed check,Fiber optic,Yes,no,Yes,Yes,102.48,425.73,63,South,3/9/2017,No
CUST-13202,Female,0,Y,no,37,Month-to-month,Electronic check,Fiber optic,No,no,NO,No,73.5,2724.67,56,Central,10/6/2021,No
CUST-11242,Male,0,no,yes,59,month-to-month,Credit card,No,No,No,No,Y,36.47,2134.15,23,South,11/4/2017,Yes
CUST-13166,Male,0,no,no,39,One year,Credit card,No,No,No,No,YES,13.82,558.86,42,CENTRAL,8/1/2018,No
CUST-15811,Male,0,no,Y,16, Month-to-month ,Mailed check,DSL,no,No,YES,No,73.55,1176.47,42,Central,2/4/2020,Yes
CUST-14084,Female,0,yes,N,2,Two year,Electronic check,No,No,No,No,YES,15.14,22.85,45,North,7/13/2021,No
CUST-11814,Female,0,Y,YES,47,One year,Credit card,No,No,No,No,no,32.48,1532.16,58, North ,2/16/2018,No
CUST-15028,Female,0,YES,yes,3,One year,Mailed check,Fiber optic,Yes,N,yes,NO,108.35,312.49,43,EAST,1/7/2020,Yes
CUST-14887,Female,1,Yes,YES,68,One year,Mailed check,Fiber optic,NO,N,NO,N,65.67,4459.04,82,North,5/7/2023,No
CUST-11195,Female,0,yes,Y,69,Two year,Credit card,Fiber optic,YES,yes,N,Y,83.28,5740.83,31,central,12/20/2020,Yes
CUST-14356,Female,0,Y,yes,61,one year,Credit card,Fiber optic,yes,N,Y,N,79.47,4858.82,35,west,10/17/2017,No
CUST-12814,Female,1,Y,no,37,MONTH-TO-MONTH,Bank transfer,Fiber optic,no,N,yes,NO,79.43,2957.45,82,central,7/19/2023,No
CUST-14286,Female,0,No,Yes,45,Month-to-month,Mailed check,Fiber optic,Yes,Yes,YES,NO,106.5,4784.99,150,central,3/13/2019,No
CUST-14820,Male,0,no,NO,47,month-to-month,Mailed check,No,No,No,No,Y,21.63,1036.27,65,SOUTH,8/25/2020,No
CUST-10560,Male,0,No,No,50,MONTH-TO-MONTH,Electronic check,Fiber optic,no,NO,NO,Y,71.13,3540.9,33,North,2/7/2022,No
CUST-14058,Male,1,N,N,24,Month-to-month,Electronic check,DSL,yes,NO,YES,yes,59.14,1425.18,79,south,3/31/2019,Yes
CUST-13867,Male,0,YES,yes,68,month-to-month,Bank transfer,DSL,N,N,yes,N,76.86,5241.5,57,WEST,9/9/2019,No
CUST-12341,Female,0,Y,Yes,39,Month-to-month,Mailed check,DSL,YES,N,Yes,N,52,2035.93,58,north,2/2/2023,No
CUST-15786,Male,1,NO,No,65,Month-to-month,Mailed check,Fiber optic,YES,N,NO,no,85.3,5529.16,73,North,2/26/2021,Yes
CUST-13530,Male,0,No,N,51,Month-to-month,Credit card,DSL,Y,NO,No,Y,37.5,1896.66,28,Central,12/4/2020,No
CUST-13139,Male,0,Y,NO,41,Month-to-month,Electronic check,Fiber optic,YES,YES,NO,Y,72.47,2962.37,25,West,5/7/2020,Yes
CUST-14855,Female,0,YES,N,66,MONTH-TO-MONTH,Mailed check,DSL,N,no,Yes,N,50.79,3368.24,41,east,7/14/2017,No
CUST-11439,Female,1,YES,yes,27,Month-to-month,Mailed check,DSL,N,YES,yes,No,61.51,1660.15,78,East,10/23/2023,No
CUST-10901,Male,0,YES,No,49,One year,Mailed check,DSL,N,Y,Y,N,60.24,2934.88,26,east,5/28/2020,No
CUST-12559,Male,0,no,No,37,Two year,Electronic check,No,No,No,No,N,33.9,1261.16,37,Central,7/18/2023,No
CUST-14873,Female,1,yes,no,24,Month-to-month,Credit card,DSL,Yes,yes,No,Yes,59.6,1427.91,77,west,8/10/2017,No
CUST-12243,Female,0,YES,Y,42,Month-to-month,Mailed check,No,No,No,No,yes,35.14,1456.1,60,North,10/7/2022,No
CUST-13777,Female,1,No,Y,50,Month-to-month,Bank transfer,DSL,No,yes,yes,No,52.44,2638.13,73,North,3/31/2023,No
CUST-11497,Male,0,N,yes,68,month-to-month,Credit card,Fiber optic,No,no,YES,yes,78.91,5385.02,64,WEST,6/27/2017,Yes
CUST-12014,Male,1,Yes,Y,53,Month-to-month,Bank transfer,No,No,No,No,No,13.71,718.79,80,East,1/25/2019,Yes
CUST-15214,Male,0,YES,Y,6,Month-to-month,Mailed check,No,No,No,No,yes,12.92,65.44,52,SOUTH,11/10/2022,No
CUST-12045,Female,0,Yes,YES,11,Two year,Electronic check,Fiber optic,YES,yes,no,No,74.98,809.92,55,North,7/24/2019,No
CUST-11556,Male,1,YES,YES,16,Month-to-month,Mailed check,DSL,Y,No,NO,Y,46.15,723.07,81,Central,1/11/2019,Yes
CUST-15702,Male,1,YES,Y,8,One year,Mailed check,Fiber optic,N,No,Y,N,107.23,860.35,84,West,4/4/2023,No
CUST-11246,Female,1,yes,No,59,one year,Bank transfer,Fiber optic,NO,Yes,YES,Yes,106.46,6285.42,82,Central,8/25/2019,Yes
CUST-14597,Male,1,YES,no,70,month-to-month,Credit card,DSL,NO,Y,YES,YES,57.76,4039.32,81,North,4/17/2021,No
CUST-14083,Female,0,YES,No,58,Two year,Credit card,DSL,Yes,No,NO,Yes,55.02,3202.82,42,South,5/17/2020,Yes
CUST-14737,Female,0,N,Y,66,Month-to-month,Electronic check,Fiber optic,no,N,No,Y,66.29,4374.65,69,West,12/13/2020,No
CUST-14733,Female,0,Yes,Y,24,MONTH-TO-MONTH,Electronic check,No,No,No,No,NO,30.25,710.96,52,central,6/26/2023,No
CUST-12366,Male,0,N,N,42,Two year,Bank transfer,No,No,No,No,yes,43.85,1824.37,58,south,9/25/2017,No
CUST-13845,Female,1,No,no,13,Month-to-month,Bank transfer,No,No,No,No,N,30.4,400.47,73,SOUTH,12/2/2018,Yes
CUST-14625,Female,0,N,Yes,70,Month-to-month,Credit card,No,No,No,No,YES,31.5,2189.61,38,West,7/15/2023,No
CUST-13754,Male,0,YES,NO,8,Month-to-month,Credit card,Fiber optic,Yes,Y,Yes,N,75.97,619,53,east,6/4/2023,No
CUST-13222,Female,0,yes,N,26,One year,Electronic check,DSL,Yes,Yes,no,yes,52.39,1363.54,25,south,5/30/2023,No
CUST-11952,Male,0,no,no,8,Month-to-month,Mailed check,Fiber optic,N,yes,yes,No,87.62,683.95,40,Central,5/23/2023,No
CUST-10017,Male,0,yes,Yes,31,Two year,Electronic check,Fiber optic,no,N,yes,Yes,106.24,3307.86,24,Central,2/25/2019,No
CUST-13119,Female,1,Y,No,61,ONE YEAR,Electronic check,Fiber optic,Yes,N,yes,NO,98.86,6037.3,85,South,6/1/2018,Yes
CUST-12936,Female,0,YES,Yes,3,TWO YEAR,Mailed check,No,No,No,No,yes,40.72,136.95,67,West,10/22/2018,No
CUST-10237,Male,0,Yes,no,66,one year,Credit card,Fiber optic,NO,Y,yes,NO,81.01,5337.06,48,NORTH,10/1/2019,No
CUST-11705,Male,0,Y,no,25,Month-to-month,Bank transfer,Fiber optic,yes,no,No,No,92.4,2319.95,34,North,9/18/2017,No
CUST-14716,Male,0,N,N,49,Two year,Bank transfer,No,No,No,No,yes,29.75,1458.26,36,Central,9/18/2020,No
CUST-12872,Male,1,Y,YES,38,Month-to-month,Credit card,Fiber optic,NO,YES,Y,YES,97.56,3707.8,72,South,9/12/2017,No
CUST-11678,Male,0,N,yes,57,One year,Mailed check,DSL,no,NO,Yes,No,72.69,4134.32,63,Central,4/16/2020,No
CUST-15863,Male,1,No,yes,71,Month-to-month,Mailed check,Fiber optic,YES,N,yes,no,103.5,7331.66,81,South,6/13/2023,Yes
CUST-15898,Male,1,N,YES,24,Two year,Bank transfer,Fiber optic,NO,No,Yes,NO,91.41,2194.21,75,EAST,9/8/2018,No
CUST-14271,Male,0,NO,Y,8,Month-to-month,Mailed check,Fiber optic,no,Y,N,N,97.26,764.1,65,South,5/7/2021,Yes
CUST-13723,Female,0,N,No,12,TWO YEAR,Bank transfer,DSL,Yes,YES,N,Y,42.02,522.17,64,NORTH,12/20/2022,No
CUST-10674,Female,0,yes,NO,8,Month-to-month,Mailed check,Fiber optic,No,YES,Yes,Y,108.61,869.38,34,Central,11/16/2017,No
CUST-13288,Female,1,N,Y,39,One year,Credit card,Fiber optic,Yes,No,no,Y,88.66,3447.65,72,NORTH,8/22/2023,Yes
CUST-13320,Female,0,N,NO,59,TWO YEAR,Mailed check,No,No,No,No,Y,16.38,948.38,36,South,7/30/2023,No
CUST-12021,Male,0,NO,YES,47,MONTH-TO-MONTH,Electronic check,Fiber optic,Yes,Y,No,NO,90.45,4266.99,49,SOUTH,9/27/2019,No
CUST-13470,Male,0,YES,Yes,16,MONTH-TO-MONTH,Credit card,DSL,Y,no,NO,YES,40.25,662.63,51,east,7/13/2022,Yes
CUST-11534,Female,0,NO,Yes,41, One year ,Bank transfer,DSL,yes,NO,yes,Yes,58.89,2402.71,56,NORTH,12/28/2021,No
CUST-10040,Male,0,No,yes,49,Month-to-month,Credit card,Fiber optic,N,N,NO,YES,72.6,3555.19,33,Central,11/8/2019,No
CUST-11312,Female,0,YES,yes,40,MONTH-TO-MONTH,Mailed check,DSL,YES,Yes,Yes,No,58.27,2330.35,33,North,5/31/2019,Yes
CUST-11902,Female,1,No,Y,15,TWO YEAR,Bank transfer,No,No,No,No,NO,44.56,687.2,78,West,7/3/2020,No
CUST-11045,Female,0,YES,No,24,MONTH-TO-MONTH,Mailed check,DSL,NO,YES,Yes,Y,67.18,1596.16,64,South,5/24/2018,No
CUST-14955,Female,0,No,Yes,26,Month-to-month,Mailed check,Fiber optic,NO,N,NO,No,74.51,1927.99,63,South,3/6/2021,No
CUST-11453,Female,0,Yes,N,59,Two year,Mailed check,No,No,No,No,yes,25.25,1470.61,62,EAST,9/18/2022,No
CUST-10868,Male,0,No,YES,57,Two year,Mailed check,Fiber optic,N,yes,Yes,YES,75.95,4324.13,30,North,11/15/2023,No
CUST-13269,Male,0,No,Y,65,Month-to-month,Bank transfer,DSL,YES,no,N,No,68.41,4450.21,38,East,11/14/2020,Yes
CUST-12680,Male,0,Yes,No,58,Two year,Electronic check,Fiber optic,Y,N,yes,yes,105.7,6144.83,51,NORTH,9/12/2020,No
CUST-12742,Male,0,YES,no,59,MONTH-TO-MONTH,Electronic check,No,No,No,No,Yes,30.91,1834.08,62,north,4/30/2020,Yes
CUST-10341,Female,0,NO,No,6,Month-to-month,Credit card,DSL,N,yes,yes,no,58.26,358.98,21,Central,10/8/2019,Yes
CUST-15158,Female,1,Yes,NO,47,MONTH-TO-MONTH,Bank transfer,Fiber optic,N,YES,No,No,89.51,4189.75,82,Central,12/23/2017,No
CUST-13931,Female,1,NO,N,71,Month-to-month,Bank transfer,DSL,yes,Yes,No,YES,56.32,3985.58,75,central,5/8/2021,Yes
CUST-13689,Female,0,No,N,24,Two year,Mailed check,Fiber optic,Yes,yes,No,YES,68.93,1651.44,67,East,10/19/2023,No
CUST-10551,Male,0,YES,NO,26,Two year,Mailed check,DSL,NO,no,NO,Y,48.12,1246.79,63,EAST,11/19/2020,No
CUST-15563,Male,1,N,NO,42,Month-to-month,Credit card,No,No,No,No,no,44.8,1870.67,78,West,12/3/2022,No
CUST-10646,Female,0,No,No,27,ONE YEAR,Bank transfer,DSL,N,No,Y,YES,51.68,1412.77,53,south,4/4/2020,No
CUST-12163,Male,0,No,Y,32,MONTH-TO-MONTH,Bank transfer,No,No,No,No,no,28.56,925.68,-5,East,8/11/2020,Yes
CUST-13038,Male,0,yes,Yes,59, Month-to-month ,Electronic check,DSL,No,Y,NO,NO,66.71,3943.22,65, Central ,10/12/2018,No
CUST-11027,Male,0,N,No,67,Month-to-month,Bank transfer,Fiber optic,No,No,yes,YES,92.23,6189.81,53,SOUTH,10/22/2018,Yes
CUST-11280,Male,0,Yes,Y,71,month-to-month,Bank transfer,Fiber optic,N,yes,YES,yes,76.86,5460.99,35,CENTRAL,10/6/2017,Yes
CUST-11789,Female,0,Yes,NO,31,Month-to-month,Mailed check,No,No,No,No,Yes,15.62,502.14,62,CENTRAL,5/25/2019,No
CUST-14956,Female,0,YES,YES,26,Month-to-month,Electronic check,DSL,YES,NO,NO,NO,68.89,1803.61,28,Central,7/23/2021,No
CUST-11241,Female,0,Yes,NO,14,Month-to-month,Bank transfer,Fiber optic,Y,yes,No,YES,73.81,1048.92,46,Central,10/4/2019,No
CUST-11220,Male,0,Y,Y,66,One year,Credit card,No,No,No,No,NO,27.64,1822.31,36,East,1/12/2020,No
CUST-11021,Female,0,No,N,52,Month-to-month,Credit card,Fiber optic,Yes,NO,yes,YES,92.99,4823.3,44,South,5/8/2020,Yes
CUST-10902,Male,0,no,yes,34,ONE YEAR,Electronic check,DSL,N,no,N,Yes,38.28,1316.09,57,East,2/10/2023,No
CUST-14425,Male,0,Y,Yes,65,Month-to-month,Mailed check,Fiber optic,Y,Y,yes,No,89.2,5785.87,44, Central ,8/28/2021,Yes
CUST-12934,Male,0,N,NO,38,Month-to-month,Mailed check,DSL,NO,yes,no,Y,67.78,2558.52,29,CENTRAL,10/18/2019,Yes
CUST-13494,Male,0,Y,no,3,Month-to-month,Credit card,Fiber optic,N,yes,YES,no,94.44,287.53,43,NORTH,5/28/2019,No
CUST-13179,Female,0,No,no,32,Month-to-month,Mailed check,Fiber optic,YES,YES,No,Y,70.81,2266.31,40,Central,7/18/2021,No
CUST-10586,Male,1,yes,No,52,Month-to-month,Mailed check,Fiber optic,Yes,NO,N,NO,80.52,4175.1,74,South,8/8/2021,Yes
CUST-13585,Female,0,no,No,69,ONE YEAR,Credit card,No,No,No,No,No,42.71,2949.82,54,west,4/5/2020,No
CUST-13564,Female,1,N,yes,40,TWO YEAR,Mailed check,Fiber optic,yes,YES,No,no,95.58,3820.85,82,North,5/19/2021,Yes
CUST-15156,Male,0,yes,no,8,Month-to-month,Bank transfer,Fiber optic,no,NO,Y,No,84.95,696.64,27,east,1/7/2020,No
CUST-11886,Male,1,Y,Y,17,Month-to-month,Electronic check,DSL,No,no,No,Y,40.35,683.58,81,East,7/4/2023,Yes
CUST-14977,Female,0,NO,no,37, Month-to-month ,Mailed check,Fiber optic,N,N,YES,no,94.61,3490.38,37,West,9/22/2018,No
CUST-13223,Male,0,yes,Y,2,month-to-month,Bank transfer,No,No,No,No,YES,18.54,33.02,21,east,5/11/2022,Yes
CUST-14957,Female,0,N,No,19,Month-to-month,Bank transfer,DSL,NO,no,yes,Yes,54.93,1060.83,64,West,11/23/2022,No
CUST-12798,Male,0,No,Y,58,Month-to-month,Mailed check,No,No,No,No,Y,22.3,1277.93,37,West,8/24/2017,Yes
CUST-15021,Male,1,Yes,Yes,70,ONE YEAR,Mailed check,DSL,Yes,N,NO,YES,68.02,4763.73,80,East,9/14/2020,No
CUST-13862,Male,1,Yes,No,34,Two year,Credit card,DSL,NO,Yes,Yes,no,60.01,2059.45,71,South,8/18/2023,No
CUST-10979,Female,0,Yes,yes,10,One year,Credit card,DSL,no,NO,N,No,45.88,440.1,39,South,4/20/2017,No
CUST-15671,Female,0,Yes,No,14,two year,Credit card,DSL,Yes,Yes,no,No,63.7,894.14,21,central,4/12/2021,No
CUST-11306,Male,0,YES,no,30,One year,Credit card,DSL,NO,Y,YES,N,45.3,1378.08,65,east,9/2/2018,Yes
CUST-12611,Male,0,no,No,61,One year,Electronic check,No,No,No,No,Yes,35.51,2184.24,48,West,4/7/2019,No
CUST-11160,Female,1,no,N,58,One year,Bank transfer,DSL,Yes,Y,NO,Y,43.15,2498.34,80,East,8/29/2019,No
CUST-15979,Female,0,N,no,33,One year,Electronic check,Fiber optic,no,NO,YES,yes,83.74,2751.96,29,CENTRAL,12/8/2022,No
CUST-14849,Female,0,No,NO,1,Month-to-month,Electronic check,DSL,Yes,Yes,yes,no,57.01,51.25,67,CENTRAL,1/8/2018,No
CUST-14282,Female,0,Yes,Y,57,MONTH-TO-MONTH,Mailed check,DSL,NO,N,yes,No,50.13,2845.12,63,East,3/13/2017,No
CUST-14127,Female,0,No,YES,69,Month-to-month,Electronic check,Fiber optic,no,N,No,NO,81.22,5618.67,50,North,9/3/2020,No
CUST-13270,Female,0,YES,No,65,Two year,Electronic check,No,No,No,No,Y,30.9,2007.58,61,West,3/31/2022,No
CUST-11538,Female,0,NO,Yes,42,Two year,Mailed check,Fiber optic,NO,Yes,NO,Y,82.3,3468.63,63,South,5/30/2021,No
CUST-14096,Female,0,N,YES,67,one year,Mailed check,DSL,no,yes,no,No,41.15,2771.49,45,North,3/30/2022,No
CUST-12762,Male,0,no,No,72,month-to-month,Credit card,Fiber optic,YES,No,Yes,NO,102.96,7422.62,49,WEST,3/3/2020,No
CUST-14585,Female,0,No,Yes,36,TWO YEAR,Credit card,Fiber optic,Yes,N,no,No,79.86,2875.57,42,NORTH,8/23/2022,No
CUST-15240,Male,0,no,Yes,17, One year ,Mailed check,Fiber optic,NO,yes,Y,N,81.7,1375.85,47,North,5/30/2020,Yes
CUST-13399,Male,0,Y,yes,51,Two year,Electronic check,DSL,yes,NO,no,NO,38.68,1991.58,33, South ,10/17/2017,Yes
CUST-15106,Female,0,yes,NO,38,One year,Bank transfer,No,No,No,No,yes,35.1,1333.06,48,South,8/18/2023,No
CUST-12296,Male,1,yes,N,55,TWO YEAR,Credit card,DSL,YES,NO,Y,NO,50.23,2751.32,76,CENTRAL,6/21/2019,Yes
CUST-14365,Male,0,yes,YES,45,Month-to-month,Bank transfer,DSL,yes,N,no,Y,63.16,2829.91,51, North ,8/7/2019,Yes
CUST-15400,Male,0,Y,yes,45,ONE YEAR,Mailed check,Fiber optic,yes,yes,N,NO,79.15,3573.23,32,Central,2/4/2023,No
CUST-11184,Male,0,no,no,27,Month-to-month,Credit card,Fiber optic,N,No,No,N,95.98,2586.59,58, North ,10/20/2018,Yes
CUST-12180,Male,0,yes,YES,17,two year,Electronic check,DSL,N,NO,yes,Yes,72.78,1222.27,38,West,4/23/2019,No
CUST-15550,Male,0,yes,Y,43,one year,Bank transfer,DSL,YES,YES,No,YES,46.18,1981.71,26,Central,1/11/2023,No
CUST-13747,Male,1,Yes,yes,62,Two year,Credit card,No,No,No,No,no,21.98,1364.62,79,west,2/11/2021,No
CUST-12166,Male,1,YES,Y,56,Month-to-month,Bank transfer,DSL,yes,Y,YES,Yes,79.14,4436.2,84,North,1/26/2023,Yes
CUST-10649,Female,0,yes,NO,61,Two year,Mailed check,No,No,No,No,Y,10.1,597.86,21,north,8/4/2022,No
CUST-14103,Male,1,YES,YES,30,MONTH-TO-MONTH,Credit card,DSL,Yes,Y,N,Yes,36.21,1068.46,82,South,11/25/2021,No
CUST-13290,Female,0,Yes,yes,38,two year,Bank transfer,Fiber optic,N,Yes,No,NO,98.93,3774.47,41,East,2/15/2021,No
CUST-10296,Female,0,No,NO,55,two year,Credit card,DSL,N,Yes,no,Y,53.63,2942.3,43,North,9/26/2021,No
CUST-13228,Female,0,Yes,Y,26,two year,Credit card,No,No,No,No,YES,15.3,390.38,47,South,3/4/2017,No
CUST-10758,Male,0,no,yes,15,ONE YEAR,Bank transfer,DSL,NO,Yes,YES,Y,55.63,825.99,68, West ,4/8/2020,No
CUST-10534,Female,0,Yes,No,6,Two year,Bank transfer,No,No,No,No,Y,35.51,231.51,24,West,4/27/2023,No
CUST-13360,Female,0,NO,No,41,MONTH-TO-MONTH,Credit card,Fiber optic,no,NO,YES,NO,97.77,4025.58,48,EAST,4/28/2023,Yes
CUST-14051,Male,1,yes,Yes,70,Month-to-month,Bank transfer,Fiber optic,N,Yes,Yes,Y,109.79,7677.67,79,North,10/1/2020,Yes
CUST-13041,Female,0,N,no,49, Month-to-month ,Electronic check,No,No,No,No,yes,42.65,2084.77,36,West,3/2/2018,No
CUST-11530,Female,0,yes,Yes,54,TWO YEAR,Bank transfer,DSL,Yes,YES,yes,NO,48.42,2622.75,57,West,4/2/2022,No
CUST-14988,Female,0,Y,Yes,30,Month-to-month,Electronic check,No,No,No,No,N,36.38,1096.33,65,Central,10/15/2022,No
CUST-15142,Male,0,YES,No,30, One year ,Credit card,No,No,No,No,Y,29.41,897.41,58,West,5/18/2019,No
CUST-11626,Male,0,no,NO,20,Two year,Credit card,No,No,No,No,Yes,21.98,440.36,40,north,9/14/2017,No
CUST-10964,Male,1,No,No,17,Two year,Credit card,Fiber optic,YES,NO,No,no,67.58,1161.99,72,South,7/7/2023,No
CUST-10066,Female,1,Yes,YES,26,One year,Credit card,Fiber optic,YES,NO,Y,Yes,99.1,2562.92,83, South ,6/28/2018,No
CUST-11672,Male,0,N,yes,34,Month-to-month,Electronic check,DSL,N,Yes,Y,no,66.62,2276.66,55,West,9/10/2017,Yes
CUST-14008,Male,0,Y,NO,15,Month-to-month,Bank transfer,Fiber optic,no,yes,YES,no,92,1399.05,23,Central,7/12/2023,No
CUST-12966,Female,0,NO,NO,7,One year,Electronic check,Fiber optic,yes,yes,NO,no,93.7,663.44,44,Central,4/29/2019,No
CUST-14538,Female,1,YES,No,23,MONTH-TO-MONTH,Credit card,DSL,N,yes,yes,NO,76.56,1764.95,83,North,1/20/2019,Yes
CUST-12666,Male,0,No,NO,55,ONE YEAR,Credit card,Fiber optic,no,yes,yes,YES,99.04,5456.06,21,west,1/1/2023,No
CUST-10895,Male,0,NO,Y,6,One year,Electronic check,Fiber optic,NO,no,Y,Y,103.67,633.08,56,West,1/31/2023,No
CUST-15030,Male,0,yes,no,7,Two year,Mailed check,Fiber optic,Y,N,no,YES,67.77,459.57,41,Central,1/7/2023,No
CUST-11674,Male,0,no,no,10,Month-to-month,Bank transfer,DSL,NO,no,Yes,Y,58.07,575.28,38,South,8/6/2018,Yes
CUST-15123,Male,0,no,yes,68,One year,Electronic check,DSL,no,yes,Y,yes,71.97,4886.93,52,South,4/26/2017,Yes
CUST-15999,Male,1,NO,NO,41,Month-to-month,Electronic check,DSL,no,yes,yes,Yes,59.07,2425.58,83,South,3/25/2022,Yes
CUST-12768,Male,0,no,N,62,Two year,Electronic check,No,No,No,No,Yes,27.4,1690.63,28,West,8/22/2022,No
CUST-14571,Female,0,no,YES,8,Month-to-month,Credit card,No,No,No,No,yes,12.75,120.82,26,East,5/26/2017,No
CUST-10884,Female,0,YES,no,3,Two year,Bank transfer,Fiber optic,Yes,N,N,N,69.72,200.07,27,West,9/10/2017,Yes
CUST-11582,Male,0,YES,no,72,Month-to-month,Electronic check,Fiber optic,Yes,YES,N,Y,96.07,6912.39,54,north,3/4/2021,No
CUST-14264,Female,1,no,NO,19,One year,Mailed check,DSL,Yes,No,no,Y,67.29,1276.58,75,EAST,11/18/2023,No
CUST-10459,Male,0,N,NO,2,One year,Credit card,Fiber optic,no,yes,yes,YES,77.27,135.78,54,West,10/1/2018,No
CUST-10645,Male,0,NO,No,19,One year,Bank transfer,DSL,Yes,N,no,No,55.18,1041.49,26,North,3/28/2022,No
CUST-10587,Female,0,Y,Yes,7,One year,Bank transfer,DSL,YES,YES,Yes,Yes,65.53,452.62,59,East,5/28/2021,No
CUST-14673,Female,0,YES,N,55,Two year,Credit card,No,No,No,No,YES,23.34,1269.24,44,CENTRAL,4/7/2017,No
CUST-15012,Male,0,N,N,22,Month-to-month,Bank transfer,Fiber optic,YES,yes,No,YES,89.4,1972.12,37,Central,8/29/2019,Yes
CUST-12451,Female,0,N,NO,48,Month-to-month,Bank transfer,No,No,No,No,Y,12.19,569.27,49,NORTH,9/25/2017,No
CUST-14141,Male,0,N,no,23,Month-to-month,Credit card,Fiber optic,No,Yes,Y,Y,108.04,2488.74,66,North,11/3/2022,Yes
CUST-10839,Female,0,N,N,3,Month-to-month,Mailed check,DSL,Yes,yes,No,yes,61.84,185.88,57,Central,1/8/2023,No
CUST-11308,Female,0,NO,Yes,15,one year,Bank transfer,Fiber optic,NO,No,NO,Yes,98.34,1494.52,53,west,2/15/2019,Yes
CUST-12486,Female,0,no,Y,58,Month-to-month,Bank transfer,Fiber optic,N,Y,Yes,Yes,83.49,4861.14,68,Central,5/25/2018,Yes
CUST-15646,Male,1,No,NO,64,Two year,Electronic check,DSL,yes,Y,no,No,45.23,2885.43,77,West,7/25/2021,No
CUST-12507,Female,0,No,Y,32,month-to-month,Mailed check,Fiber optic,NO,yes,N,yes,76.18,2436.72,26,East,4/9/2017,No
CUST-10041,Male,0,Yes,N,11,One year,Electronic check,DSL,yes,no,yes,no,56.5,607.4,56,South,11/21/2023,No
CUST-13310,Male,0,Y,Yes,62,Two year,Bank transfer,Fiber optic,No,N,no,N,90.2,5611.14,58,Central,5/25/2018,Yes
CUST-14156,Male,0,NO,Y,20,Two year,Credit card,Fiber optic,N,N,Yes,yes,76.53,1522.96,18,East,4/13/2021,No
CUST-14908,Male,0,Yes,Y,39,Two year,Mailed check,Fiber optic,no,YES,Yes,yes,86.52,3379.53,53,West,11/7/2022,No
CUST-11375,Male,0,NO,No,20, One year ,Bank transfer,DSL,no,N,no,NO,61.8,1227.45,36,Central,12/6/2020,No
CUST-13487,Male,1,Y,no,19,Two year,Bank transfer,Fiber optic,NO,YES,No,N,87.52,1674.1,78,East,11/10/2022,No
CUST-12087,Female,1,No,Y,30,month-to-month,Electronic check,Fiber optic,yes,Yes,Y,yes,86.45,2610.21,73,Central,12/20/2022,No
CUST-12810,Female,0,Yes,yes,0,MONTH-TO-MONTH,Bank transfer,Fiber optic,yes,Yes,yes,yes,102.37,,30,West,8/4/2019,Yes
CUST-15437,Male,0,NO,yes,70,One year,Electronic check,Fiber optic,NO,no,Yes,Y,84.52,5910.66,66,East,12/21/2021,No
CUST-12392,Female,0,YES,No,70,One year,Bank transfer,Fiber optic,yes,NO,NO,no,82.33,5753.59,37,North,1/10/2023,No
CUST-13433,Female,0,No,no,20,Month-to-month,Bank transfer,No,No,No,No,N,27.93,544.15,60,South,8/2/2021,No
CUST-15155,Female,0,NO,YES,36,One year,Bank transfer,Fiber optic,Y,No,Yes,Y,77.98,2798.08,67,West,4/3/2019,No
CUST-12816,Female,1,N,N,67,One year,Mailed check,No,No,No,No,no,23.06,1527.34,73,south,10/16/2019,No
CUST-11960,Male,0,N,N,18,TWO YEAR,Credit card,Fiber optic,NO,NO,no,N,72.69,1325.67,49,East,2/23/2019,No
CUST-10471,Male,0,N,Y,7,Month-to-month,Bank transfer,DSL,YES,yes,No,Y,63.85,461.91,55,west,7/26/2020,No
CUST-14237,Male,0,N,YES,65,Month-to-month,Mailed check,No,No,No,No,no,19.51,1274.71,54,West,7/17/2023,No
CUST-10987,Male,0,N,N,65,One year,Bank transfer,Fiber optic,yes,Yes,Yes,Yes,102.32,6669.46,18,Central,10/19/2018,No
CUST-13238,Male,0,no,No,13,month-to-month,Electronic check,No,No,No,No,Yes,22.67,280.4,44,east,9/30/2021,Yes
CUST-12115,Female,0,No,YES,23,ONE YEAR,Bank transfer,DSL,N,Y,Y,Y,54.8,1256.72,42,South,12/23/2018,No
CUST-10818,Female,0,YES,N,21,One year,Bank transfer,Fiber optic,Y,YES,Yes,N,85.55,1776.66,65,north,5/14/2018,No
CUST-13600,Female,1,No,no,19,Month-to-month,Bank transfer,Fiber optic,YES,NO,Yes,N,104.58,2006.2,72,Central,5/25/2023,No
CUST-10163,Male,1,Y,N,44,ONE YEAR,Electronic check,Fiber optic,yes,No,Y,Yes,99.82,4403.66,73,East,2/3/2018,No
CUST-11825,Female,0,N,YES,11,Month-to-month,Electronic check,No,No,No,No,Y,35.62,378.86,29,NORTH,5/22/2019,Yes
CUST-11963,Male,0,No,Y,9,ONE YEAR,Credit card,Fiber optic,NO,NO,NO,No,72.54,661.07,38,East,5/13/2018,No
CUST-13207,Male,0,yes,YES,33, One year ,Credit card,No,No,No,No,NO,26.39,855.37,48,East,3/2/2022,No
CUST-11532,Male,0,No,No,61,Month-to-month,Bank transfer,Fiber optic,Yes,no,NO,YES,87.19,5337.27,58,south,9/27/2020,No
CUST-10827,Female,0,Y,yes,22,month-to-month,Bank transfer,DSL,yes,Y,YES,Y,51.6,1145.62,29,south,10/11/2023,No
CUST-15665,Male,0,NO,YES,68,month-to-month,Electronic check,Fiber optic,no,Yes,YES,NO,101.99,6935.33,44,West,4/6/2019,Yes
CUST-12314,Female,0,No,Yes,69,Month-to-month,Electronic check,Fiber optic,YES,No,YES,YES,81.97,5659.77,35,central,9/12/2019,No
CUST-15384,Female,0,yes,Yes,68,month-to-month,Bank transfer,No,No,No,No,Yes,17.62,1217.89,38,South,2/3/2018,No
CUST-14647,Female,1,No,no,27,One year,Electronic check,Fiber optic,YES,N,N,NO,74.53,1992.84,83,Central,9/1/2018,Yes
CUST-14874,Female,0,YES,NO,65, One year ,Mailed check,Fiber optic,Yes,Yes,yes,no,93.97,6112.09,61,West,12/21/2022,Yes
CUST-13821,Female,0,Yes,Yes,23,One year,Credit card,DSL,yes,Yes,NO,yes,67.23,1536.1,29,East,6/15/2019,No
CUST-14797,Male,0,Y,yes,7,Month-to-month,Credit card,Fiber optic,no,NO,Y,Yes,77.25,548.78,42,East,1/21/2021,Yes
CUST-15994,Female,1,N,YES,36,month-to-month,Mailed check,Fiber optic,Yes,N,N,yes,82.54,2971.78,74,East,5/19/2021,Yes
CUST-12861,Female,0,yes,YES,15,Month-to-month,Electronic check,DSL,No,NO,Y,Y,60.47,923.27,25,West,9/23/2022,Yes
CUST-14678,Female,0,NO,yes,18,one year,Electronic check,No,No,No,No,YES,19.61,335.8,30,north,12/31/2017,Yes
CUST-13551,Male,0,Y,YES,55,One year,Credit card,No,No,No,No,YES,28.11,1559.72,39,SOUTH,2/7/2021,No
CUST-12399,Female,0,NO,Y,72,Two year,Mailed check,Fiber optic,Y,YES,Y,Yes,77.51,5579.68,55, East ,9/7/2019,Yes
CUST-14179,Male,0,yes,Y,20,Month-to-month,Bank transfer,DSL,yes,no,no,YES,59.79,1197.6,43,Central,4/17/2023,Yes
CUST-15415,Female,0,No,NO,16,Month-to-month,Electronic check,No,No,No,No,YES,34.98,572.91,21,East,1/28/2018,No
CUST-12906,Male,1,NO,N,13,One year,Mailed check,DSL,no,NO,YES,yes,76.28,987.81,84,north,4/10/2021,No
CUST-15027,Male,1,No,No,6,Month-to-month,Mailed check,DSL,YES,NO,Yes,yes,54.6,329.08,84,WEST,2/16/2019,No
CUST-10673,Male,0,no,yes,34,One year,Mailed check,DSL,YES,Yes,N,YES,53,1784.68,45,East,1/18/2020,No
CUST-10629,Female,0,no,yes,28,month-to-month,Bank transfer,DSL,No,N,Yes,N,63.16,1786.73,53,West,4/13/2020,Yes
CUST-14648,Female,1,no,N,62,Month-to-month,Electronic check,DSL,N,YES,N,no,59.55,3704.75,74,central,4/7/2017,No
CUST-12776,Female,0,yes,no,67,Two year,Credit card,DSL,YES,yes,yes,Yes,76.59,5149.88,20,Central,3/15/2017,No
CUST-14315,Male,0,YES,Yes,59,One year,Bank transfer,DSL,Yes,Y,NO,NO,40.62,2403.83,29,south,1/2/2019,No
CUST-11256,Male,0,Y,YES,60,One year,Mailed check,DSL,N,no,Y,no,75.46,4534.33,44,Central,7/8/2023,No
CUST-10596,Male,0,yes,No,54,Month-to-month,Mailed check,DSL,No,N,Yes,NO,61.13,3308.27,39,North,8/2/2023,Yes
CUST-13647,Female,0,yes,YES,24,Month-to-month,Bank transfer,No,No,No,No,NO,33.13,811.74,56,NORTH,10/7/2018,No
CUST-13703,Female,0,Y,YES,57,ONE YEAR,Electronic check,No,No,No,No,Y,41.42,2371.4,64,CENTRAL,3/15/2023,No
CUST-15242,Female,0,Y,No,12, Two year ,Electronic check,Fiber optic,no,YES,Y,Yes,104.08,1237.12,53,NORTH,6/2/2022,Yes
CUST-14319,Female,1,Yes,N,56,Month-to-month,Bank transfer,Fiber optic,NO,no,yes,Yes,77.74,4355.76,82,CENTRAL,1/16/2022,No
CUST-15866,Female,0,Yes,no,32,two year,Electronic check,DSL,yes,NO,Y,no,67.95,2168.13,45, South ,3/31/2022,No
CUST-13466,Male,1,Yes,No,53,two year,Bank transfer,Fiber optic,yes,Y,Yes,yes,78.55,4165.46,83,West,7/16/2018,Yes
CUST-14308,Female,0,YES,YES,20,TWO YEAR,Credit card,Fiber optic,N,no,yes,No,98.52,1970.06,66,West,10/8/2021,Yes
CUST-10252,Female,0,N,Yes,22,One year,Bank transfer,No,No,No,No,Y,14.71,332.25,49,Central,9/10/2022,No
CUST-12553,Male,0,Y,NO,57,month-to-month,Electronic check,Fiber optic,NO,N,N,NO,97.4,5564.45,46,South,2/16/2022,Yes
CUST-10152,Female,1,N,YES,24,Month-to-month,Electronic check,No,No,No,No,Yes,31.94,754.99,76,West,3/1/2019,Yes
CUST-13868,Male,0,no,N,66,month-to-month,Mailed check,Fiber optic,yes,N,N,No,82.76,5454.93,28,Central,9/24/2021,Yes
CUST-11550,Female,1,NO,Y,2,MONTH-TO-MONTH,Mailed check,No,No,No,No,yes,21.07,39.02,72, Central ,10/5/2021,No
CUST-13435,Male,0,NO,Y,2,Month-to-month,Bank transfer,Fiber optic,NO,Yes,no,No,82.38,183.9,40, North ,11/23/2019,No
CUST-10477,Male,0,no,Y,56,MONTH-TO-MONTH,Mailed check,Fiber optic,No,yes,No,yes,69.21,3875.32,56,south,11/26/2019,Yes
CUST-12178,Female,0,yes,yes,43,Month-to-month,Bank transfer,Fiber optic,YES,N,no,YES,94.7,4086.83,32,South,2/23/2020,No
CUST-14027,Male,0,no,no,11,MONTH-TO-MONTH,Credit card,DSL,No,No,YES,no,62.32,692.02,18,East,3/11/2019,Yes
CUST-15356,Female,0,Yes,NO,0,Month-to-month,Bank transfer,Fiber optic,Yes,Yes,Y,Yes,102.46,,30, East ,4/18/2022,No
CUST-13537,Female,0,yes,Y,49,MONTH-TO-MONTH,Electronic check,DSL,no,YES,NO,N,44.75,2188.71,30,CENTRAL,2/19/2019,No
CUST-14046,Male,0,YES,no,51,MONTH-TO-MONTH,Credit card,Fiber optic,YES,yes,NO,No,81.48,4151.26,20,east,1/12/2019,Yes
CUST-11540,Female,0,yes,no,23,Month-to-month,Mailed check,No,No,No,No,no,28.33,644.46,63, Central ,8/7/2018,No
CUST-13644,Female,1,Y,yes,36,Month-to-month,Bank transfer,Fiber optic,yes,Yes,NO,Yes,90.37,3238,84,West,8/14/2017,No
CUST-14782,Male,0,NO,no,70,two year,Bank transfer,No,No,No,No,yes,29.32,2052.61,34,South,11/28/2019,No
CUST-15133,Male,0,no,YES,41,Month-to-month,Bank transfer,DSL,NO,NO,Y,yes,76.22,3123.49,59, West ,1/10/2019,No
CUST-15612,Female,0,Yes,N,19,month-to-month,Credit card,Fiber optic,Y,yes,NO,N,84.11,1593.94,56,East,2/25/2023,Yes
CUST-10731,Female,0,no,NO,46,one year,Mailed check,DSL,Y,Yes,YES,yes,55.38,2534.82,44,North,2/25/2022,No
CUST-14361,Male,0,No,Yes,9,One year,Mailed check,No,No,No,No,Yes,26.74,244.16,41,West,10/30/2018,Yes
CUST-13431,Female,1,yes,no,12,MONTH-TO-MONTH,Electronic check,Fiber optic,NO,YES,No,Y,68.67,813.67,78,North,5/24/2018,Yes
CUST-13426,Male,0,Yes,no,19,Month-to-month,Electronic check,No,No,No,No,No,26.62,486.19,32,East,6/8/2023,No
CUST-14382,Male,0,yes,N,41,month-to-month,Credit card,Fiber optic,Y,Y,YES,Y,77.97,3206.46,48,North,3/1/2017,No
CUST-12191,Male,0,no,No,50,Month-to-month,Mailed check,DSL,YES,no,Yes,Y,47.02,2343.81,24,East,1/26/2019,No
CUST-15181,Male,0,NO,Yes,68,MONTH-TO-MONTH,Bank transfer,DSL,Yes,N,NO,YES,45.48,3088.17,29,South,7/11/2018,No
CUST-14969,Male,0,yes,YES,43,Two year,Credit card,Fiber optic,NO,No,NO,N,65.41,2831.33,30,North,7/30/2019,Yes
CUST-12707,Female,0,N,YES,8,ONE YEAR,Bank transfer,DSL,N,no,no,Yes,45.39,380.69,33,East,12/16/2018,No
CUST-12358,Female,1,N,yes,60,ONE YEAR,Bank transfer,No,No,No,No,yes,31.21,1869.09,80,South,9/23/2020,No
CUST-10953,Female,0,yes,no,36,Month-to-month,Credit card,Fiber optic,Y,Yes,YES,NO,107.52,3867.83,49,SOUTH,8/2/2021,No
CUST-14824,Male,0,No,No,48,Month-to-month,Electronic check,DSL,no,Yes,N,yes,64.05,3063.01,44,West,6/8/2019,No
CUST-12397,Female,1,Yes,Y,72,Month-to-month,Bank transfer,DSL,yes,NO,N,YES,35.99,2600.3,75,North,8/18/2018,Yes
CUST-10497,Male,0,YES,No,62,MONTH-TO-MONTH,Mailed check,No,No,No,No,Y,20.84,1299.97,37,Central,3/19/2020,No
CUST-13859,Female,0,YES,N,17,Month-to-month,Mailed check,Fiber optic,N,N,N,No,98.6,1669.7,34,North,2/8/2023,No
CUST-13000,Male,0,yes,no,16,Month-to-month,Mailed check,Fiber optic,yes,Yes,yes,NO,108.76,1730.24,28,North,9/7/2018,Yes
CUST-13974,Male,0,Yes,Y,28,one year,Mailed check,Fiber optic,No,N,N,YES,77.36,2163.83,32,North,6/15/2022,No
CUST-10096,Male,0,Y,no,44,Two year,Credit card,DSL,Yes,yes,YES,yes,63.24,2776.49,24, North ,1/3/2019,No
CUST-14743,Female,0,no,no,59,Two year,Mailed check,No,No,No,No,Y,14.04,819.64,68,north,1/12/2023,Yes
CUST-11970,Female,0,NO,yes,18,two year,Credit card,No,No,No,No,Yes,19.11,333.33,31,east,4/1/2020,Yes
CUST-11860,Male,0,Y,No,50,Month-to-month,Credit card,No,No,No,No,No,13.48,677.44,18,East,5/29/2020,No
CUST-10873,Male,0,yes,yes,66,MONTH-TO-MONTH,Mailed check,DSL,Yes,no,No,N,46.6,3068.44,23,South,3/28/2020,No
CUST-13424,Male,0,N,No,42,ONE YEAR,Credit card,Fiber optic,NO,N,Y,NO,76.49,3197.45,45,East,8/31/2018,No
CUST-10608,Male,1,No,N,2,Two year,Mailed check,No,No,No,No,yes,22.65,41.21,72, North ,8/13/2023,No
CUST-14563,Male,0,no,Yes,47,One year,Bank transfer,No,No,No,No,yes,16.95,789.16,67,Central,2/12/2021,Yes
CUST-14681,Female,0,No,Y,54,MONTH-TO-MONTH,Electronic check,DSL,Yes,yes,no,Yes,63.7,3433.11,24,East,3/30/2022,Yes
CUST-15354,Female,0,YES,yes,26, Month-to-month ,Credit card,Fiber optic,N,NO,Y,YES,87.93,2284.87,33,North,9/5/2017,Yes
CUST-14169,Male,0,NO,Yes,56,Two year,Credit card,Fiber optic,NO,N,Yes,No,85.31,4785.87,37, North ,5/2/2020,No
CUST-10658,Male,0,N,NO,21,One year,Credit card,Fiber optic,N,N,N,No,74.35,1564.9,32,Central,8/7/2022,No
CUST-15521,Male,0,yes,N,72, One year ,Electronic check,No,No,No,No,N,37.45,2684.86,49,North,11/1/2020,No
CUST-10803,Male,0,N,N,70,Month-to-month,Credit card,DSL,No,Y,NO,Yes,43.61,3066.69,41,North,4/30/2022,Yes
CUST-15489,Female,0,No,Y,48,Month-to-month,Mailed check,Fiber optic,YES,YES,Yes,YES,105.21,5044.2,66,West,6/3/2020,No
CUST-15310,Male,0,No,No,3,Month-to-month,Mailed check,No,No,No,No,no,38.76,133.36,68,Central,1/31/2020,No
CUST-10746,Male,0,Y,No,11,MONTH-TO-MONTH,Credit card,DSL,NO,No,no,Yes,37,422.01,45,South,4/29/2019,No
CUST-11662,Female,1,Y,Yes,1,Month-to-month,Bank transfer,DSL,Yes,YES,Yes,Y,45.34,46.52,71,CENTRAL,12/14/2020,Yes
CUST-10799,Male,1,Yes,YES,4,Two year,Mailed check,DSL,No,Y,N,N,36.6,156.37,82,Central,3/5/2022,No
CUST-10655,Male,0,yes,NO,72,Two year,Credit card,No,No,No,No,YES,15.78,1133.39,60,Central,5/10/2022,No
CUST-12476,Female,0,Y,yes,53, One year ,Bank transfer,Fiber optic,No,yes,no,No,71.18,3765.02,56,north,3/13/2022,No
CUST-10421,Female,0,No,No,9,One year,Bank transfer,No,No,No,No,N,35.92,320.71,66,Central,7/27/2018,No
CUST-13672,Male,0,Yes,NO,12,Month-to-month,Credit card,No,No,No,No,Yes,33.37,381.15,62,West,2/3/2021,No
CUST-11178,Male,0,NO,no,63,month-to-month,Bank transfer,No,No,No,No,YES,32.12,2016.15,39,WEST,7/26/2017,Yes
CUST-10825,Male,0,NO,No,23,one year,Electronic check,DSL,N,Y,no,no,61.51,1418.29,53,Central,2/5/2019,No
CUST-15101,Female,0,Yes,YES,45,Month-to-month,Bank transfer,DSL,No,Yes,Y,NO,60.54,2744.13,50,south,2/11/2022,Yes
CUST-13827,Male,0,NO,Yes,44,Month-to-month,Mailed check,Fiber optic,No,N,yes,NO,93.35,4093.95,62,South,5/21/2022,Yes
CUST-10054,Female,1,Y,yes,39,TWO YEAR,Credit card,No,No,No,No,Y,26.16,1011.51,82,South,4/13/2018,No
CUST-11592,Male,0,Y,No,20,Month-to-month,Electronic check,DSL,NO,YES,Yes,Yes,68.72,1378.27,28,West,9/19/2020,No
CUST-14565,Male,0,No,YES,36,Two year,Bank transfer,DSL,No,NO,Y,Yes,77.11,2782.45,28,Central,3/24/2023,No
CUST-15111,Male,0,YES,No,43,ONE YEAR,Bank transfer,Fiber optic,NO,NO,Y,YES,100.58,4336.41,34,South,4/20/2017,No
CUST-13241,Female,0,Y,NO,57,One year,Electronic check,Fiber optic,Yes,No,Y,yes,106.64,6059.08,69,East,5/10/2023,No
CUST-14023,Female,0,Y,no,58,One year,Electronic check,DSL,No,no,YES,NO,79.72,4620.69,31,Central,5/15/2020,No
CUST-11015,Female,1,yes,Yes,40,One year,Mailed check,Fiber optic,Yes,No,NO,N,78.04,3115.88,74,east,3/16/2021,No
CUST-10324,Female,1,NO,N,54,One year,Mailed check,Fiber optic,NO,No,no,Y,98.05,5280.59,77,SOUTH,3/2/2017,No
CUST-15841,Female,0,Yes,no,48,Month-to-month,Bank transfer,No,No,No,No,YES,42.59,2049.52,25,North,6/14/2020,No
CUST-14638,Female,0,N,yes,38,MONTH-TO-MONTH,Bank transfer,No,No,No,No,YES,13.41,508.58,56,north,11/26/2019,No
CUST-11514,Male,1,Y,Yes,20,month-to-month,Mailed check,Fiber optic,no,NO,No,YES,92.12,1849.13,77,East,8/8/2017,No
CUST-15823,Female,0,Y,No,30,One year,Bank transfer,Fiber optic,N,no,yes,Y,75.06,2249.14,60,West,1/13/2023,No
CUST-10247,Male,0,no,no,23,One year,Electronic check,DSL,NO,NO,yes,No,48.47,1117.94,18,east,12/27/2017,No
CUST-14755,Male,0,Y,yes,45,Month-to-month,Credit card,Fiber optic,N,Yes,N,Yes,90.34,4077.24,68,West,10/2/2023,Yes
CUST-14574,Male,1,No,No,19,One year,Mailed check,DSL,No,yes,Y,YES,59.36,1121.83,85,SOUTH,7/12/2019,No
CUST-14086,Male,0,N,No,38,Two year,Electronic check,DSL,YES,Y,NO,no,67.64,2556.46,18,West,9/10/2018,No
CUST-14540,Female,0,no,Y,40,Month-to-month,Bank transfer,DSL,N,no,NO,no,66.93,2670.59,21,WEST,6/19/2020,No
CUST-12376,Male,0,Yes,NO,35,One year,Bank transfer,DSL,no,no,Y,Yes,64.7,2275.92,22,South,12/13/2022,No
CUST-12050,Male,1,N,No,66,One year,Electronic check,Fiber optic,Y,no,YES,N,107.77,7119.52,75,Central,12/26/2021,No
CUST-14988,Female,0,Y,Yes,30,Month-to-month,Electronic check,No,No,No,No,N,36.38,1096.33,150,Central,10/15/2022,No
CUST-10917,Female,0,yes,N,17,ONE YEAR,Bank transfer,DSL,YES,No,No,Y,59.59,1008.36,36,West,7/23/2017,No
CUST-10761,Female,1,Y,YES,60, Month-to-month ,Bank transfer,Fiber optic,yes,YES,Y,YES,99.58,5994,84,central,9/7/2021,No
CUST-14493,Male,0,YES,No,40, Month-to-month ,Credit card,Fiber optic,N,no,Y,no,102.07,4066.13,61,Central,10/12/2018,Yes
CUST-10025,Female,1,YES,YES,45,ONE YEAR,Bank transfer,DSL,yes,yes,Y,YES,79.32,3582.71,79,CENTRAL,5/15/2021,No
